date,city,rain_level,temperature_bin,traffic_index,event_flag
2024-01-01,Shenzhen,0.8374,mild,1.2073,0
2024-01-02,Shenzhen,0.9924,mild,1.0438,0
2024-01-03,Shenzhen,0.7787,mild,1.0189,0
2024-01-04,Shenzhen,1.0,mild,1.0653,0
2024-01-05,Shenzhen,1.0,mild,1.0536,0
2024-01-06,Shenzhen,1.0,mild,0.9573,0
2024-01-07,Shenzhen,1.0,mild,1.0189,0
2024-01-08,Shenzhen,1.0,mild,1.0257,0
2024-01-09,Shenzhen,0.923,mild,1.0698,1
2024-01-10,Shenzhen,1.0,mild,1.0736,0
2024-01-11,Shenzhen,0.9823,mild,1.0363,0
2024-01-12,Shenzhen,0.9292,mild,1.1066,0
2024-01-13,Shenzhen,0.9004,mild,0.9369,0
2024-01-14,Shenzhen,1.0,mild,0.9438,1
2024-01-15,Shenzhen,1.0,mild,1.0771,0
2024-01-16,Shenzhen,1.0,mild,1.1707,0
2024-01-17,Shenzhen,0.927,mild,1.0115,1
2024-01-18,Shenzhen,1.0,mild,1.0408,0
2024-01-19,Shenzhen,0.9442,mild,1.0275,0
2024-01-20,Shenzhen,0.8754,mild,0.9149,0
2024-01-21,Shenzhen,0.7036,mild,1.0352,0
2024-01-22,Shenzhen,1.0,mild,1.1862,0
2024-01-23,Shenzhen,1.0,mild,1.1391,0
2024-01-24,Shenzhen,1.0,mild,1.0874,0
2024-01-25,Shenzhen,0.7069,mild,1.0605,0
2024-01-26,Shenzhen,0.8508,mild,1.0889,0
2024-01-27,Shenzhen,1.0,mild,0.9521,0
2024-01-28,Shenzhen,1.0,mild,0.9461,0
2024-01-29,Shenzhen,1.0,mild,1.0395,0
2024-01-30,Shenzhen,0.7346,mild,1.1176,0
2024-01-31,Shenzhen,0.6165,mild,1.1071,0
2024-02-01,Shenzhen,0.8412,mild,1.0805,0
2024-02-02,Shenzhen,0.9028,mild,1.0599,0
2024-02-03,Shenzhen,0.4548,mild,0.9405,0
2024-02-04,Shenzhen,0.845,mild,0.8797,0
2024-02-05,Shenzhen,0.6309,mild,1.1046,0
2024-02-06,Shenzhen,0.7124,mild,1.0566,0
2024-02-07,Shenzhen,1.0,mild,1.1171,0
2024-02-08,Shenzhen,0.9705,mild,1.1031,0
2024-02-09,Shenzhen,0.7605,mild,1.1096,0
2024-02-10,Shenzhen,0.8462,mild,1.0968,0
2024-02-11,Shenzhen,1.0,mild,0.9871,0
2024-02-12,Shenzhen,0.7759,mild,1.2304,0
2024-02-13,Shenzhen,0.6808,mild,1.1713,0
2024-02-14,Shenzhen,0.9135,mild,1.2162,0
2024-02-15,Shenzhen,0.906,mild,1.0729,0
2024-02-16,Shenzhen,0.4737,mild,1.0464,0
2024-02-17,Shenzhen,1.0,mild,0.9647,0
2024-02-18,Shenzhen,0.9789,mild,0.9927,0
2024-02-19,Shenzhen,0.8746,mild,1.0355,0
2024-02-20,Shenzhen,0.8884,mild,1.11,0
2024-02-21,Shenzhen,1.0,mild,1.0403,0
2024-02-22,Shenzhen,0.9579,mild,1.0705,0
2024-02-23,Shenzhen,0.9506,hot,1.0922,0
2024-02-24,Shenzhen,0.4315,hot,1.0142,1
2024-02-25,Shenzhen,1.0,hot,0.8859,0
2024-02-26,Shenzhen,0.6351,hot,1.0876,0
2024-02-27,Shenzhen,0.5165,hot,0.9776,0
2024-02-28,Shenzhen,0.8462,hot,1.0981,0
2024-02-29,Shenzhen,0.7811,hot,1.1004,1
2024-03-01,Shenzhen,0.6219,hot,1.0628,0
2024-03-02,Shenzhen,0.6704,hot,0.9708,1
2024-03-03,Shenzhen,0.883,hot,0.8703,0
2024-03-04,Shenzhen,0.306,hot,1.0429,0
2024-03-05,Shenzhen,0.7539,hot,1.1136,0
2024-03-06,Shenzhen,0.572,hot,1.1241,0
2024-03-07,Shenzhen,0.5957,hot,1.0108,0
2024-03-08,Shenzhen,0.8395,hot,1.1388,0
2024-03-09,Shenzhen,0.4996,hot,0.969,0
2024-03-10,Shenzhen,0.8459,hot,0.9258,0
2024-03-11,Shenzhen,0.553,hot,1.0871,0
2024-03-12,Shenzhen,0.7278,hot,1.1228,0
2024-03-13,Shenzhen,0.8466,hot,1.0567,0
2024-03-14,Shenzhen,0.6227,hot,1.084,0
2024-03-15,Shenzhen,0.6505,hot,1.0764,0
2024-03-16,Shenzhen,0.6897,hot,0.949,0
2024-03-17,Shenzhen,0.3353,hot,0.8671,0
2024-03-18,Shenzhen,0.5603,hot,1.1475,0
2024-03-19,Shenzhen,0.6672,hot,1.0537,0
2024-03-20,Shenzhen,0.7077,hot,1.0564,0
2024-03-21,Shenzhen,0.5889,hot,1.1739,0
2024-03-22,Shenzhen,0.5958,hot,1.0932,0
2024-03-23,Shenzhen,0.4305,hot,0.9672,0
2024-03-24,Shenzhen,0.6725,hot,0.9766,0
2024-03-25,Shenzhen,0.5022,hot,1.0882,0
2024-03-26,Shenzhen,0.2155,hot,1.0566,0
2024-03-27,Shenzhen,0.782,hot,1.1058,0
2024-03-28,Shenzhen,0.0,hot,1.0483,0
2024-03-29,Shenzhen,0.4186,hot,1.0886,0
2024-03-30,Shenzhen,0.5287,hot,0.9466,0
2024-03-31,Shenzhen,0.6225,hot,0.9225,0
2024-04-01,Shenzhen,0.3189,hot,1.0345,0
2024-04-02,Shenzhen,0.7376,hot,1.0523,0
2024-04-03,Shenzhen,0.5228,hot,1.1326,0
2024-04-04,Shenzhen,0.387,hot,1.1881,0
2024-04-05,Shenzhen,0.3622,hot,1.2159,0
2024-04-06,Shenzhen,0.147,hot,0.917,0
2024-04-07,Shenzhen,0.3964,hot,0.9436,0
2024-04-08,Shenzhen,0.5607,hot,1.0965,0
2024-04-09,Shenzhen,0.4783,hot,1.1514,0
2024-04-10,Shenzhen,0.2808,hot,1.0287,0
2024-04-11,Shenzhen,0.3155,hot,1.0344,0
2024-04-12,Shenzhen,0.4088,hot,1.0394,0
2024-04-13,Shenzhen,0.3624,hot,0.9239,0
2024-04-14,Shenzhen,0.1221,hot,0.9473,0
2024-04-15,Shenzhen,0.4086,hot,1.0118,0
2024-04-16,Shenzhen,0.3206,hot,1.0845,0
2024-04-17,Shenzhen,0.3049,hot,1.0271,0
2024-04-18,Shenzhen,0.1378,hot,1.0365,0
2024-04-19,Shenzhen,0.1214,hot,1.08,0
2024-04-20,Shenzhen,0.257,hot,0.8839,0
2024-04-21,Shenzhen,0.2315,hot,0.9825,0
2024-04-22,Shenzhen,0.4099,hot,1.0469,0
2024-04-23,Shenzhen,0.1946,hot,1.0916,0
2024-04-24,Shenzhen,0.0,hot,1.0915,0
2024-04-25,Shenzhen,0.0371,hot,1.0879,0
2024-04-26,Shenzhen,0.414,hot,1.0797,0
2024-04-27,Shenzhen,0.1985,hot,0.9513,0
2024-04-28,Shenzhen,0.3549,hot,0.9287,0
2024-04-29,Shenzhen,0.0752,hot,0.9735,0
2024-04-30,Shenzhen,0.182,hot,0.9925,0
2024-05-01,Shenzhen,0.2133,hot,1.1255,0
2024-05-02,Shenzhen,0.0,hot,1.198,0
2024-05-03,Shenzhen,0.1721,hot,1.1643,0
2024-05-04,Shenzhen,0.0,hot,0.8808,0
2024-05-05,Shenzhen,0.551,hot,0.943,0
2024-05-06,Shenzhen,0.3171,hot,1.0828,0
2024-05-07,Shenzhen,0.4226,hot,1.057,0
2024-05-08,Shenzhen,0.035,mild,1.0563,0
2024-05-09,Shenzhen,0.0,mild,1.0893,0
2024-05-10,Shenzhen,0.3252,mild,1.0809,0
2024-05-11,Shenzhen,0.3278,mild,0.964,0
2024-05-12,Shenzhen,0.2464,mild,0.9655,0
2024-05-13,Shenzhen,0.2769,mild,1.1201,0
2024-05-14,Shenzhen,0.0679,mild,1.0526,0
2024-05-15,Shenzhen,0.4215,mild,1.0516,0
2024-05-16,Shenzhen,0.1014,mild,1.1081,0
2024-05-17,Shenzhen,0.0,mild,0.9772,0
2024-05-18,Shenzhen,0.0976,mild,0.9945,0
2024-05-19,Shenzhen,0.1177,mild,0.992,0
2024-05-20,Shenzhen,0.2228,mild,1.0611,1
2024-05-21,Shenzhen,0.243,mild,1.0286,1
2024-05-22,Shenzhen,0.0733,mild,1.0214,0
2024-05-23,Shenzhen,0.0427,mild,1.0291,0
2024-05-24,Shenzhen,0.0,mild,1.0101,0
2024-05-25,Shenzhen,0.1464,mild,0.9807,0
2024-05-26,Shenzhen,0.1711,mild,0.9523,0
2024-05-27,Shenzhen,0.1357,mild,1.0763,0
2024-05-28,Shenzhen,0.0,mild,0.9801,0
2024-05-29,Shenzhen,0.0,mild,0.9956,1
2024-05-30,Shenzhen,0.2393,mild,1.1419,0
2024-05-31,Shenzhen,0.0,mild,1.0705,0
2024-06-01,Shenzhen,0.4319,mild,1.0214,0
2024-06-02,Shenzhen,0.2129,mild,0.9756,0
2024-06-03,Shenzhen,0.1694,mild,1.0996,1
2024-06-04,Shenzhen,0.0,mild,1.0733,0
2024-06-05,Shenzhen,0.3501,mild,1.1392,0
2024-06-06,Shenzhen,0.2869,mild,1.0705,0
2024-06-07,Shenzhen,0.1118,mild,1.0724,1
2024-06-08,Shenzhen,0.0227,mild,1.0219,0
2024-06-09,Shenzhen,0.0786,mild,0.9518,0
2024-06-10,Shenzhen,0.0036,mild,1.1402,0
2024-06-11,Shenzhen,0.0983,mild,0.9985,1
2024-06-12,Shenzhen,0.2044,mild,1.1124,0
2024-06-13,Shenzhen,0.0,mild,1.0267,0
2024-06-14,Shenzhen,0.2518,mild,1.114,0
2024-06-15,Shenzhen,0.0,mild,0.9587,1
2024-06-16,Shenzhen,0.0,mild,0.9601,0
2024-06-17,Shenzhen,0.0695,mild,1.0539,0
2024-06-18,Shenzhen,0.0,mild,1.0508,0
2024-06-19,Shenzhen,0.067,mild,1.0235,0
2024-06-20,Shenzhen,0.0134,mild,1.0712,0
2024-06-21,Shenzhen,0.0,mild,1.0858,0
2024-06-22,Shenzhen,0.0,mild,0.9199,0
2024-06-23,Shenzhen,0.2611,mild,1.0235,1
2024-06-24,Shenzhen,0.346,mild,1.0714,0
2024-06-25,Shenzhen,0.0258,mild,1.0846,0
2024-06-26,Shenzhen,0.0,mild,1.1088,0
2024-06-27,Shenzhen,0.1645,mild,1.0712,0
2024-06-28,Shenzhen,0.061,mild,1.087,0
2024-06-29,Shenzhen,0.0,mild,0.8923,0
2024-06-30,Shenzhen,0.0,mild,0.9832,0
2024-07-01,Shenzhen,0.0,mild,1.0681,0
2024-07-02,Shenzhen,0.1305,mild,1.0725,0
2024-07-03,Shenzhen,0.0,mild,1.0612,0
2024-07-04,Shenzhen,0.0415,mild,1.1079,0
2024-07-05,Shenzhen,0.0,mild,1.0816,0
2024-07-06,Shenzhen,0.0,mild,0.8818,0
2024-07-07,Shenzhen,0.0,mild,0.9515,0
2024-07-08,Shenzhen,0.0,mild,1.0355,0
2024-07-09,Shenzhen,0.0755,mild,1.0741,0
2024-07-10,Shenzhen,0.0,mild,1.1524,0
2024-07-11,Shenzhen,0.0207,mild,1.027,0
2024-07-12,Shenzhen,0.1098,mild,1.0451,0
2024-07-13,Shenzhen,0.2701,mild,0.9712,0
2024-07-14,Shenzhen,0.0,mild,0.9153,0
2024-07-15,Shenzhen,0.0,mild,1.1453,0
2024-07-16,Shenzhen,0.0,mild,1.073,0
2024-07-17,Shenzhen,0.2298,mild,1.1359,0
2024-07-18,Shenzhen,0.0,mild,1.0665,0
2024-07-19,Shenzhen,0.0632,mild,1.1055,0
2024-07-20,Shenzhen,0.08,mild,0.9358,0
2024-07-21,Shenzhen,0.0997,mild,0.8041,0
2024-07-22,Shenzhen,0.1198,mild,1.0235,0
2024-07-23,Shenzhen,0.0,mild,1.1597,0
2024-07-24,Shenzhen,0.3314,mild,1.0752,0
2024-07-25,Shenzhen,0.0374,mild,1.0154,0
2024-07-26,Shenzhen,0.2138,mild,1.0714,0
2024-07-27,Shenzhen,0.0913,mild,0.9747,0
2024-07-28,Shenzhen,0.2538,mild,0.9335,0
2024-07-29,Shenzhen,0.1424,mild,1.0088,0
2024-07-30,Shenzhen,0.1305,mild,1.0953,0
2024-07-31,Shenzhen,0.0129,mild,1.0507,0
2024-08-01,Shenzhen,0.3947,mild,1.1226,0
2024-08-02,Shenzhen,0.2143,mild,1.0748,0
2024-08-03,Shenzhen,0.0702,mild,0.9208,0
2024-08-04,Shenzhen,0.0862,mild,0.9636,0
2024-08-05,Shenzhen,0.2266,mild,1.0852,0
2024-08-06,Shenzhen,0.0054,mild,1.0038,0
2024-08-07,Shenzhen,0.11,cold,1.059,0
2024-08-08,Shenzhen,0.167,cold,1.0826,0
2024-08-09,Shenzhen,0.0,cold,1.0554,0
2024-08-10,Shenzhen,0.1158,cold,0.9918,0
2024-08-11,Shenzhen,0.0322,cold,0.9694,0
2024-08-12,Shenzhen,0.3055,cold,1.0477,0
2024-08-13,Shenzhen,0.0,cold,1.109,0
2024-08-14,Shenzhen,0.0024,cold,1.0356,0
2024-08-15,Shenzhen,0.0,cold,1.0875,0
2024-08-16,Shenzhen,0.1715,cold,1.1678,0
2024-08-17,Shenzhen,0.185,cold,0.9664,0
2024-08-18,Shenzhen,0.1367,cold,1.0082,0
2024-08-19,Shenzhen,0.0548,cold,1.0676,0
2024-08-20,Shenzhen,0.4374,cold,1.0669,0
2024-08-21,Shenzhen,0.1427,cold,1.0063,0
2024-08-22,Shenzhen,0.4281,cold,1.1824,0
2024-08-23,Shenzhen,0.2413,cold,1.064,0
2024-08-24,Shenzhen,0.2242,cold,0.9337,0
2024-08-25,Shenzhen,0.3289,cold,0.9389,0
2024-08-26,Shenzhen,0.3615,cold,1.0772,0
2024-08-27,Shenzhen,0.2135,cold,1.1332,0
2024-08-28,Shenzhen,0.4564,cold,1.1152,0
2024-08-29,Shenzhen,0.3337,cold,1.0261,0
2024-08-30,Shenzhen,0.1045,cold,1.1221,0
2024-08-31,Shenzhen,0.2061,cold,0.9039,0
2024-09-01,Shenzhen,0.2767,cold,0.9953,0
2024-09-02,Shenzhen,0.0922,cold,1.088,1
2024-09-03,Shenzhen,0.1428,cold,1.0606,0
2024-09-04,Shenzhen,0.6044,cold,1.0661,0
2024-09-05,Shenzhen,0.1324,cold,1.0595,0
2024-09-06,Shenzhen,0.2715,cold,1.1215,0
2024-09-07,Shenzhen,0.2932,cold,0.9502,0
2024-09-08,Shenzhen,0.0,cold,0.9283,0
2024-09-09,Shenzhen,0.4103,cold,1.0546,0
2024-09-10,Shenzhen,0.3664,cold,1.1085,0
2024-09-11,Shenzhen,0.467,cold,1.0744,0
2024-09-12,Shenzhen,0.0,cold,1.0133,0
2024-09-13,Shenzhen,0.312,cold,1.0097,0
2024-09-14,Shenzhen,0.8084,cold,1.0221,1
2024-09-15,Shenzhen,0.309,cold,1.004,0
2024-09-16,Shenzhen,0.2031,cold,1.1666,0
2024-09-17,Shenzhen,0.4179,cold,1.1846,0
2024-09-18,Shenzhen,0.5534,cold,1.038,1
2024-09-19,Shenzhen,0.1603,cold,1.0574,0
2024-09-20,Shenzhen,0.3911,cold,1.1313,0
2024-09-21,Shenzhen,0.56,cold,1.0274,0
2024-09-22,Shenzhen,0.2667,cold,1.0094,0
2024-09-23,Shenzhen,0.3545,cold,1.0868,0
2024-09-24,Shenzhen,0.3292,cold,1.0415,0
2024-09-25,Shenzhen,0.5127,cold,1.1055,0
2024-09-26,Shenzhen,0.3393,cold,0.9639,0
2024-09-27,Shenzhen,0.0714,cold,1.0222,0
2024-09-28,Shenzhen,0.7172,cold,0.9664,0
2024-09-29,Shenzhen,0.5879,cold,0.9791,0
2024-09-30,Shenzhen,0.6041,cold,1.048,0
2024-10-01,Shenzhen,0.5263,cold,1.1831,0
2024-10-02,Shenzhen,0.6221,cold,1.1947,0
2024-10-03,Shenzhen,0.3477,cold,1.2373,0
2024-10-04,Shenzhen,0.5488,cold,1.1535,0
2024-10-05,Shenzhen,0.2644,cold,1.0887,0
2024-10-06,Shenzhen,0.608,cold,1.021,0
2024-10-07,Shenzhen,0.5553,cold,1.2396,0
2024-10-08,Shenzhen,0.5883,cold,1.1018,0
2024-10-09,Shenzhen,0.5585,cold,1.0366,0
2024-10-10,Shenzhen,0.6946,cold,1.1315,0
2024-10-11,Shenzhen,0.6634,cold,1.0451,1
2024-10-12,Shenzhen,0.4967,cold,1.0148,1
2024-10-13,Shenzhen,0.8279,cold,0.8632,0
2024-10-14,Shenzhen,0.6323,cold,1.08,0
2024-10-15,Shenzhen,0.9904,cold,1.103,0
2024-10-16,Shenzhen,0.567,cold,0.9848,0
2024-10-17,Shenzhen,0.3627,cold,1.0435,0
2024-10-18,Shenzhen,0.6641,cold,0.9866,0
2024-10-19,Shenzhen,0.6175,cold,0.8508,0
2024-10-20,Shenzhen,0.1707,cold,0.9361,0
2024-10-21,Shenzhen,0.5573,cold,1.0862,0
2024-10-22,Shenzhen,0.6503,cold,1.085,0
2024-10-23,Shenzhen,0.5579,cold,1.0476,0
2024-10-24,Shenzhen,0.7439,cold,1.1087,0
2024-10-25,Shenzhen,0.6883,cold,1.0997,0
2024-10-26,Shenzhen,0.8761,cold,0.9608,0
2024-10-27,Shenzhen,0.8104,cold,0.9763,0
2024-10-28,Shenzhen,0.5901,cold,1.0871,0
2024-10-29,Shenzhen,0.5554,cold,1.1624,0
2024-10-30,Shenzhen,0.9136,cold,1.0656,0
2024-10-31,Shenzhen,0.5236,cold,1.0841,0
2024-11-01,Shenzhen,0.6958,cold,1.0497,0
2024-11-02,Shenzhen,0.7028,cold,0.9867,0
2024-11-03,Shenzhen,0.7097,cold,0.9651,0
2024-11-04,Shenzhen,1.0,cold,1.1084,0
2024-11-05,Shenzhen,0.865,cold,1.0058,0
2024-11-06,Shenzhen,0.8992,cold,1.0771,0
2024-11-07,Shenzhen,1.0,cold,0.9553,0
2024-11-08,Shenzhen,0.4973,cold,1.0738,0
2024-11-09,Shenzhen,0.8799,cold,0.9134,0
2024-11-10,Shenzhen,0.7283,cold,0.9685,0
2024-11-11,Shenzhen,0.9409,cold,1.0627,0
2024-11-12,Shenzhen,1.0,cold,1.057,0
2024-11-13,Shenzhen,0.7406,cold,1.0978,0
2024-11-14,Shenzhen,0.8497,cold,1.0905,0
2024-11-15,Shenzhen,0.5751,cold,1.1204,0
2024-11-16,Shenzhen,1.0,cold,0.9898,0
2024-11-17,Shenzhen,0.8301,cold,0.9416,0
2024-11-18,Shenzhen,0.9075,cold,1.0335,0
2024-11-19,Shenzhen,0.9984,cold,1.0998,0
2024-11-20,Shenzhen,0.7298,cold,1.0046,0
2024-11-21,Shenzhen,0.8123,cold,0.9518,0
2024-11-22,Shenzhen,0.7772,cold,1.0844,0
2024-11-23,Shenzhen,0.876,mild,0.9616,0
2024-11-24,Shenzhen,0.8518,mild,0.9263,0
2024-11-25,Shenzhen,0.893,mild,1.0542,0
2024-11-26,Shenzhen,1.0,mild,1.0736,0
2024-11-27,Shenzhen,1.0,mild,1.041,0
2024-11-28,Shenzhen,1.0,mild,1.0716,0
2024-11-29,Shenzhen,0.6736,mild,0.9993,0
2024-11-30,Shenzhen,0.9324,mild,0.8596,0
2024-12-01,Shenzhen,1.0,mild,0.8917,0
2024-12-02,Shenzhen,1.0,mild,1.0925,0
2024-12-03,Shenzhen,1.0,mild,1.0376,0
2024-12-04,Shenzhen,1.0,mild,1.0771,0
2024-12-05,Shenzhen,0.8424,mild,1.0271,0
2024-12-06,Shenzhen,1.0,mild,1.024,0
2024-12-07,Shenzhen,0.8594,mild,0.925,0
2024-12-08,Shenzhen,0.9265,mild,0.9699,0
2024-12-09,Shenzhen,1.0,mild,1.0753,0
2024-12-10,Shenzhen,1.0,mild,0.9901,0
2024-12-11,Shenzhen,0.8448,mild,1.1225,0
2024-12-12,Shenzhen,0.7479,mild,0.96,0
2024-12-13,Shenzhen,0.9023,mild,1.1132,1
2024-12-14,Shenzhen,0.5969,mild,0.9747,0
2024-12-15,Shenzhen,1.0,mild,0.9034,0
2024-12-16,Shenzhen,1.0,mild,1.0025,0
2024-12-17,Shenzhen,0.9406,mild,1.1036,0
2024-12-18,Shenzhen,1.0,mild,1.0605,0
2024-12-19,Shenzhen,1.0,mild,1.0858,0
2024-12-20,Shenzhen,0.8879,mild,1.0554,0
2024-12-21,Shenzhen,0.8629,mild,0.9809,0
2024-12-22,Shenzhen,0.9247,mild,0.9556,0
2024-12-23,Shenzhen,0.8271,mild,1.0446,0
2024-12-24,Shenzhen,1.0,mild,1.0065,0
2024-12-25,Shenzhen,1.0,mild,1.0695,0
2024-12-26,Shenzhen,1.0,mild,1.1112,0
2024-12-27,Shenzhen,1.0,mild,1.0639,0
2024-12-28,Shenzhen,0.9782,mild,0.8852,0
2024-12-29,Shenzhen,0.8226,mild,0.9318,0
2024-12-30,Shenzhen,0.9687,mild,1.0408,0
2024-12-31,Shenzhen,1.0,mild,1.0795,0
2025-01-01,Shenzhen,0.99,mild,1.2153,0
2025-01-02,Shenzhen,0.9435,mild,1.1243,0
2025-01-03,Shenzhen,0.9602,mild,1.0546,0
2025-01-04,Shenzhen,0.9912,mild,0.9531,0
2025-01-05,Shenzhen,1.0,mild,0.8789,0
2025-01-06,Shenzhen,1.0,mild,1.0719,0
2025-01-07,Shenzhen,1.0,mild,1.1153,0
2025-01-08,Shenzhen,1.0,mild,1.1131,0
2025-01-09,Shenzhen,1.0,mild,1.0693,0
2025-01-10,Shenzhen,0.6749,mild,1.109,0
2025-01-11,Shenzhen,0.7263,mild,0.9701,0
2025-01-12,Shenzhen,1.0,mild,0.8903,0
2025-01-13,Shenzhen,1.0,mild,1.0629,0
2025-01-14,Shenzhen,1.0,mild,1.0915,0
2025-01-15,Shenzhen,0.7013,mild,1.0855,0
2025-01-16,Shenzhen,1.0,mild,1.1655,0
2025-01-17,Shenzhen,1.0,mild,1.1177,0
2025-01-18,Shenzhen,0.9765,mild,0.9613,0
2025-01-19,Shenzhen,0.6858,mild,0.9554,0
2025-01-20,Shenzhen,0.6799,mild,1.1095,0
2025-01-21,Shenzhen,0.9172,mild,1.01,0
2025-01-22,Shenzhen,1.0,mild,1.0444,0
2025-01-23,Shenzhen,1.0,mild,1.0643,0
2025-01-24,Shenzhen,0.6749,mild,1.0147,0
2025-01-25,Shenzhen,0.7296,mild,0.9664,0
2025-01-26,Shenzhen,0.638,mild,0.9581,0
2025-01-27,Shenzhen,0.9724,mild,0.977,0
2024-01-01,Guangzhou,0.907,mild,1.1804,0
2024-01-02,Guangzhou,0.9572,mild,1.0468,0
2024-01-03,Guangzhou,1.0,mild,1.0655,0
2024-01-04,Guangzhou,1.0,mild,1.0467,0
2024-01-05,Guangzhou,1.0,mild,1.0165,0
2024-01-06,Guangzhou,0.7261,mild,0.9235,0
2024-01-07,Guangzhou,1.0,mild,0.9539,0
2024-01-08,Guangzhou,0.8771,mild,1.0729,0
2024-01-09,Guangzhou,0.9531,mild,1.0688,0
2024-01-10,Guangzhou,0.7069,mild,1.0493,0
2024-01-11,Guangzhou,0.717,mild,1.0624,0
2024-01-12,Guangzhou,0.98,mild,1.0545,0
2024-01-13,Guangzhou,1.0,mild,0.8975,0
2024-01-14,Guangzhou,0.8135,mild,0.9269,0
2024-01-15,Guangzhou,0.8607,mild,1.1057,0
2024-01-16,Guangzhou,0.834,mild,1.0437,0
2024-01-17,Guangzhou,1.0,mild,1.0952,0
2024-01-18,Guangzhou,1.0,mild,1.0288,0
2024-01-19,Guangzhou,0.7213,mild,1.0389,0
2024-01-20,Guangzhou,0.7384,mild,0.9079,0
2024-01-21,Guangzhou,0.7052,mild,0.9837,0
2024-01-22,Guangzhou,1.0,mild,1.0519,0
2024-01-23,Guangzhou,0.6817,mild,1.1382,0
2024-01-24,Guangzhou,0.9634,mild,1.0161,0
2024-01-25,Guangzhou,0.7031,mild,1.1285,0
2024-01-26,Guangzhou,0.9171,mild,0.9725,0
2024-01-27,Guangzhou,1.0,mild,0.9985,0
2024-01-28,Guangzhou,0.6027,mild,0.9621,0
2024-01-29,Guangzhou,0.5853,mild,1.0697,0
2024-01-30,Guangzhou,0.8241,mild,0.9959,0
2024-01-31,Guangzhou,0.8137,mild,1.0641,0
2024-02-01,Guangzhou,0.7871,hot,1.0684,0
2024-02-02,Guangzhou,0.8061,hot,1.0536,0
2024-02-03,Guangzhou,0.5091,hot,0.9691,0
2024-02-04,Guangzhou,0.8559,hot,0.9884,0
2024-02-05,Guangzhou,0.4873,hot,1.081,0
2024-02-06,Guangzhou,0.8669,hot,1.0515,0
2024-02-07,Guangzhou,0.9977,hot,1.0894,0
2024-02-08,Guangzhou,0.4439,hot,1.1008,0
2024-02-09,Guangzhou,0.9327,hot,1.0348,0
2024-02-10,Guangzhou,0.9649,hot,1.1124,0
2024-02-11,Guangzhou,0.7624,hot,1.0799,0
2024-02-12,Guangzhou,0.5952,hot,1.1866,0
2024-02-13,Guangzhou,0.8051,hot,1.1788,0
2024-02-14,Guangzhou,1.0,hot,1.134,0
2024-02-15,Guangzhou,0.7771,hot,1.1052,0
2024-02-16,Guangzhou,0.532,hot,0.9885,0
2024-02-17,Guangzhou,0.5593,hot,0.9346,0
2024-02-18,Guangzhou,0.6377,hot,0.9593,0
2024-02-19,Guangzhou,0.8667,hot,1.089,0
2024-02-20,Guangzhou,0.7078,hot,1.1117,0
2024-02-21,Guangzhou,0.4791,hot,1.0962,0
2024-02-22,Guangzhou,0.9772,hot,1.111,0
2024-02-23,Guangzhou,0.7435,hot,1.0616,0
2024-02-24,Guangzhou,0.6406,hot,0.9594,0
2024-02-25,Guangzhou,0.5984,hot,0.9254,0
2024-02-26,Guangzhou,0.5,hot,0.9969,0
2024-02-27,Guangzhou,1.0,hot,1.127,0
2024-02-28,Guangzhou,0.8061,hot,1.1269,0
2024-02-29,Guangzhou,0.6858,hot,0.9897,0
2024-03-01,Guangzhou,0.4679,hot,1.078,0
2024-03-02,Guangzhou,0.7489,hot,0.991,0
2024-03-03,Guangzhou,0.4383,hot,0.8638,0
2024-03-04,Guangzhou,0.53,hot,1.008,0
2024-03-05,Guangzhou,0.5454,hot,1.027,0
2024-03-06,Guangzhou,0.8109,hot,1.0941,1
2024-03-07,Guangzhou,0.7211,hot,1.0236,1
2024-03-08,Guangzhou,0.6278,hot,1.0512,0
2024-03-09,Guangzhou,0.4523,hot,0.9704,0
2024-03-10,Guangzhou,0.0592,hot,0.9976,0
2024-03-11,Guangzhou,0.4649,hot,1.111,0
2024-03-12,Guangzhou,0.3034,hot,1.0263,0
2024-03-13,Guangzhou,0.2129,hot,1.1152,0
2024-03-14,Guangzhou,0.3356,hot,1.0467,0
2024-03-15,Guangzhou,0.6976,hot,1.0993,0
2024-03-16,Guangzhou,0.4604,hot,0.9155,0
2024-03-17,Guangzhou,0.2814,hot,1.0142,0
2024-03-18,Guangzhou,0.3067,hot,1.0429,0
2024-03-19,Guangzhou,0.2778,hot,1.0738,0
2024-03-20,Guangzhou,0.1062,hot,1.0548,0
2024-03-21,Guangzhou,0.3547,hot,1.0336,0
2024-03-22,Guangzhou,0.8416,hot,1.0723,0
2024-03-23,Guangzhou,0.1531,hot,0.9238,0
2024-03-24,Guangzhou,0.2798,hot,0.9863,0
2024-03-25,Guangzhou,0.4041,hot,1.0466,0
2024-03-26,Guangzhou,0.3318,hot,1.0592,0
2024-03-27,Guangzhou,0.3064,hot,1.0894,0
2024-03-28,Guangzhou,0.4141,hot,1.0528,0
2024-03-29,Guangzhou,0.3791,hot,1.0577,0
2024-03-30,Guangzhou,0.7184,hot,0.8964,0
2024-03-31,Guangzhou,0.0638,hot,0.9587,0
2024-04-01,Guangzhou,0.4841,hot,1.0768,0
2024-04-02,Guangzhou,0.3933,hot,1.0599,0
2024-04-03,Guangzhou,0.3272,hot,1.0779,0
2024-04-04,Guangzhou,0.2259,hot,1.1156,0
2024-04-05,Guangzhou,0.4609,hot,1.1793,0
2024-04-06,Guangzhou,0.3703,hot,0.9657,0
2024-04-07,Guangzhou,0.3298,hot,0.9288,0
2024-04-08,Guangzhou,0.2567,hot,1.0434,0
2024-04-09,Guangzhou,0.3753,hot,1.0138,0
2024-04-10,Guangzhou,0.3049,hot,1.0256,0
2024-04-11,Guangzhou,0.4265,hot,1.0194,0
2024-04-12,Guangzhou,0.4245,hot,1.0696,0
2024-04-13,Guangzhou,0.3267,hot,0.9489,0
2024-04-14,Guangzhou,0.3949,hot,0.9691,0
2024-04-15,Guangzhou,0.1402,mild,1.0752,0
2024-04-16,Guangzhou,0.0347,mild,1.0111,0
2024-04-17,Guangzhou,0.0,mild,1.0782,0
2024-04-18,Guangzhou,0.4949,mild,1.0503,0
2024-04-19,Guangzhou,0.1805,mild,1.0745,0
2024-04-20,Guangzhou,0.1612,mild,0.9899,0
2024-04-21,Guangzhou,0.2902,mild,0.9869,0
2024-04-22,Guangzhou,0.5748,mild,1.0395,0
2024-04-23,Guangzhou,0.0437,mild,1.0964,0
2024-04-24,Guangzhou,0.2339,mild,1.0251,0
2024-04-25,Guangzhou,0.0,mild,1.1164,0
2024-04-26,Guangzhou,0.2675,mild,1.0933,0
2024-04-27,Guangzhou,0.0,mild,0.9259,0
2024-04-28,Guangzhou,0.0,mild,1.0189,0
2024-04-29,Guangzhou,0.2496,mild,1.0576,0
2024-04-30,Guangzhou,0.3483,mild,1.0687,0
2024-05-01,Guangzhou,0.1329,mild,1.1563,0
2024-05-02,Guangzhou,0.0,mild,1.1595,0
2024-05-03,Guangzhou,0.0522,mild,1.1186,0
2024-05-04,Guangzhou,0.159,mild,0.8638,0
2024-05-05,Guangzhou,0.2165,mild,0.9655,0
2024-05-06,Guangzhou,0.1658,mild,1.1109,0
2024-05-07,Guangzhou,0.1142,mild,1.0513,0
2024-05-08,Guangzhou,0.2098,mild,1.0778,0
2024-05-09,Guangzhou,0.1437,mild,1.1028,0
2024-05-10,Guangzhou,0.2557,mild,1.1048,0
2024-05-11,Guangzhou,0.0,mild,1.0117,0
2024-05-12,Guangzhou,0.0,mild,0.9214,0
2024-05-13,Guangzhou,0.0482,mild,1.0495,0
2024-05-14,Guangzhou,0.0,mild,1.0381,0
2024-05-15,Guangzhou,0.1588,mild,1.0899,0
2024-05-16,Guangzhou,0.1194,mild,1.0896,0
2024-05-17,Guangzhou,0.0902,mild,1.0743,0
2024-05-18,Guangzhou,0.2134,mild,0.9722,0
2024-05-19,Guangzhou,0.0,mild,0.9527,0
2024-05-20,Guangzhou,0.1004,mild,1.1583,0
2024-05-21,Guangzhou,0.1374,mild,1.1127,0
2024-05-22,Guangzhou,0.4782,mild,1.0549,0
2024-05-23,Guangzhou,0.0,mild,1.0559,0
2024-05-24,Guangzhou,0.2019,mild,1.0828,0
2024-05-25,Guangzhou,0.0288,mild,0.9367,0
2024-05-26,Guangzhou,0.1134,mild,0.9212,0
2024-05-27,Guangzhou,0.0,mild,1.1075,0
2024-05-28,Guangzhou,0.0587,mild,1.0675,0
2024-05-29,Guangzhou,0.0,mild,1.027,0
2024-05-30,Guangzhou,0.1378,mild,1.0833,0
2024-05-31,Guangzhou,0.1487,mild,1.0402,0
2024-06-01,Guangzhou,0.0,mild,1.002,0
2024-06-02,Guangzhou,0.1304,mild,0.9999,0
2024-06-03,Guangzhou,0.0,mild,1.0405,0
2024-06-04,Guangzhou,0.0,mild,1.0269,0
2024-06-05,Guangzhou,0.0,mild,1.0834,0
2024-06-06,Guangzhou,0.0992,mild,1.0903,0
2024-06-07,Guangzhou,0.0,mild,1.1548,0
2024-06-08,Guangzhou,0.0,mild,0.9099,0
2024-06-09,Guangzhou,0.0106,mild,0.9451,0
2024-06-10,Guangzhou,0.3681,mild,1.192,0
2024-06-11,Guangzhou,0.0,mild,1.03,0
2024-06-12,Guangzhou,0.0349,mild,0.9957,0
2024-06-13,Guangzhou,0.0053,mild,1.0614,0
2024-06-14,Guangzhou,0.0,mild,1.0629,0
2024-06-15,Guangzhou,0.1101,mild,0.9932,0
2024-06-16,Guangzhou,0.0,mild,0.9675,0
2024-06-17,Guangzhou,0.0,mild,1.1016,0
2024-06-18,Guangzhou,0.2326,mild,1.1411,0
2024-06-19,Guangzhou,0.0025,mild,1.0705,0
2024-06-20,Guangzhou,0.0,mild,1.0106,0
2024-06-21,Guangzhou,0.0,mild,1.0734,0
2024-06-22,Guangzhou,0.0,mild,0.9594,0
2024-06-23,Guangzhou,0.1054,mild,1.0374,0
2024-06-24,Guangzhou,0.0891,mild,1.0269,0
2024-06-25,Guangzhou,0.2875,mild,1.0331,0
2024-06-26,Guangzhou,0.0,mild,1.0664,0
2024-06-27,Guangzhou,0.0,mild,1.1192,0
2024-06-28,Guangzhou,0.0,mild,1.1077,0
2024-06-29,Guangzhou,0.0,mild,0.8867,0
2024-06-30,Guangzhou,0.0,mild,0.9966,0
2024-07-01,Guangzhou,0.0,mild,1.097,0
2024-07-02,Guangzhou,0.1984,mild,1.0227,0
2024-07-03,Guangzhou,0.0587,mild,1.1134,0
2024-07-04,Guangzhou,0.0,mild,1.0386,0
2024-07-05,Guangzhou,0.0,mild,1.0891,0
2024-07-06,Guangzhou,0.1305,mild,0.9414,0
2024-07-07,Guangzhou,0.0,mild,0.9667,0
2024-07-08,Guangzhou,0.1399,mild,1.1063,0
2024-07-09,Guangzhou,0.0,mild,1.0189,0
2024-07-10,Guangzhou,0.0,mild,0.9906,0
2024-07-11,Guangzhou,0.0375,mild,1.1142,0
2024-07-12,Guangzhou,0.1209,mild,1.0845,0
2024-07-13,Guangzhou,0.4517,mild,0.9888,0
2024-07-14,Guangzhou,0.1257,mild,0.9957,0
2024-07-15,Guangzhou,0.0,mild,1.1166,0
2024-07-16,Guangzhou,0.5157,cold,1.04,0
2024-07-17,Guangzhou,0.0015,cold,1.0504,0
2024-07-18,Guangzhou,0.0,cold,1.0526,0
2024-07-19,Guangzhou,0.0,cold,1.1474,0
2024-07-20,Guangzhou,0.3015,cold,0.9605,0
2024-07-21,Guangzhou,0.1238,cold,1.0048,0
2024-07-22,Guangzhou,0.1674,cold,1.0847,0
2024-07-23,Guangzhou,0.1557,cold,1.1594,0
2024-07-24,Guangzhou,0.1631,cold,1.1203,0
2024-07-25,Guangzhou,0.0946,cold,0.9747,0
2024-07-26,Guangzhou,0.0,cold,1.1288,0
2024-07-27,Guangzhou,0.2827,cold,0.9139,0
2024-07-28,Guangzhou,0.1549,cold,0.9487,0
2024-07-29,Guangzhou,0.1286,cold,1.1807,0
2024-07-30,Guangzhou,0.3078,cold,1.1038,0
2024-07-31,Guangzhou,0.0903,cold,0.9878,1
2024-08-01,Guangzhou,0.2764,cold,1.0312,0
2024-08-02,Guangzhou,0.0116,cold,1.1301,0
2024-08-03,Guangzhou,0.2594,cold,0.9749,0
2024-08-04,Guangzhou,0.1837,cold,0.9026,0
2024-08-05,Guangzhou,0.1813,cold,1.083,0
2024-08-06,Guangzhou,0.4434,cold,1.1328,0
2024-08-07,Guangzhou,0.1036,cold,1.0892,0
2024-08-08,Guangzhou,0.4399,cold,1.1148,0
2024-08-09,Guangzhou,0.021,cold,1.1016,0
2024-08-10,Guangzhou,0.1437,cold,0.9454,0
2024-08-11,Guangzhou,0.1296,cold,0.8524,0
2024-08-12,Guangzhou,0.0744,cold,1.0717,0
2024-08-13,Guangzhou,0.1579,cold,1.1016,0
2024-08-14,Guangzhou,0.1212,cold,1.0974,0
2024-08-15,Guangzhou,0.0,cold,1.0967,0
2024-08-16,Guangzhou,0.2204,cold,0.9916,0
2024-08-17,Guangzhou,0.0,cold,0.9624,0
2024-08-18,Guangzhou,0.0344,cold,0.9323,0
2024-08-19,Guangzhou,0.1346,cold,1.0935,0
2024-08-20,Guangzhou,0.4345,cold,1.0812,0
2024-08-21,Guangzhou,0.1097,cold,1.0041,0
2024-08-22,Guangzhou,0.2094,cold,0.9751,0
2024-08-23,Guangzhou,0.1188,cold,1.133,0
2024-08-24,Guangzhou,0.0293,cold,0.9944,0
2024-08-25,Guangzhou,0.1625,cold,0.9247,0
2024-08-26,Guangzhou,0.0,cold,0.9956,0
2024-08-27,Guangzhou,0.5914,cold,1.0526,0
2024-08-28,Guangzhou,0.5245,cold,1.1543,0
2024-08-29,Guangzhou,0.3254,cold,1.1429,0
2024-08-30,Guangzhou,0.5215,cold,1.0293,0
2024-08-31,Guangzhou,0.3011,cold,0.9117,0
2024-09-01,Guangzhou,0.0513,cold,0.9107,0
2024-09-02,Guangzhou,0.5404,cold,1.0648,0
2024-09-03,Guangzhou,0.4723,cold,1.0311,0
2024-09-04,Guangzhou,0.5253,cold,1.1741,0
2024-09-05,Guangzhou,0.3037,cold,1.1008,0
2024-09-06,Guangzhou,0.2982,cold,1.0539,0
2024-09-07,Guangzhou,0.254,cold,0.9336,0
2024-09-08,Guangzhou,0.5907,cold,0.9258,0
2024-09-09,Guangzhou,0.0749,cold,1.0196,0
2024-09-10,Guangzhou,0.4006,cold,1.0224,0
2024-09-11,Guangzhou,0.2976,cold,1.0524,0
2024-09-12,Guangzhou,0.5647,cold,1.0706,0
2024-09-13,Guangzhou,0.3761,cold,1.0831,0
2024-09-14,Guangzhou,0.2993,cold,0.9515,0
2024-09-15,Guangzhou,0.5093,cold,1.0805,1
2024-09-16,Guangzhou,0.8068,cold,1.1348,0
2024-09-17,Guangzhou,0.482,cold,1.166,0
2024-09-18,Guangzhou,0.5163,cold,1.1039,0
2024-09-19,Guangzhou,0.5052,cold,1.1026,0
2024-09-20,Guangzhou,0.6521,cold,1.0395,0
2024-09-21,Guangzhou,0.9208,cold,0.9451,0
2024-09-22,Guangzhou,0.4328,cold,0.9993,1
2024-09-23,Guangzhou,0.5848,cold,1.1103,0
2024-09-24,Guangzhou,0.7678,cold,1.1068,0
2024-09-25,Guangzhou,0.6217,cold,1.1062,0
2024-09-26,Guangzhou,0.4574,cold,1.1383,0
2024-09-27,Guangzhou,0.7191,cold,1.0749,0
2024-09-28,Guangzhou,0.5847,cold,1.0074,0
2024-09-29,Guangzhou,0.2831,cold,0.9414,0
2024-09-30,Guangzhou,0.5612,cold,0.998,0
2024-10-01,Guangzhou,0.7309,cold,1.1672,0
2024-10-02,Guangzhou,0.8113,cold,1.1483,0
2024-10-03,Guangzhou,0.7224,cold,1.1798,0
2024-10-04,Guangzhou,0.6016,cold,1.2118,0
2024-10-05,Guangzhou,0.3495,cold,1.0746,0
2024-10-06,Guangzhou,0.7361,cold,1.0663,0
2024-10-07,Guangzhou,0.7996,cold,1.1682,0
2024-10-08,Guangzhou,0.6098,cold,1.1508,0
2024-10-09,Guangzhou,0.764,cold,1.0028,0
2024-10-10,Guangzhou,0.6041,cold,0.9866,0
2024-10-11,Guangzhou,0.6217,cold,0.986,0
2024-10-12,Guangzhou,0.9563,cold,1.0096,0
2024-10-13,Guangzhou,0.7142,cold,1.0031,0
2024-10-14,Guangzhou,0.9178,cold,1.0323,0
2024-10-15,Guangzhou,0.8006,cold,0.9976,0
2024-10-16,Guangzhou,1.0,cold,1.0956,0
2024-10-17,Guangzhou,0.7697,cold,1.0671,0
2024-10-18,Guangzhou,0.5975,cold,1.0314,0
2024-10-19,Guangzhou,0.9988,cold,0.9104,0
2024-10-20,Guangzhou,0.7435,cold,0.9636,0
2024-10-21,Guangzhou,0.9455,cold,1.0733,0
2024-10-22,Guangzhou,0.8294,cold,1.095,0
2024-10-23,Guangzhou,1.0,cold,1.0888,0
2024-10-24,Guangzhou,0.4985,cold,1.0371,0
2024-10-25,Guangzhou,0.8466,cold,0.9934,0
2024-10-26,Guangzhou,0.704,cold,1.0065,0
2024-10-27,Guangzhou,0.8455,cold,0.9972,0
2024-10-28,Guangzhou,0.6367,cold,1.0621,0
2024-10-29,Guangzhou,0.5825,cold,1.0033,0
2024-10-30,Guangzhou,0.7201,cold,1.0543,0
2024-10-31,Guangzhou,0.7128,mild,1.0697,0
2024-11-01,Guangzhou,0.7025,mild,1.1363,0
2024-11-02,Guangzhou,0.7247,mild,1.0115,0
2024-11-03,Guangzhou,0.7544,mild,0.9438,0
2024-11-04,Guangzhou,1.0,mild,1.0373,0
2024-11-05,Guangzhou,0.8819,mild,1.0306,0
2024-11-06,Guangzhou,0.8725,mild,1.1156,0
2024-11-07,Guangzhou,1.0,mild,1.1183,0
2024-11-08,Guangzhou,0.8443,mild,1.0966,0
2024-11-09,Guangzhou,0.9942,mild,0.9465,0
2024-11-10,Guangzhou,0.7214,mild,1.0079,0
2024-11-11,Guangzhou,1.0,mild,1.0495,0
2024-11-12,Guangzhou,1.0,mild,1.0277,0
2024-11-13,Guangzhou,0.9383,mild,1.1215,0
2024-11-14,Guangzhou,0.9102,mild,1.0466,1
2024-11-15,Guangzhou,0.7476,mild,1.0628,0
2024-11-16,Guangzhou,0.7418,mild,0.922,0
2024-11-17,Guangzhou,0.6707,mild,0.9331,0
2024-11-18,Guangzhou,0.8603,mild,1.0591,1
2024-11-19,Guangzhou,0.8185,mild,1.0976,0
2024-11-20,Guangzhou,0.8571,mild,1.0894,0
2024-11-21,Guangzhou,1.0,mild,1.1326,0
2024-11-22,Guangzhou,0.6293,mild,1.0882,0
2024-11-23,Guangzhou,0.9124,mild,0.9898,0
2024-11-24,Guangzhou,0.6885,mild,0.9556,0
2024-11-25,Guangzhou,0.9162,mild,1.1215,0
2024-11-26,Guangzhou,0.7323,mild,1.0287,0
2024-11-27,Guangzhou,0.9,mild,1.126,0
2024-11-28,Guangzhou,1.0,mild,1.0758,0
2024-11-29,Guangzhou,0.8167,mild,1.1043,0
2024-11-30,Guangzhou,1.0,mild,0.9974,0
2024-12-01,Guangzhou,0.9455,mild,0.966,0
2024-12-02,Guangzhou,1.0,mild,1.0655,0
2024-12-03,Guangzhou,1.0,mild,1.067,0
2024-12-04,Guangzhou,0.9589,mild,1.0727,0
2024-12-05,Guangzhou,1.0,mild,1.1116,0
2024-12-06,Guangzhou,1.0,mild,1.1216,0
2024-12-07,Guangzhou,1.0,mild,0.9266,0
2024-12-08,Guangzhou,0.8288,mild,0.9432,0
2024-12-09,Guangzhou,0.7656,mild,1.0232,0
2024-12-10,Guangzhou,1.0,mild,1.0515,0
2024-12-11,Guangzhou,0.9232,mild,1.0322,0
2024-12-12,Guangzhou,1.0,mild,1.1257,0
2024-12-13,Guangzhou,1.0,mild,1.0367,0
2024-12-14,Guangzhou,1.0,mild,0.9964,0
2024-12-15,Guangzhou,0.9145,mild,0.9433,0
2024-12-16,Guangzhou,0.8101,mild,1.0857,1
2024-12-17,Guangzhou,0.7084,mild,1.0746,0
2024-12-18,Guangzhou,0.7844,mild,1.0956,0
2024-12-19,Guangzhou,1.0,mild,1.1049,0
2024-12-20,Guangzhou,0.7088,mild,1.0487,0
2024-12-21,Guangzhou,0.902,mild,0.9222,0
2024-12-22,Guangzhou,1.0,mild,0.983,0
2024-12-23,Guangzhou,1.0,mild,1.0931,0
2024-12-24,Guangzhou,0.9684,mild,1.0529,0
2024-12-25,Guangzhou,1.0,mild,1.0514,0
2024-12-26,Guangzhou,0.814,mild,1.1302,0
2024-12-27,Guangzhou,1.0,mild,1.1126,0
2024-12-28,Guangzhou,1.0,mild,0.9504,0
2024-12-29,Guangzhou,0.8882,mild,0.932,0
2024-12-30,Guangzhou,0.9709,mild,1.0386,0
2024-12-31,Guangzhou,1.0,mild,1.097,0
2025-01-01,Guangzhou,0.9423,mild,1.1929,0
2025-01-02,Guangzhou,0.94,mild,1.1088,0
2025-01-03,Guangzhou,0.808,mild,1.0358,0
2025-01-04,Guangzhou,1.0,mild,0.8734,1
2025-01-05,Guangzhou,0.7325,mild,0.9246,0
2025-01-06,Guangzhou,0.902,mild,1.0486,1
2025-01-07,Guangzhou,0.8788,mild,1.0115,0
2025-01-08,Guangzhou,1.0,mild,1.1037,0
2025-01-09,Guangzhou,1.0,mild,1.097,0
2025-01-10,Guangzhou,0.9681,mild,1.0653,0
2025-01-11,Guangzhou,1.0,mild,0.8834,0
2025-01-12,Guangzhou,0.7952,mild,0.9892,0
2025-01-13,Guangzhou,0.7773,mild,1.0897,0
2025-01-14,Guangzhou,1.0,mild,1.0792,0
2025-01-15,Guangzhou,0.9628,mild,1.0633,0
2025-01-16,Guangzhou,1.0,mild,1.0993,0
2025-01-17,Guangzhou,0.7533,mild,1.0473,0
2025-01-18,Guangzhou,1.0,mild,0.989,0
2025-01-19,Guangzhou,1.0,mild,1.0047,0
2025-01-20,Guangzhou,0.7808,mild,1.133,1
2025-01-21,Guangzhou,0.9469,mild,1.0564,0
2025-01-22,Guangzhou,0.6552,mild,1.0953,0
2025-01-23,Guangzhou,1.0,mild,1.0266,0
2025-01-24,Guangzhou,1.0,mild,1.1312,0
2025-01-25,Guangzhou,1.0,mild,0.8763,0
2025-01-26,Guangzhou,0.7066,mild,0.8742,1
2025-01-27,Guangzhou,0.4909,mild,1.0171,0
2024-01-01,Shanghai,0.8089,mild,1.1859,0
2024-01-02,Shanghai,1.0,mild,1.1156,0
2024-01-03,Shanghai,1.0,mild,1.0757,0
2024-01-04,Shanghai,0.8005,mild,1.0869,1
2024-01-05,Shanghai,0.8244,mild,1.0435,0
2024-01-06,Shanghai,0.9539,mild,0.9155,0
2024-01-07,Shanghai,0.6824,mild,0.9908,0
2024-01-08,Shanghai,0.9387,mild,1.1157,0
2024-01-09,Shanghai,1.0,hot,1.0506,0
2024-01-10,Shanghai,0.52,hot,1.0843,0
2024-01-11,Shanghai,1.0,hot,1.0292,0
2024-01-12,Shanghai,0.9532,hot,1.0191,0
2024-01-13,Shanghai,1.0,hot,0.982,0
2024-01-14,Shanghai,0.8468,hot,0.9202,0
2024-01-15,Shanghai,1.0,hot,1.0398,0
2024-01-16,Shanghai,1.0,hot,1.0539,0
2024-01-17,Shanghai,1.0,hot,1.071,0
2024-01-18,Shanghai,0.9225,hot,1.134,0
2024-01-19,Shanghai,1.0,hot,1.0232,0
2024-01-20,Shanghai,0.8112,hot,0.8494,0
2024-01-21,Shanghai,0.96,hot,0.9546,0
2024-01-22,Shanghai,0.63,hot,1.0689,0
2024-01-23,Shanghai,0.8575,hot,1.006,0
2024-01-24,Shanghai,1.0,hot,1.0687,0
2024-01-25,Shanghai,0.8345,hot,1.0466,0
2024-01-26,Shanghai,0.6925,hot,1.065,0
2024-01-27,Shanghai,0.811,hot,1.0118,0
2024-01-28,Shanghai,0.5828,hot,0.9321,0
2024-01-29,Shanghai,0.8539,hot,1.1253,0
2024-01-30,Shanghai,0.7966,hot,1.1656,0
2024-01-31,Shanghai,0.5826,hot,1.1632,1
2024-02-01,Shanghai,1.0,hot,1.0975,0
2024-02-02,Shanghai,0.7387,hot,1.0515,0
2024-02-03,Shanghai,0.7307,hot,0.9796,0
2024-02-04,Shanghai,0.6964,hot,0.9547,0
2024-02-05,Shanghai,0.6513,hot,1.1123,0
2024-02-06,Shanghai,0.6619,hot,0.9882,0
2024-02-07,Shanghai,0.8225,hot,1.0395,0
2024-02-08,Shanghai,0.6446,hot,1.0994,0
2024-02-09,Shanghai,0.7842,hot,1.066,0
2024-02-10,Shanghai,0.7918,hot,1.0937,0
2024-02-11,Shanghai,0.7025,hot,1.0166,0
2024-02-12,Shanghai,0.6906,hot,1.1344,0
2024-02-13,Shanghai,0.637,hot,1.1894,0
2024-02-14,Shanghai,0.9525,hot,1.2098,0
2024-02-15,Shanghai,0.6747,hot,1.052,0
2024-02-16,Shanghai,0.5949,hot,1.0431,0
2024-02-17,Shanghai,0.7082,hot,1.0489,0
2024-02-18,Shanghai,0.6649,hot,0.9603,0
2024-02-19,Shanghai,0.5039,hot,1.1044,0
2024-02-20,Shanghai,0.7866,hot,1.1207,1
2024-02-21,Shanghai,0.329,hot,1.0196,0
2024-02-22,Shanghai,0.4317,hot,1.0792,0
2024-02-23,Shanghai,0.7561,hot,1.0235,0
2024-02-24,Shanghai,0.7891,hot,0.9995,0
2024-02-25,Shanghai,0.4651,hot,1.023,0
2024-02-26,Shanghai,0.4796,hot,1.1505,0
2024-02-27,Shanghai,0.4954,hot,1.1012,1
2024-02-28,Shanghai,0.5889,hot,1.1003,0
2024-02-29,Shanghai,0.426,hot,1.0794,0
2024-03-01,Shanghai,0.7042,hot,1.0815,0
2024-03-02,Shanghai,0.5277,hot,0.917,0
2024-03-03,Shanghai,0.5801,hot,0.9775,0
2024-03-04,Shanghai,0.6383,hot,1.0683,0
2024-03-05,Shanghai,0.5961,hot,1.0967,1
2024-03-06,Shanghai,0.4087,hot,1.0489,0
2024-03-07,Shanghai,0.7042,hot,1.0915,0
2024-03-08,Shanghai,1.0,hot,1.0609,0
2024-03-09,Shanghai,0.5622,hot,0.9834,0
2024-03-10,Shanghai,0.5296,hot,0.9608,0
2024-03-11,Shanghai,0.4538,hot,1.0457,0
2024-03-12,Shanghai,0.4219,hot,1.0117,0
2024-03-13,Shanghai,0.5592,hot,1.0922,0
2024-03-14,Shanghai,0.5135,hot,1.035,0
2024-03-15,Shanghai,0.2297,hot,1.1126,0
2024-03-16,Shanghai,0.4422,hot,0.9811,0
2024-03-17,Shanghai,0.4584,hot,0.9751,0
2024-03-18,Shanghai,0.1484,hot,1.0415,0
2024-03-19,Shanghai,0.1634,hot,1.0308,0
2024-03-20,Shanghai,0.156,hot,1.0131,0
2024-03-21,Shanghai,0.1802,hot,1.0654,0
2024-03-22,Shanghai,0.3472,hot,1.111,0
2024-03-23,Shanghai,0.5854,hot,0.9378,0
2024-03-24,Shanghai,0.3059,mild,0.9692,0
2024-03-25,Shanghai,0.2607,mild,1.0716,0
2024-03-26,Shanghai,0.1666,mild,1.1107,0
2024-03-27,Shanghai,0.5604,mild,1.1594,0
2024-03-28,Shanghai,0.3502,mild,1.0035,1
2024-03-29,Shanghai,0.2201,mild,1.0334,0
2024-03-30,Shanghai,0.085,mild,0.9746,1
2024-03-31,Shanghai,0.5824,mild,0.907,0
2024-04-01,Shanghai,0.401,mild,1.1139,0
2024-04-02,Shanghai,0.0875,mild,1.1145,0
2024-04-03,Shanghai,0.3335,mild,1.0894,0
2024-04-04,Shanghai,0.0363,mild,1.2049,0
2024-04-05,Shanghai,0.2635,mild,1.1138,0
2024-04-06,Shanghai,0.3255,mild,0.9241,0
2024-04-07,Shanghai,0.1957,mild,0.9543,0
2024-04-08,Shanghai,0.5391,mild,1.0504,0
2024-04-09,Shanghai,0.2345,mild,1.0575,0
2024-04-10,Shanghai,0.1755,mild,1.0629,0
2024-04-11,Shanghai,0.0232,mild,1.1084,0
2024-04-12,Shanghai,0.1478,mild,1.1397,0
2024-04-13,Shanghai,0.4475,mild,0.9204,0
2024-04-14,Shanghai,0.3989,mild,0.9338,0
2024-04-15,Shanghai,0.2487,mild,1.0502,0
2024-04-16,Shanghai,0.3036,mild,1.0877,0
2024-04-17,Shanghai,0.2125,mild,1.092,0
2024-04-18,Shanghai,0.3542,mild,1.1935,0
2024-04-19,Shanghai,0.2987,mild,1.0296,0
2024-04-20,Shanghai,0.2821,mild,0.943,0
2024-04-21,Shanghai,0.3146,mild,0.9435,0
2024-04-22,Shanghai,0.2923,mild,1.0057,0
2024-04-23,Shanghai,0.287,mild,1.1064,0
2024-04-24,Shanghai,0.1523,mild,1.043,0
2024-04-25,Shanghai,0.1286,mild,0.9946,0
2024-04-26,Shanghai,0.0784,mild,1.0601,0
2024-04-27,Shanghai,0.0,mild,0.9361,0
2024-04-28,Shanghai,0.2585,mild,0.8913,0
2024-04-29,Shanghai,0.1442,mild,1.0916,0
2024-04-30,Shanghai,0.1825,mild,1.103,0
2024-05-01,Shanghai,0.0,mild,1.1451,0
2024-05-02,Shanghai,0.1263,mild,1.1678,0
2024-05-03,Shanghai,0.0,mild,1.1894,0
2024-05-04,Shanghai,0.0356,mild,0.9621,0
2024-05-05,Shanghai,0.0,mild,0.8909,1
2024-05-06,Shanghai,0.0,mild,1.095,0
2024-05-07,Shanghai,0.0225,mild,1.079,0
2024-05-08,Shanghai,0.0,mild,1.0671,0
2024-05-09,Shanghai,0.0,mild,1.008,0
2024-05-10,Shanghai,0.0,mild,1.0382,0
2024-05-11,Shanghai,0.1639,mild,0.9138,0
2024-05-12,Shanghai,0.0,mild,0.966,0
2024-05-13,Shanghai,0.2374,mild,1.0094,0
2024-05-14,Shanghai,0.3453,mild,1.0897,0
2024-05-15,Shanghai,0.0337,mild,0.9822,0
2024-05-16,Shanghai,0.0,mild,1.0258,0
2024-05-17,Shanghai,0.2044,mild,1.0755,1
2024-05-18,Shanghai,0.0106,mild,0.9926,0
2024-05-19,Shanghai,0.096,mild,0.9652,0
2024-05-20,Shanghai,0.1683,mild,1.0058,0
2024-05-21,Shanghai,0.0423,mild,1.0188,0
2024-05-22,Shanghai,0.0385,mild,1.0586,0
2024-05-23,Shanghai,0.0265,mild,1.0726,0
2024-05-24,Shanghai,0.0,mild,1.0531,0
2024-05-25,Shanghai,0.007,mild,0.8867,0
2024-05-26,Shanghai,0.1417,mild,1.0085,0
2024-05-27,Shanghai,0.0,mild,1.0609,0
2024-05-28,Shanghai,0.0,mild,1.0174,0
2024-05-29,Shanghai,0.3784,mild,1.1245,0
2024-05-30,Shanghai,0.1741,mild,1.0082,0
2024-05-31,Shanghai,0.1034,mild,1.0176,0
2024-06-01,Shanghai,0.0,mild,0.9955,0
2024-06-02,Shanghai,0.1625,mild,0.989,0
2024-06-03,Shanghai,0.1963,mild,1.0993,0
2024-06-04,Shanghai,0.0,mild,1.0215,0
2024-06-05,Shanghai,0.044,mild,1.1276,0
2024-06-06,Shanghai,0.1945,mild,1.0607,0
2024-06-07,Shanghai,0.238,mild,1.0954,0
2024-06-08,Shanghai,0.2967,mild,0.9428,0
2024-06-09,Shanghai,0.0,mild,0.9704,0
2024-06-10,Shanghai,0.194,mild,1.1843,0
2024-06-11,Shanghai,0.0,mild,1.0705,0
2024-06-12,Shanghai,0.0086,mild,1.0575,0
2024-06-13,Shanghai,0.2844,mild,1.0854,0
2024-06-14,Shanghai,0.0,mild,1.1324,0
2024-06-15,Shanghai,0.0673,mild,0.9689,0
2024-06-16,Shanghai,0.0,mild,0.9845,0
2024-06-17,Shanghai,0.0698,mild,1.0638,0
2024-06-18,Shanghai,0.0,mild,1.1342,0
2024-06-19,Shanghai,0.1118,mild,1.0403,0
2024-06-20,Shanghai,0.0,mild,1.1071,0
2024-06-21,Shanghai,0.0868,mild,1.0932,0
2024-06-22,Shanghai,0.0355,mild,0.8998,0
2024-06-23,Shanghai,0.3191,cold,0.9787,0
2024-06-24,Shanghai,0.1727,cold,1.099,0
2024-06-25,Shanghai,0.009,cold,1.0457,0
2024-06-26,Shanghai,0.0581,cold,1.0923,0
2024-06-27,Shanghai,0.3972,cold,1.0731,0
2024-06-28,Shanghai,0.3961,cold,1.0291,0
2024-06-29,Shanghai,0.0,cold,0.948,0
2024-06-30,Shanghai,0.1171,cold,0.9349,0
2024-07-01,Shanghai,0.0,cold,0.999,0
2024-07-02,Shanghai,0.4784,cold,1.0144,0
2024-07-03,Shanghai,0.1918,cold,1.0041,0
2024-07-04,Shanghai,0.0434,cold,1.0958,0
2024-07-05,Shanghai,0.0,cold,0.9959,0
2024-07-06,Shanghai,0.0,cold,0.9639,0
2024-07-07,Shanghai,0.0,cold,0.9147,0
2024-07-08,Shanghai,0.4305,cold,1.0719,0
2024-07-09,Shanghai,0.1844,cold,1.0991,0
2024-07-10,Shanghai,0.0525,cold,1.0631,0
2024-07-11,Shanghai,0.3205,cold,1.0795,0
2024-07-12,Shanghai,0.3844,cold,1.0664,0
2024-07-13,Shanghai,0.0,cold,1.0069,0
2024-07-14,Shanghai,0.1038,cold,1.0072,0
2024-07-15,Shanghai,0.2291,cold,1.0949,0
2024-07-16,Shanghai,0.4496,cold,1.0337,0
2024-07-17,Shanghai,0.1826,cold,1.0528,0
2024-07-18,Shanghai,0.0,cold,1.0704,0
2024-07-19,Shanghai,0.1458,cold,1.0895,0
2024-07-20,Shanghai,0.0,cold,0.8956,0
2024-07-21,Shanghai,0.2426,cold,0.9225,0
2024-07-22,Shanghai,0.2396,cold,1.0755,0
2024-07-23,Shanghai,0.1927,cold,1.0215,0
2024-07-24,Shanghai,0.3937,cold,1.0987,0
2024-07-25,Shanghai,0.0,cold,1.1213,0
2024-07-26,Shanghai,0.1334,cold,1.0275,0
2024-07-27,Shanghai,0.0091,cold,0.9204,0
2024-07-28,Shanghai,0.1343,cold,0.9429,0
2024-07-29,Shanghai,0.1326,cold,1.0888,0
2024-07-30,Shanghai,0.2039,cold,1.0387,0
2024-07-31,Shanghai,0.2763,cold,1.0882,0
2024-08-01,Shanghai,0.3284,cold,1.1074,0
2024-08-02,Shanghai,0.4597,cold,1.0791,0
2024-08-03,Shanghai,0.2616,cold,0.9206,0
2024-08-04,Shanghai,0.1568,cold,0.9528,0
2024-08-05,Shanghai,0.5095,cold,1.0431,0
2024-08-06,Shanghai,0.1024,cold,1.0017,0
2024-08-07,Shanghai,0.1801,cold,1.0033,0
2024-08-08,Shanghai,0.4875,cold,1.0587,0
2024-08-09,Shanghai,0.3975,cold,1.0609,0
2024-08-10,Shanghai,0.2426,cold,0.8991,0
2024-08-11,Shanghai,0.1964,cold,0.9804,0
2024-08-12,Shanghai,0.2724,cold,1.1168,0
2024-08-13,Shanghai,0.4589,cold,1.1,0
2024-08-14,Shanghai,0.3754,cold,1.0918,0
2024-08-15,Shanghai,0.1445,cold,1.0884,0
2024-08-16,Shanghai,0.3832,cold,0.9959,0
2024-08-17,Shanghai,0.6521,cold,0.9014,1
2024-08-18,Shanghai,0.6524,cold,0.9303,0
2024-08-19,Shanghai,0.2724,cold,1.0989,0
2024-08-20,Shanghai,0.4597,cold,1.0036,0
2024-08-21,Shanghai,0.3473,cold,1.0572,0
2024-08-22,Shanghai,0.4187,cold,1.1093,0
2024-08-23,Shanghai,0.4015,cold,1.066,0
2024-08-24,Shanghai,0.3263,cold,0.9289,0
2024-08-25,Shanghai,0.3133,cold,0.9207,0
2024-08-26,Shanghai,0.6788,cold,1.058,0
2024-08-27,Shanghai,0.3949,cold,1.0616,0
2024-08-28,Shanghai,0.5686,cold,1.0792,0
2024-08-29,Shanghai,0.2492,cold,1.1557,0
2024-08-30,Shanghai,0.6895,cold,1.0813,0
2024-08-31,Shanghai,0.3831,cold,0.9432,0
2024-09-01,Shanghai,0.5023,cold,1.024,0
2024-09-02,Shanghai,0.4406,cold,1.1796,0
2024-09-03,Shanghai,0.5725,cold,1.0403,0
2024-09-04,Shanghai,0.4912,cold,0.9951,0
2024-09-05,Shanghai,0.4099,cold,1.0858,0
2024-09-06,Shanghai,0.2789,cold,1.1357,0
2024-09-07,Shanghai,0.5757,cold,1.0166,0
2024-09-08,Shanghai,0.5123,cold,0.9089,0
2024-09-09,Shanghai,0.2876,cold,1.0861,0
2024-09-10,Shanghai,0.292,cold,1.0819,0
2024-09-11,Shanghai,0.5932,cold,1.1194,0
2024-09-12,Shanghai,0.3669,cold,1.0535,0
2024-09-13,Shanghai,0.3333,cold,1.0135,0
2024-09-14,Shanghai,0.6736,cold,0.8861,0
2024-09-15,Shanghai,0.4546,cold,1.0628,0
2024-09-16,Shanghai,0.3037,cold,1.1608,0
2024-09-17,Shanghai,0.2991,cold,1.1281,0
2024-09-18,Shanghai,0.8381,cold,1.1669,0
2024-09-19,Shanghai,0.2004,cold,1.0602,0
2024-09-20,Shanghai,0.6513,cold,1.0858,0
2024-09-21,Shanghai,0.4216,cold,0.9766,0
2024-09-22,Shanghai,0.7704,cold,0.8931,0
2024-09-23,Shanghai,0.4464,cold,1.1002,0
2024-09-24,Shanghai,0.7161,cold,1.0783,0
2024-09-25,Shanghai,0.6652,cold,1.1292,0
2024-09-26,Shanghai,0.5103,cold,1.0981,0
2024-09-27,Shanghai,0.9047,cold,0.9912,0
2024-09-28,Shanghai,0.5465,cold,1.0454,0
2024-09-29,Shanghai,0.69,cold,0.8699,0
2024-09-30,Shanghai,0.5801,cold,1.0368,0
2024-10-01,Shanghai,0.7943,cold,1.1518,0
2024-10-02,Shanghai,0.53,cold,1.1282,0
2024-10-03,Shanghai,0.4354,cold,1.1788,0
2024-10-04,Shanghai,0.6043,cold,1.1818,0
2024-10-05,Shanghai,0.8662,cold,1.081,1
2024-10-06,Shanghai,0.6938,cold,1.0357,0
2024-10-07,Shanghai,0.6354,cold,1.125,0
2024-10-08,Shanghai,0.5913,mild,1.0813,0
2024-10-09,Shanghai,0.6379,mild,1.0941,0
2024-10-10,Shanghai,0.7252,mild,1.044,0
2024-10-11,Shanghai,0.9378,mild,1.0809,0
2024-10-12,Shanghai,0.7284,mild,0.9373,0
2024-10-13,Shanghai,1.0,mild,0.9645,0
2024-10-14,Shanghai,1.0,mild,1.0768,0
2024-10-15,Shanghai,0.9788,mild,1.0572,0
2024-10-16,Shanghai,0.8766,mild,1.0157,0
2024-10-17,Shanghai,0.6445,mild,1.0442,0
2024-10-18,Shanghai,0.8601,mild,1.021,0
2024-10-19,Shanghai,0.9383,mild,0.921,0
2024-10-20,Shanghai,0.8345,mild,0.9223,0
2024-10-21,Shanghai,0.8167,mild,1.0687,0
2024-10-22,Shanghai,0.8232,mild,1.0634,0
2024-10-23,Shanghai,0.8672,mild,1.1056,0
2024-10-24,Shanghai,0.7647,mild,1.0929,0
2024-10-25,Shanghai,0.7983,mild,1.1046,0
2024-10-26,Shanghai,0.8561,mild,0.9598,0
2024-10-27,Shanghai,0.7664,mild,0.9573,0
2024-10-28,Shanghai,0.8716,mild,1.0662,1
2024-10-29,Shanghai,0.8622,mild,1.0636,0
2024-10-30,Shanghai,0.7474,mild,0.9655,0
2024-10-31,Shanghai,0.8092,mild,1.1143,0
2024-11-01,Shanghai,0.8394,mild,1.111,0
2024-11-02,Shanghai,0.6021,mild,0.9323,0
2024-11-03,Shanghai,0.927,mild,0.9194,0
2024-11-04,Shanghai,0.603,mild,1.092,0
2024-11-05,Shanghai,0.8857,mild,1.0926,0
2024-11-06,Shanghai,1.0,mild,1.0559,0
2024-11-07,Shanghai,1.0,mild,1.1288,0
2024-11-08,Shanghai,1.0,mild,1.0443,0
2024-11-09,Shanghai,0.8327,mild,0.9951,0
2024-11-10,Shanghai,0.8142,mild,0.9242,0
2024-11-11,Shanghai,1.0,mild,1.0999,1
2024-11-12,Shanghai,1.0,mild,1.0578,0
2024-11-13,Shanghai,1.0,mild,1.0393,0
2024-11-14,Shanghai,0.7712,mild,1.0456,0
2024-11-15,Shanghai,0.7823,mild,1.0822,0
2024-11-16,Shanghai,0.9291,mild,0.9614,0
2024-11-17,Shanghai,0.6387,mild,0.9538,0
2024-11-18,Shanghai,0.661,mild,1.0542,0
2024-11-19,Shanghai,0.8247,mild,1.0426,0
2024-11-20,Shanghai,1.0,mild,1.1121,0
2024-11-21,Shanghai,0.7417,mild,1.0913,0
2024-11-22,Shanghai,1.0,mild,1.0245,0
2024-11-23,Shanghai,1.0,mild,0.9925,0
2024-11-24,Shanghai,0.8529,mild,0.9072,0
2024-11-25,Shanghai,1.0,mild,0.986,0
2024-11-26,Shanghai,1.0,mild,1.0133,0
2024-11-27,Shanghai,1.0,mild,1.086,0
2024-11-28,Shanghai,1.0,mild,1.1101,0
2024-11-29,Shanghai,0.8144,mild,1.1211,0
2024-11-30,Shanghai,0.7011,mild,0.8684,0
2024-12-01,Shanghai,0.6391,mild,0.9716,0
2024-12-02,Shanghai,0.9517,mild,1.0704,0
2024-12-03,Shanghai,0.9369,mild,1.0714,0
2024-12-04,Shanghai,0.9753,mild,1.0652,0
2024-12-05,Shanghai,1.0,mild,1.1388,0
2024-12-06,Shanghai,1.0,mild,1.2008,0
2024-12-07,Shanghai,1.0,mild,0.9659,0
2024-12-08,Shanghai,1.0,mild,0.9965,0
2024-12-09,Shanghai,1.0,mild,1.1192,1
2024-12-10,Shanghai,1.0,mild,1.0669,0
2024-12-11,Shanghai,0.8462,mild,1.0281,0
2024-12-12,Shanghai,0.9934,mild,1.0786,0
2024-12-13,Shanghai,1.0,mild,1.0593,0
2024-12-14,Shanghai,0.666,mild,0.9184,0
2024-12-15,Shanghai,1.0,mild,1.0104,0
2024-12-16,Shanghai,1.0,mild,1.0513,0
2024-12-17,Shanghai,0.9069,mild,1.038,0
2024-12-18,Shanghai,0.9582,mild,1.0192,0
2024-12-19,Shanghai,1.0,mild,1.0857,1
2024-12-20,Shanghai,0.9448,mild,1.0549,0
2024-12-21,Shanghai,0.5289,mild,0.9819,0
2024-12-22,Shanghai,1.0,mild,0.9214,0
2024-12-23,Shanghai,1.0,mild,1.0523,0
2024-12-24,Shanghai,1.0,mild,1.073,0
2024-12-25,Shanghai,0.858,mild,1.1371,1
2024-12-26,Shanghai,0.8942,mild,1.1138,0
2024-12-27,Shanghai,0.973,mild,1.07,0
2024-12-28,Shanghai,1.0,mild,0.8549,0
2024-12-29,Shanghai,0.973,mild,0.9598,1
2024-12-30,Shanghai,0.9525,mild,1.0945,0
2024-12-31,Shanghai,1.0,mild,1.0414,0
2025-01-01,Shanghai,0.9795,mild,1.1327,1
2025-01-02,Shanghai,1.0,mild,1.0889,0
2025-01-03,Shanghai,1.0,mild,1.0223,0
2025-01-04,Shanghai,1.0,mild,0.9158,0
2025-01-05,Shanghai,0.949,mild,0.94,0
2025-01-06,Shanghai,0.9252,mild,1.0506,1
2025-01-07,Shanghai,0.7747,mild,0.9798,0
2025-01-08,Shanghai,0.8954,mild,1.0241,0
2025-01-09,Shanghai,0.742,hot,1.04,0
2025-01-10,Shanghai,0.8417,hot,1.1482,0
2025-01-11,Shanghai,0.8511,hot,0.9261,0
2025-01-12,Shanghai,0.9936,hot,0.9428,0
2025-01-13,Shanghai,0.6281,hot,1.0464,0
2025-01-14,Shanghai,1.0,hot,0.9819,0
2025-01-15,Shanghai,0.8127,hot,1.017,0
2025-01-16,Shanghai,0.978,hot,1.0423,0
2025-01-17,Shanghai,0.8361,hot,1.0944,0
2025-01-18,Shanghai,0.9144,hot,1.0012,0
2025-01-19,Shanghai,0.6668,hot,0.96,1
2025-01-20,Shanghai,0.7867,hot,1.0294,0
2025-01-21,Shanghai,0.7806,hot,1.0426,0
2025-01-22,Shanghai,1.0,hot,1.0487,0
2025-01-23,Shanghai,0.5468,hot,1.1271,0
2025-01-24,Shanghai,0.7109,hot,1.0634,0
2025-01-25,Shanghai,0.896,hot,0.9647,0
2025-01-26,Shanghai,0.9714,hot,0.8931,0
2025-01-27,Shanghai,0.9581,hot,1.0768,0
2024-01-01,Hangzhou,0.642,hot,1.1679,0
2024-01-02,Hangzhou,1.0,hot,1.0851,0
2024-01-03,Hangzhou,1.0,hot,1.0531,0
2024-01-04,Hangzhou,0.6441,hot,1.0315,0
2024-01-05,Hangzhou,0.5018,hot,1.0685,0
2024-01-06,Hangzhou,0.9031,hot,0.9069,0
2024-01-07,Hangzhou,0.8828,hot,1.006,0
2024-01-08,Hangzhou,0.7353,hot,1.0601,0
2024-01-09,Hangzhou,0.941,hot,1.0936,0
2024-01-10,Hangzhou,0.7501,hot,1.0593,0
2024-01-11,Hangzhou,0.8942,hot,1.0853,0
2024-01-12,Hangzhou,1.0,hot,1.0453,0
2024-01-13,Hangzhou,0.9407,hot,0.9495,0
2024-01-14,Hangzhou,1.0,hot,0.9173,0
2024-01-15,Hangzhou,0.696,hot,1.1414,0
2024-01-16,Hangzhou,0.7024,hot,1.0905,0
2024-01-17,Hangzhou,0.7249,hot,1.1003,0
2024-01-18,Hangzhou,0.8501,hot,1.0683,0
2024-01-19,Hangzhou,0.8457,hot,1.0724,0
2024-01-20,Hangzhou,1.0,hot,0.908,0
2024-01-21,Hangzhou,0.733,hot,1.0204,0
2024-01-22,Hangzhou,0.6512,hot,1.0312,0
2024-01-23,Hangzhou,0.5293,hot,1.0509,0
2024-01-24,Hangzhou,0.8125,hot,1.05,0
2024-01-25,Hangzhou,0.9573,hot,1.0177,0
2024-01-26,Hangzhou,0.6284,hot,1.1341,0
2024-01-27,Hangzhou,0.5657,hot,0.9133,0
2024-01-28,Hangzhou,0.6924,hot,0.9432,0
2024-01-29,Hangzhou,0.5972,hot,1.0737,0
2024-01-30,Hangzhou,0.87,hot,1.0636,0
2024-01-31,Hangzhou,0.4036,hot,1.0278,0
2024-02-01,Hangzhou,0.684,hot,1.073,0
2024-02-02,Hangzhou,0.4873,hot,1.0606,0
2024-02-03,Hangzhou,0.5663,hot,1.0073,0
2024-02-04,Hangzhou,0.7373,hot,1.0218,0
2024-02-05,Hangzhou,0.6757,hot,1.0847,0
2024-02-06,Hangzhou,0.7231,hot,1.0257,0
2024-02-07,Hangzhou,0.8513,hot,1.0809,0
2024-02-08,Hangzhou,0.4787,hot,1.0926,0
2024-02-09,Hangzhou,0.1596,hot,1.1197,0
2024-02-10,Hangzhou,0.4888,hot,1.0898,0
2024-02-11,Hangzhou,0.504,hot,1.0643,0
2024-02-12,Hangzhou,0.9118,hot,1.1844,0
2024-02-13,Hangzhou,0.7537,hot,1.1197,0
2024-02-14,Hangzhou,0.5476,hot,1.1958,0
2024-02-15,Hangzhou,0.6517,hot,1.0609,0
2024-02-16,Hangzhou,0.6072,hot,0.9471,0
2024-02-17,Hangzhou,0.693,hot,0.9678,0
2024-02-18,Hangzhou,0.8645,hot,0.9625,0
2024-02-19,Hangzhou,0.7484,hot,1.0845,0
2024-02-20,Hangzhou,0.1129,hot,1.0509,0
2024-02-21,Hangzhou,0.4797,hot,1.102,0
2024-02-22,Hangzhou,0.7665,hot,1.0582,0
2024-02-23,Hangzhou,0.6171,hot,1.1301,0
2024-02-24,Hangzhou,0.435,hot,0.9839,0
2024-02-25,Hangzhou,0.5521,hot,0.9383,0
2024-02-26,Hangzhou,0.5657,hot,1.1003,0
2024-02-27,Hangzhou,0.4269,hot,1.0832,0
2024-02-28,Hangzhou,0.8233,hot,1.0997,0
2024-02-29,Hangzhou,0.4647,hot,1.0923,0
2024-03-01,Hangzhou,0.5,mild,1.0277,0
2024-03-02,Hangzhou,0.2521,mild,0.9327,0
2024-03-03,Hangzhou,0.8071,mild,0.9331,0
2024-03-04,Hangzhou,0.341,mild,1.1364,0
2024-03-05,Hangzhou,0.2511,mild,1.1793,0
2024-03-06,Hangzhou,0.224,mild,1.0683,0
2024-03-07,Hangzhou,0.5669,mild,1.1436,0
2024-03-08,Hangzhou,0.309,mild,1.1015,0
2024-03-09,Hangzhou,0.2117,mild,0.8796,0
2024-03-10,Hangzhou,0.2279,mild,0.9029,0
2024-03-11,Hangzhou,0.165,mild,0.9443,0
2024-03-12,Hangzhou,0.2876,mild,1.0458,0
2024-03-13,Hangzhou,0.2538,mild,1.1052,0
2024-03-14,Hangzhou,0.3484,mild,1.0366,0
2024-03-15,Hangzhou,0.2101,mild,1.0768,0
2024-03-16,Hangzhou,0.1696,mild,0.9897,0
2024-03-17,Hangzhou,0.2508,mild,0.9558,1
2024-03-18,Hangzhou,0.1672,mild,1.0728,0
2024-03-19,Hangzhou,0.1453,mild,1.0051,0
2024-03-20,Hangzhou,0.4095,mild,1.0422,0
2024-03-21,Hangzhou,0.4589,mild,1.1222,0
2024-03-22,Hangzhou,0.6252,mild,1.0385,0
2024-03-23,Hangzhou,0.2654,mild,0.9322,0
2024-03-24,Hangzhou,0.3034,mild,0.961,0
2024-03-25,Hangzhou,0.3372,mild,1.102,0
2024-03-26,Hangzhou,0.0637,mild,1.1346,0
2024-03-27,Hangzhou,0.1412,mild,1.0451,0
2024-03-28,Hangzhou,0.1183,mild,1.0187,0
2024-03-29,Hangzhou,0.2034,mild,1.0463,0
2024-03-30,Hangzhou,0.284,mild,0.9606,0
2024-03-31,Hangzhou,0.2022,mild,0.9644,0
2024-04-01,Hangzhou,0.2,mild,1.1132,0
2024-04-02,Hangzhou,0.3525,mild,1.0504,0
2024-04-03,Hangzhou,0.2512,mild,1.099,0
2024-04-04,Hangzhou,0.272,mild,1.1561,0
2024-04-05,Hangzhou,0.2885,mild,1.1871,0
2024-04-06,Hangzhou,0.3822,mild,0.9147,0
2024-04-07,Hangzhou,0.4704,mild,0.9847,0
2024-04-08,Hangzhou,0.2211,mild,1.0762,0
2024-04-09,Hangzhou,0.0,mild,1.068,0
2024-04-10,Hangzhou,0.2011,mild,1.1152,0
2024-04-11,Hangzhou,0.0,mild,1.083,0
2024-04-12,Hangzhou,0.1163,mild,1.0583,0
2024-04-13,Hangzhou,0.0,mild,0.9345,0
2024-04-14,Hangzhou,0.0,mild,0.986,0
2024-04-15,Hangzhou,0.1181,mild,1.0592,0
2024-04-16,Hangzhou,0.1022,mild,1.0669,0
2024-04-17,Hangzhou,0.1609,mild,1.1001,0
2024-04-18,Hangzhou,0.0,mild,1.0001,0
2024-04-19,Hangzhou,0.1498,mild,1.0902,0
2024-04-20,Hangzhou,0.4208,mild,0.9256,0
2024-04-21,Hangzhou,0.2482,mild,0.9105,0
2024-04-22,Hangzhou,0.1217,mild,1.1843,0
2024-04-23,Hangzhou,0.3737,mild,1.1182,0
2024-04-24,Hangzhou,0.0,mild,1.1124,0
2024-04-25,Hangzhou,0.3634,mild,1.078,0
2024-04-26,Hangzhou,0.4017,mild,1.0564,0
2024-04-27,Hangzhou,0.0237,mild,0.9786,0
2024-04-28,Hangzhou,0.0,mild,0.9471,0
2024-04-29,Hangzhou,0.0,mild,1.1191,0
2024-04-30,Hangzhou,0.1105,mild,1.0727,0
2024-05-01,Hangzhou,0.0,mild,1.1705,0
2024-05-02,Hangzhou,0.1509,mild,1.101,0
2024-05-03,Hangzhou,0.175,mild,1.1662,0
2024-05-04,Hangzhou,0.0,mild,0.964,0
2024-05-05,Hangzhou,0.1175,mild,0.9321,0
2024-05-06,Hangzhou,0.0377,mild,1.0917,0
2024-05-07,Hangzhou,0.2055,mild,1.0515,0
2024-05-08,Hangzhou,0.3831,mild,1.0458,0
2024-05-09,Hangzhou,0.0127,mild,1.0727,0
2024-05-10,Hangzhou,0.0188,mild,1.0684,0
2024-05-11,Hangzhou,0.0,mild,1.0252,0
2024-05-12,Hangzhou,0.1217,mild,0.8949,0
2024-05-13,Hangzhou,0.0,mild,1.1288,0
2024-05-14,Hangzhou,0.1495,mild,1.044,0
2024-05-15,Hangzhou,0.0,mild,1.1214,0
2024-05-16,Hangzhou,0.0,mild,0.9921,0
2024-05-17,Hangzhou,0.0,mild,1.0054,0
2024-05-18,Hangzhou,0.0,mild,0.9093,0
2024-05-19,Hangzhou,0.0777,mild,0.9575,0
2024-05-20,Hangzhou,0.0,mild,1.0244,1
2024-05-21,Hangzhou,0.1592,mild,1.1061,0
2024-05-22,Hangzhou,0.0,mild,1.071,0
2024-05-23,Hangzhou,0.0,mild,1.1515,0
2024-05-24,Hangzhou,0.0,mild,1.1185,0
2024-05-25,Hangzhou,0.0,mild,0.9288,0
2024-05-26,Hangzhou,0.0,mild,0.9738,0
2024-05-27,Hangzhou,0.0915,mild,1.0352,0
2024-05-28,Hangzhou,0.0,mild,1.0567,0
2024-05-29,Hangzhou,0.0174,mild,1.0225,0
2024-05-30,Hangzhou,0.0,mild,1.022,0
2024-05-31,Hangzhou,0.0,cold,1.1075,0
2024-06-01,Hangzhou,0.0958,cold,0.906,0
2024-06-02,Hangzhou,0.0514,cold,0.9249,0
2024-06-03,Hangzhou,0.0828,cold,1.056,0
2024-06-04,Hangzhou,0.2911,cold,1.0631,0
2024-06-05,Hangzhou,0.1063,cold,1.0113,0
2024-06-06,Hangzhou,0.0,cold,1.0358,0
2024-06-07,Hangzhou,0.1191,cold,1.1202,0
2024-06-08,Hangzhou,0.0,cold,0.8667,0
2024-06-09,Hangzhou,0.0166,cold,0.9573,0
2024-06-10,Hangzhou,0.2372,cold,1.2014,0
2024-06-11,Hangzhou,0.0,cold,1.0662,0
2024-06-12,Hangzhou,0.1083,cold,1.0843,0
2024-06-13,Hangzhou,0.236,cold,1.0741,0
2024-06-14,Hangzhou,0.0138,cold,1.0812,0
2024-06-15,Hangzhou,0.0,cold,0.9831,0
2024-06-16,Hangzhou,0.0,cold,0.8934,0
2024-06-17,Hangzhou,0.2467,cold,1.0829,0
2024-06-18,Hangzhou,0.2247,cold,1.0973,0
2024-06-19,Hangzhou,0.3494,cold,1.0915,0
2024-06-20,Hangzhou,0.0,cold,1.0803,0
2024-06-21,Hangzhou,0.1705,cold,1.0319,0
2024-06-22,Hangzhou,0.0,cold,0.9394,0
2024-06-23,Hangzhou,0.0229,cold,1.0256,0
2024-06-24,Hangzhou,0.1197,cold,1.069,0
2024-06-25,Hangzhou,0.2633,cold,1.0368,0
2024-06-26,Hangzhou,0.0,cold,1.1149,0
2024-06-27,Hangzhou,0.0827,cold,0.985,0
2024-06-28,Hangzhou,0.0,cold,1.0435,0
2024-06-29,Hangzhou,0.1231,cold,0.9305,0
2024-06-30,Hangzhou,0.1045,cold,0.9336,0
2024-07-01,Hangzhou,0.0268,cold,1.0836,0
2024-07-02,Hangzhou,0.0,cold,1.1096,0
2024-07-03,Hangzhou,0.0163,cold,1.0452,0
2024-07-04,Hangzhou,0.2028,cold,1.1151,0
2024-07-05,Hangzhou,0.2126,cold,1.0778,0
2024-07-06,Hangzhou,0.4545,cold,0.8924,0
2024-07-07,Hangzhou,0.1881,cold,0.961,0
2024-07-08,Hangzhou,0.2724,cold,1.0076,0
2024-07-09,Hangzhou,0.0277,cold,1.0429,0
2024-07-10,Hangzhou,0.329,cold,1.0563,0
2024-07-11,Hangzhou,0.1499,cold,1.0343,0
2024-07-12,Hangzhou,0.0931,cold,1.0421,0
2024-07-13,Hangzhou,0.1954,cold,0.8864,0
2024-07-14,Hangzhou,0.2359,cold,0.9174,0
2024-07-15,Hangzhou,0.3063,cold,1.0192,0
2024-07-16,Hangzhou,0.4736,cold,1.0841,0
2024-07-17,Hangzhou,0.0107,cold,1.0496,0
2024-07-18,Hangzhou,0.3444,cold,1.0389,0
2024-07-19,Hangzhou,0.12,cold,1.0283,0
2024-07-20,Hangzhou,0.0,cold,0.9452,0
2024-07-21,Hangzhou,0.3543,cold,0.8745,0
2024-07-22,Hangzhou,0.3606,cold,1.1201,1
2024-07-23,Hangzhou,0.4025,cold,1.0112,0
2024-07-24,Hangzhou,0.0883,cold,1.0039,0
2024-07-25,Hangzhou,0.2354,cold,1.037,0
2024-07-26,Hangzhou,0.0,cold,0.9849,0
2024-07-27,Hangzhou,0.4118,cold,0.908,0
2024-07-28,Hangzhou,0.4401,cold,0.9668,0
2024-07-29,Hangzhou,0.4613,cold,1.0408,1
2024-07-30,Hangzhou,0.2686,cold,1.0591,0
2024-07-31,Hangzhou,0.2926,cold,1.0714,0
2024-08-01,Hangzhou,0.4316,cold,1.0309,1
2024-08-02,Hangzhou,0.2419,cold,1.0843,0
2024-08-03,Hangzhou,0.4633,cold,0.9229,0
2024-08-04,Hangzhou,0.2248,cold,0.948,0
2024-08-05,Hangzhou,0.269,cold,1.1196,0
2024-08-06,Hangzhou,0.4017,cold,1.0728,0
2024-08-07,Hangzhou,0.2116,cold,1.0306,0
2024-08-08,Hangzhou,0.3611,cold,1.0612,0
2024-08-09,Hangzhou,0.5862,cold,1.031,0
2024-08-10,Hangzhou,0.1011,cold,1.0312,0
2024-08-11,Hangzhou,0.4543,cold,0.8964,0
2024-08-12,Hangzhou,0.4679,cold,1.0599,0
2024-08-13,Hangzhou,0.8007,cold,1.0321,0
2024-08-14,Hangzhou,0.235,cold,1.1342,0
2024-08-15,Hangzhou,0.377,cold,1.0715,0
2024-08-16,Hangzhou,0.5701,cold,1.0548,0
2024-08-17,Hangzhou,0.5279,cold,0.9425,0
2024-08-18,Hangzhou,0.4287,cold,0.9818,0
2024-08-19,Hangzhou,0.5407,cold,1.1021,0
2024-08-20,Hangzhou,0.3165,cold,1.0962,0
2024-08-21,Hangzhou,0.1964,cold,1.0569,0
2024-08-22,Hangzhou,0.3692,cold,1.1293,0
2024-08-23,Hangzhou,0.7168,cold,1.0805,0
2024-08-24,Hangzhou,0.3096,cold,0.9505,0
2024-08-25,Hangzhou,0.2407,cold,0.9284,0
2024-08-26,Hangzhou,0.5699,cold,1.0885,0
2024-08-27,Hangzhou,0.5884,cold,1.0627,0
2024-08-28,Hangzhou,0.4254,cold,1.1132,0
2024-08-29,Hangzhou,0.5415,cold,1.1334,0
2024-08-30,Hangzhou,0.5302,cold,1.0178,0
2024-08-31,Hangzhou,0.5234,cold,0.9519,0
2024-09-01,Hangzhou,0.6661,cold,0.915,0
2024-09-02,Hangzhou,0.6446,cold,1.045,0
2024-09-03,Hangzhou,0.5545,cold,1.0108,0
2024-09-04,Hangzhou,0.6045,cold,1.0338,0
2024-09-05,Hangzhou,0.241,cold,1.026,0
2024-09-06,Hangzhou,0.9913,cold,1.0991,0
2024-09-07,Hangzhou,0.5203,cold,0.9117,0
2024-09-08,Hangzhou,0.5725,cold,1.0346,0
2024-09-09,Hangzhou,0.3015,cold,1.0434,0
2024-09-10,Hangzhou,0.6089,cold,1.0676,0
2024-09-11,Hangzhou,0.7009,cold,1.0269,0
2024-09-12,Hangzhou,0.7508,cold,1.0699,0
2024-09-13,Hangzhou,0.46,cold,1.0743,0
2024-09-14,Hangzhou,0.7153,cold,0.9728,0
2024-09-15,Hangzhou,0.8331,cold,1.0529,0
2024-09-16,Hangzhou,0.5646,mild,1.1612,0
2024-09-17,Hangzhou,0.5945,mild,1.1326,0
2024-09-18,Hangzhou,0.3914,mild,1.0606,0
2024-09-19,Hangzhou,0.5165,mild,1.0542,0
2024-09-20,Hangzhou,0.7728,mild,1.0996,0
2024-09-21,Hangzhou,0.6336,mild,0.9715,0
2024-09-22,Hangzhou,0.5791,mild,0.9979,0
2024-09-23,Hangzhou,0.836,mild,1.107,0
2024-09-24,Hangzhou,0.979,mild,1.0857,0
2024-09-25,Hangzhou,0.8126,mild,1.072,0
2024-09-26,Hangzhou,0.8165,mild,1.0575,0
2024-09-27,Hangzhou,0.4722,mild,1.0483,0
2024-09-28,Hangzhou,0.6524,mild,0.9405,0
2024-09-29,Hangzhou,0.8328,mild,0.9205,0
2024-09-30,Hangzhou,0.9324,mild,1.042,0
2024-10-01,Hangzhou,0.9347,mild,1.2122,0
2024-10-02,Hangzhou,1.0,mild,1.2122,0
2024-10-03,Hangzhou,0.6429,mild,1.1661,0
2024-10-04,Hangzhou,1.0,mild,1.2291,0
2024-10-05,Hangzhou,0.5882,mild,1.0695,0
2024-10-06,Hangzhou,0.5531,mild,1.0596,0
2024-10-07,Hangzhou,0.99,mild,1.1899,0
2024-10-08,Hangzhou,0.6566,mild,1.0658,0
2024-10-09,Hangzhou,0.4796,mild,1.0996,0
2024-10-10,Hangzhou,1.0,mild,1.1143,0
2024-10-11,Hangzhou,0.9589,mild,1.0436,0
2024-10-12,Hangzhou,0.8808,mild,0.9312,0
2024-10-13,Hangzhou,1.0,mild,0.889,0
2024-10-14,Hangzhou,0.6914,mild,1.1063,0
2024-10-15,Hangzhou,0.9444,mild,1.0322,0
2024-10-16,Hangzhou,1.0,mild,1.1408,0
2024-10-17,Hangzhou,0.7257,mild,1.0836,0
2024-10-18,Hangzhou,0.9111,mild,1.1285,0
2024-10-19,Hangzhou,0.8904,mild,0.9748,0
2024-10-20,Hangzhou,0.7651,mild,0.9176,0
2024-10-21,Hangzhou,1.0,mild,1.1305,0
2024-10-22,Hangzhou,0.9373,mild,1.0576,0
2024-10-23,Hangzhou,1.0,mild,1.0307,0
2024-10-24,Hangzhou,1.0,mild,1.0629,0
2024-10-25,Hangzhou,1.0,mild,1.1004,0
2024-10-26,Hangzhou,0.5838,mild,0.9601,0
2024-10-27,Hangzhou,0.6609,mild,0.9238,0
2024-10-28,Hangzhou,0.9438,mild,1.1351,0
2024-10-29,Hangzhou,0.7973,mild,1.0911,0
2024-10-30,Hangzhou,1.0,mild,1.086,0
2024-10-31,Hangzhou,1.0,mild,1.1141,0
2024-11-01,Hangzhou,1.0,mild,1.1057,0
2024-11-02,Hangzhou,1.0,mild,0.9575,0
2024-11-03,Hangzhou,0.9839,mild,0.8693,0
2024-11-04,Hangzhou,0.845,mild,1.0225,0
2024-11-05,Hangzhou,1.0,mild,1.0688,0
2024-11-06,Hangzhou,1.0,mild,1.1097,0
2024-11-07,Hangzhou,0.9382,mild,1.0698,0
2024-11-08,Hangzhou,0.6283,mild,1.0677,0
2024-11-09,Hangzhou,0.9552,mild,0.9299,0
2024-11-10,Hangzhou,1.0,mild,0.937,0
2024-11-11,Hangzhou,1.0,mild,1.048,0
2024-11-12,Hangzhou,0.987,mild,1.1413,0
2024-11-13,Hangzhou,1.0,mild,1.0674,0
2024-11-14,Hangzhou,1.0,mild,1.1059,0
2024-11-15,Hangzhou,0.9344,mild,1.06,0
2024-11-16,Hangzhou,1.0,mild,0.9233,0
2024-11-17,Hangzhou,1.0,mild,1.0111,0
2024-11-18,Hangzhou,0.7702,mild,1.0594,0
2024-11-19,Hangzhou,0.9484,mild,1.1342,0
2024-11-20,Hangzhou,0.7061,mild,1.0369,0
2024-11-21,Hangzhou,1.0,mild,1.0875,0
2024-11-22,Hangzhou,1.0,mild,1.117,0
2024-11-23,Hangzhou,1.0,mild,0.9375,0
2024-11-24,Hangzhou,0.7615,mild,0.9502,0
2024-11-25,Hangzhou,1.0,mild,1.0066,1
2024-11-26,Hangzhou,0.8047,mild,1.0902,0
2024-11-27,Hangzhou,1.0,mild,1.0486,0
2024-11-28,Hangzhou,1.0,mild,1.0043,0
2024-11-29,Hangzhou,1.0,mild,1.0597,0
2024-11-30,Hangzhou,1.0,mild,0.902,0
2024-12-01,Hangzhou,0.9908,mild,0.9786,0
2024-12-02,Hangzhou,0.8739,mild,1.074,0
2024-12-03,Hangzhou,1.0,mild,1.0097,0
2024-12-04,Hangzhou,0.7994,mild,1.1108,0
2024-12-05,Hangzhou,0.8723,mild,1.0464,0
2024-12-06,Hangzhou,1.0,mild,1.0893,0
2024-12-07,Hangzhou,0.7513,mild,0.9791,0
2024-12-08,Hangzhou,1.0,mild,0.9217,0
2024-12-09,Hangzhou,0.981,mild,1.1218,0
2024-12-10,Hangzhou,0.9492,mild,1.0352,0
2024-12-11,Hangzhou,0.7976,mild,1.041,0
2024-12-12,Hangzhou,0.6466,mild,1.121,0
2024-12-13,Hangzhou,1.0,mild,1.0923,1
2024-12-14,Hangzhou,0.7842,mild,0.9444,0
2024-12-15,Hangzhou,1.0,mild,0.9823,0
2024-12-16,Hangzhou,1.0,hot,1.107,0
2024-12-17,Hangzhou,0.8809,hot,1.0889,0
2024-12-18,Hangzhou,1.0,hot,1.0276,0
2024-12-19,Hangzhou,1.0,hot,1.1055,0
2024-12-20,Hangzhou,1.0,hot,1.0487,0
2024-12-21,Hangzhou,1.0,hot,0.9823,0
2024-12-22,Hangzhou,1.0,hot,0.9218,0
2024-12-23,Hangzhou,0.8161,hot,1.0598,0
2024-12-24,Hangzhou,0.9048,hot,1.0482,0
2024-12-25,Hangzhou,1.0,hot,1.046,0
2024-12-26,Hangzhou,1.0,hot,1.0393,0
2024-12-27,Hangzhou,0.529,hot,1.0264,0
2024-12-28,Hangzhou,0.9384,hot,0.9122,0
2024-12-29,Hangzhou,0.6999,hot,0.9568,0
2024-12-30,Hangzhou,0.9882,hot,1.0705,0
2024-12-31,Hangzhou,1.0,hot,1.0084,0
2025-01-01,Hangzhou,0.8376,hot,1.1539,0
2025-01-02,Hangzhou,1.0,hot,1.1025,0
2025-01-03,Hangzhou,1.0,hot,1.0956,0
2025-01-04,Hangzhou,1.0,hot,0.9436,0
2025-01-05,Hangzhou,0.9723,hot,0.9587,0
2025-01-06,Hangzhou,0.8781,hot,1.0412,0
2025-01-07,Hangzhou,0.8715,hot,1.0767,0
2025-01-08,Hangzhou,0.6658,hot,1.0342,0
2025-01-09,Hangzhou,0.9695,hot,1.0215,0
2025-01-10,Hangzhou,0.9288,hot,1.0941,0
2025-01-11,Hangzhou,0.8443,hot,1.0168,0
2025-01-12,Hangzhou,1.0,hot,0.9635,0
2025-01-13,Hangzhou,0.9731,hot,1.0637,0
2025-01-14,Hangzhou,0.7235,hot,1.0631,0
2025-01-15,Hangzhou,0.8753,hot,1.0897,0
2025-01-16,Hangzhou,0.5827,hot,1.135,0
2025-01-17,Hangzhou,0.8985,hot,1.017,0
2025-01-18,Hangzhou,0.9029,hot,1.0036,0
2025-01-19,Hangzhou,0.7821,hot,0.9578,0
2025-01-20,Hangzhou,0.7357,hot,1.0074,0
2025-01-21,Hangzhou,0.9931,hot,1.0667,0
2025-01-22,Hangzhou,0.6982,hot,1.0362,0
2025-01-23,Hangzhou,0.8462,hot,1.0896,0
2025-01-24,Hangzhou,0.5794,hot,1.0479,0
2025-01-25,Hangzhou,0.6604,hot,0.9813,0
2025-01-26,Hangzhou,0.5759,hot,0.9526,0
2025-01-27,Hangzhou,0.9154,hot,1.0857,0
2024-01-01,Chengdu,0.9051,hot,1.1625,0
2024-01-02,Chengdu,0.8932,hot,1.0567,0
2024-01-03,Chengdu,1.0,hot,1.0953,0
2024-01-04,Chengdu,0.8126,hot,1.0196,0
2024-01-05,Chengdu,0.8401,hot,1.0792,0
2024-01-06,Chengdu,0.9811,hot,0.9223,0
2024-01-07,Chengdu,1.0,hot,0.9808,0
2024-01-08,Chengdu,0.7824,hot,1.0659,0
2024-01-09,Chengdu,0.8798,hot,1.1714,0
2024-01-10,Chengdu,0.907,hot,1.0025,0
2024-01-11,Chengdu,1.0,hot,1.0861,0
2024-01-12,Chengdu,0.949,hot,0.9989,0
2024-01-13,Chengdu,1.0,hot,0.8702,0
2024-01-14,Chengdu,0.26,hot,0.9875,0
2024-01-15,Chengdu,0.3286,hot,1.0878,0
2024-01-16,Chengdu,0.8096,hot,1.0934,0
2024-01-17,Chengdu,0.4015,hot,1.0977,0
2024-01-18,Chengdu,0.9322,hot,0.9905,0
2024-01-19,Chengdu,0.569,hot,1.0063,0
2024-01-20,Chengdu,0.7843,hot,0.8928,0
2024-01-21,Chengdu,0.8139,hot,0.9281,0
2024-01-22,Chengdu,0.3468,hot,1.0567,0
2024-01-23,Chengdu,0.7202,hot,1.0852,0
2024-01-24,Chengdu,0.6343,hot,1.0814,0
2024-01-25,Chengdu,0.6566,hot,1.0827,0
2024-01-26,Chengdu,0.5493,hot,1.0909,0
2024-01-27,Chengdu,0.7271,hot,0.9511,0
2024-01-28,Chengdu,0.5903,hot,0.9297,0
2024-01-29,Chengdu,0.7101,hot,1.0793,0
2024-01-30,Chengdu,0.5372,hot,1.1458,0
2024-01-31,Chengdu,0.467,hot,1.0303,0
2024-02-01,Chengdu,0.8921,hot,1.1248,0
2024-02-02,Chengdu,0.4465,hot,1.1425,0
2024-02-03,Chengdu,0.551,hot,1.0075,0
2024-02-04,Chengdu,0.9871,hot,0.9599,0
2024-02-05,Chengdu,0.4723,hot,0.9961,0
2024-02-06,Chengdu,0.78,hot,1.094,0
2024-02-07,Chengdu,0.3864,mild,1.0791,0
2024-02-08,Chengdu,0.6344,mild,1.0767,0
2024-02-09,Chengdu,0.7044,mild,0.9447,0
2024-02-10,Chengdu,1.0,mild,0.9897,1
2024-02-11,Chengdu,0.5298,mild,1.0315,0
2024-02-12,Chengdu,0.6076,mild,1.1761,0
2024-02-13,Chengdu,0.517,mild,1.2972,0
2024-02-14,Chengdu,0.5405,mild,1.1016,0
2024-02-15,Chengdu,0.7033,mild,1.0166,0
2024-02-16,Chengdu,0.494,mild,1.1248,0
2024-02-17,Chengdu,0.4191,mild,0.8757,0
2024-02-18,Chengdu,0.59,mild,0.8787,0
2024-02-19,Chengdu,0.6002,mild,1.1153,0
2024-02-20,Chengdu,0.5715,mild,1.0908,0
2024-02-21,Chengdu,0.1179,mild,1.01,0
2024-02-22,Chengdu,0.4133,mild,1.0855,0
2024-02-23,Chengdu,0.6292,mild,1.1159,0
2024-02-24,Chengdu,0.4626,mild,0.9161,1
2024-02-25,Chengdu,0.4691,mild,0.8137,0
2024-02-26,Chengdu,0.5047,mild,1.0462,0
2024-02-27,Chengdu,0.3318,mild,1.0753,0
2024-02-28,Chengdu,0.6833,mild,1.0658,0
2024-02-29,Chengdu,0.5942,mild,1.0934,0
2024-03-01,Chengdu,0.5691,mild,1.1715,0
2024-03-02,Chengdu,0.3819,mild,0.9568,0
2024-03-03,Chengdu,0.2448,mild,0.9389,0
2024-03-04,Chengdu,0.1314,mild,1.0493,1
2024-03-05,Chengdu,0.6547,mild,1.0914,0
2024-03-06,Chengdu,0.1972,mild,1.125,0
2024-03-07,Chengdu,0.3252,mild,1.0523,0
2024-03-08,Chengdu,0.1333,mild,1.0857,0
2024-03-09,Chengdu,0.2593,mild,0.9582,0
2024-03-10,Chengdu,0.3702,mild,0.9312,0
2024-03-11,Chengdu,0.4147,mild,1.1147,0
2024-03-12,Chengdu,0.2128,mild,1.0315,0
2024-03-13,Chengdu,0.1718,mild,1.0296,0
2024-03-14,Chengdu,0.3493,mild,1.0929,0
2024-03-15,Chengdu,0.3966,mild,1.0535,0
2024-03-16,Chengdu,0.2019,mild,0.9675,0
2024-03-17,Chengdu,0.174,mild,0.8968,1
2024-03-18,Chengdu,0.1988,mild,0.9944,0
2024-03-19,Chengdu,0.402,mild,1.1711,0
2024-03-20,Chengdu,0.1241,mild,1.0256,0
2024-03-21,Chengdu,0.2504,mild,1.0375,0
2024-03-22,Chengdu,0.0,mild,1.1071,0
2024-03-23,Chengdu,0.1938,mild,0.8929,0
2024-03-24,Chengdu,0.1429,mild,0.9495,0
2024-03-25,Chengdu,0.4455,mild,1.0993,0
2024-03-26,Chengdu,0.4401,mild,1.0928,0
2024-03-27,Chengdu,0.3549,mild,1.1129,0
2024-03-28,Chengdu,0.0,mild,1.0363,0
2024-03-29,Chengdu,0.3007,mild,1.0691,0
2024-03-30,Chengdu,0.3909,mild,0.998,0
2024-03-31,Chengdu,0.0,mild,0.9693,0
2024-04-01,Chengdu,0.0,mild,1.0585,0
2024-04-02,Chengdu,0.2189,mild,1.1507,0
2024-04-03,Chengdu,0.5707,mild,1.0771,0
2024-04-04,Chengdu,0.0,mild,1.2144,0
2024-04-05,Chengdu,0.0023,mild,1.2212,0
2024-04-06,Chengdu,0.317,mild,0.9355,0
2024-04-07,Chengdu,0.0971,mild,0.9813,0
2024-04-08,Chengdu,0.1688,mild,1.149,0
2024-04-09,Chengdu,0.0551,mild,1.1031,0
2024-04-10,Chengdu,0.452,mild,1.1175,0
2024-04-11,Chengdu,0.0484,mild,1.093,0
2024-04-12,Chengdu,0.1607,mild,1.0882,1
2024-04-13,Chengdu,0.0189,mild,0.9435,0
2024-04-14,Chengdu,0.3827,mild,0.9404,0
2024-04-15,Chengdu,0.0,mild,1.0987,0
2024-04-16,Chengdu,0.3571,mild,1.0781,0
2024-04-17,Chengdu,0.0329,mild,1.0911,0
2024-04-18,Chengdu,0.067,mild,1.0755,0
2024-04-19,Chengdu,0.0,mild,1.0603,0
2024-04-20,Chengdu,0.5367,mild,0.9018,0
2024-04-21,Chengdu,0.0,mild,0.9459,0
2024-04-22,Chengdu,0.1481,mild,1.0769,0
2024-04-23,Chengdu,0.0,mild,1.0602,0
2024-04-24,Chengdu,0.0,mild,1.0235,0
2024-04-25,Chengdu,0.1695,mild,1.0798,0
2024-04-26,Chengdu,0.0,mild,1.0107,0
2024-04-27,Chengdu,0.0,mild,0.999,0
2024-04-28,Chengdu,0.1753,mild,0.9145,0
2024-04-29,Chengdu,0.5984,mild,0.9791,0
2024-04-30,Chengdu,0.0,mild,1.0871,0
2024-05-01,Chengdu,0.0397,mild,1.1335,0
2024-05-02,Chengdu,0.0,mild,1.2197,0
2024-05-03,Chengdu,0.0,mild,1.2338,0
2024-05-04,Chengdu,0.3538,mild,0.9989,0
2024-05-05,Chengdu,0.0,mild,0.9548,0
2024-05-06,Chengdu,0.086,mild,1.0771,0
2024-05-07,Chengdu,0.0,mild,1.1222,1
2024-05-08,Chengdu,0.0,cold,1.0474,0
2024-05-09,Chengdu,0.0,cold,1.04,0
2024-05-10,Chengdu,0.0,cold,1.0982,0
2024-05-11,Chengdu,0.1041,cold,0.9435,0
2024-05-12,Chengdu,0.0337,cold,0.9302,0
2024-05-13,Chengdu,0.1666,cold,1.0797,0
2024-05-14,Chengdu,0.0,cold,1.0112,0
2024-05-15,Chengdu,0.2905,cold,1.0781,0
2024-05-16,Chengdu,0.0405,cold,1.0679,0
2024-05-17,Chengdu,0.1093,cold,0.9506,0
2024-05-18,Chengdu,0.0,cold,0.8931,0
2024-05-19,Chengdu,0.0747,cold,0.8844,0
2024-05-20,Chengdu,0.1387,cold,1.0719,0
2024-05-21,Chengdu,0.0,cold,1.111,0
2024-05-22,Chengdu,0.1944,cold,1.0634,0
2024-05-23,Chengdu,0.0,cold,1.0641,0
2024-05-24,Chengdu,0.0,cold,1.0899,0
2024-05-25,Chengdu,0.0,cold,0.9842,0
2024-05-26,Chengdu,0.07,cold,1.0148,0
2024-05-27,Chengdu,0.0793,cold,1.0579,0
2024-05-28,Chengdu,0.0,cold,1.0918,0
2024-05-29,Chengdu,0.149,cold,1.1553,0
2024-05-30,Chengdu,0.0,cold,1.0162,0
2024-05-31,Chengdu,0.0061,cold,1.1051,0
2024-06-01,Chengdu,0.1687,cold,0.9437,0
2024-06-02,Chengdu,0.0,cold,0.9021,0
2024-06-03,Chengdu,0.0068,cold,1.0958,0
2024-06-04,Chengdu,0.0,cold,1.0606,0
2024-06-05,Chengdu,0.0,cold,1.0352,0
2024-06-06,Chengdu,0.1225,cold,1.1357,0
2024-06-07,Chengdu,0.1517,cold,1.0988,0
2024-06-08,Chengdu,0.0,cold,0.9066,0
2024-06-09,Chengdu,0.1857,cold,0.9616,0
2024-06-10,Chengdu,0.0,cold,1.2522,0
2024-06-11,Chengdu,0.419,cold,1.012,0
2024-06-12,Chengdu,0.0,cold,1.0845,0
2024-06-13,Chengdu,0.0,cold,1.0151,0
2024-06-14,Chengdu,0.1896,cold,1.1425,0
2024-06-15,Chengdu,0.1051,cold,0.8984,0
2024-06-16,Chengdu,0.0,cold,0.9686,0
2024-06-17,Chengdu,0.2529,cold,1.0363,0
2024-06-18,Chengdu,0.0712,cold,1.057,0
2024-06-19,Chengdu,0.0,cold,1.1397,0
2024-06-20,Chengdu,0.1201,cold,1.0595,0
2024-06-21,Chengdu,0.3285,cold,1.0412,0
2024-06-22,Chengdu,0.0601,cold,0.9558,0
2024-06-23,Chengdu,0.1829,cold,1.0081,0
2024-06-24,Chengdu,0.0,cold,1.0507,1
2024-06-25,Chengdu,0.4743,cold,1.1101,0
2024-06-26,Chengdu,0.0726,cold,1.0585,0
2024-06-27,Chengdu,0.2665,cold,1.0896,0
2024-06-28,Chengdu,0.2054,cold,1.0616,0
2024-06-29,Chengdu,0.168,cold,0.9857,0
2024-06-30,Chengdu,0.2759,cold,0.9492,0
2024-07-01,Chengdu,0.0,cold,1.0645,0
2024-07-02,Chengdu,0.4571,cold,1.0842,0
2024-07-03,Chengdu,0.1543,cold,1.1081,0
2024-07-04,Chengdu,0.0757,cold,1.0429,0
2024-07-05,Chengdu,0.4065,cold,1.0443,0
2024-07-06,Chengdu,0.0,cold,0.9418,0
2024-07-07,Chengdu,0.565,cold,0.8836,0
2024-07-08,Chengdu,0.0087,cold,1.1095,0
2024-07-09,Chengdu,0.0872,cold,1.0729,0
2024-07-10,Chengdu,0.4993,cold,1.0919,0
2024-07-11,Chengdu,0.0,cold,1.0673,0
2024-07-12,Chengdu,0.4616,cold,0.9961,0
2024-07-13,Chengdu,0.0138,cold,1.0184,0
2024-07-14,Chengdu,0.0992,cold,0.9514,0
2024-07-15,Chengdu,0.0494,cold,1.0715,0
2024-07-16,Chengdu,0.0,cold,1.0548,0
2024-07-17,Chengdu,0.0,cold,1.0792,0
2024-07-18,Chengdu,0.5759,cold,1.0608,0
2024-07-19,Chengdu,0.4288,cold,1.0169,0
2024-07-20,Chengdu,0.3785,cold,0.9412,0
2024-07-21,Chengdu,0.2654,cold,0.9839,0
2024-07-22,Chengdu,0.1635,cold,1.0755,0
2024-07-23,Chengdu,0.1565,cold,1.0758,0
2024-07-24,Chengdu,0.3028,cold,1.0048,0
2024-07-25,Chengdu,0.1828,cold,1.111,0
2024-07-26,Chengdu,0.2176,cold,1.1185,0
2024-07-27,Chengdu,0.3759,cold,0.9804,0
2024-07-28,Chengdu,0.345,cold,0.9235,0
2024-07-29,Chengdu,0.2299,cold,1.1294,0
2024-07-30,Chengdu,0.3667,cold,1.1003,0
2024-07-31,Chengdu,0.3177,cold,1.0688,0
2024-08-01,Chengdu,0.2603,cold,1.065,0
2024-08-02,Chengdu,0.5436,cold,1.066,0
2024-08-03,Chengdu,0.3682,cold,0.9405,0
2024-08-04,Chengdu,0.1678,cold,0.9085,0
2024-08-05,Chengdu,0.6177,cold,1.0687,0
2024-08-06,Chengdu,0.6426,cold,1.132,0
2024-08-07,Chengdu,0.2767,cold,1.0502,0
2024-08-08,Chengdu,0.4822,cold,1.0593,0
2024-08-09,Chengdu,0.6287,cold,1.0471,0
2024-08-10,Chengdu,0.6227,cold,0.9036,0
2024-08-11,Chengdu,0.2639,cold,0.9107,0
2024-08-12,Chengdu,0.559,cold,1.0571,0
2024-08-13,Chengdu,0.491,cold,1.0241,0
2024-08-14,Chengdu,0.694,cold,1.0668,0
2024-08-15,Chengdu,0.5661,cold,0.9889,0
2024-08-16,Chengdu,1.0,cold,1.0651,0
2024-08-17,Chengdu,0.65,cold,1.0158,0
2024-08-18,Chengdu,0.1367,cold,0.9725,0
2024-08-19,Chengdu,0.6454,cold,1.0238,0
2024-08-20,Chengdu,0.3114,cold,1.1193,0
2024-08-21,Chengdu,0.5638,cold,1.0357,0
2024-08-22,Chengdu,0.8265,cold,1.0741,0
2024-08-23,Chengdu,0.3614,cold,0.9951,0
2024-08-24,Chengdu,0.5962,mild,0.9892,0
2024-08-25,Chengdu,0.8673,mild,0.9213,0
2024-08-26,Chengdu,0.3987,mild,1.1096,0
2024-08-27,Chengdu,0.3102,mild,1.1539,0
2024-08-28,Chengdu,0.5476,mild,1.1206,0
2024-08-29,Chengdu,0.7203,mild,1.1189,0
2024-08-30,Chengdu,0.68,mild,1.092,0
2024-08-31,Chengdu,0.9857,mild,0.9475,0
2024-09-01,Chengdu,0.4776,mild,0.9891,0
2024-09-02,Chengdu,0.606,mild,1.0741,0
2024-09-03,Chengdu,0.71,mild,1.1726,0
2024-09-04,Chengdu,0.5894,mild,1.1106,0
2024-09-05,Chengdu,0.9349,mild,1.0766,0
2024-09-06,Chengdu,0.3628,mild,1.0052,0
2024-09-07,Chengdu,0.7601,mild,0.8955,0
2024-09-08,Chengdu,0.7052,mild,0.9402,0
2024-09-09,Chengdu,0.8196,mild,1.0378,0
2024-09-10,Chengdu,0.9293,mild,1.0842,0
2024-09-11,Chengdu,0.8386,mild,1.0704,0
2024-09-12,Chengdu,0.5838,mild,1.1528,0
2024-09-13,Chengdu,1.0,mild,1.0624,0
2024-09-14,Chengdu,0.8781,mild,0.9959,0
2024-09-15,Chengdu,0.947,mild,1.1239,1
2024-09-16,Chengdu,0.767,mild,1.1491,0
2024-09-17,Chengdu,1.0,mild,1.1298,0
2024-09-18,Chengdu,1.0,mild,1.095,0
2024-09-19,Chengdu,0.7014,mild,1.0751,0
2024-09-20,Chengdu,0.8153,mild,0.999,0
2024-09-21,Chengdu,0.8547,mild,0.9477,0
2024-09-22,Chengdu,0.6423,mild,0.9791,0
2024-09-23,Chengdu,0.9023,mild,1.153,0
2024-09-24,Chengdu,0.546,mild,1.0485,0
2024-09-25,Chengdu,0.8108,mild,1.014,0
2024-09-26,Chengdu,0.8282,mild,1.1466,0
2024-09-27,Chengdu,1.0,mild,1.0193,0
2024-09-28,Chengdu,0.9726,mild,0.9933,0
2024-09-29,Chengdu,0.8533,mild,0.8947,0
2024-09-30,Chengdu,1.0,mild,1.0526,0
2024-10-01,Chengdu,0.6577,mild,1.1441,0
2024-10-02,Chengdu,1.0,mild,1.1729,0
2024-10-03,Chengdu,0.8161,mild,1.1061,0
2024-10-04,Chengdu,1.0,mild,1.1643,0
2024-10-05,Chengdu,0.8669,mild,1.0486,0
2024-10-06,Chengdu,0.4084,mild,1.0582,0
2024-10-07,Chengdu,1.0,mild,1.2086,0
2024-10-08,Chengdu,1.0,mild,1.0595,0
2024-10-09,Chengdu,0.9406,mild,1.0619,0
2024-10-10,Chengdu,0.9714,mild,1.0782,0
2024-10-11,Chengdu,1.0,mild,1.1013,0
2024-10-12,Chengdu,1.0,mild,0.9567,0
2024-10-13,Chengdu,0.908,mild,0.9513,0
2024-10-14,Chengdu,1.0,mild,1.0697,0
2024-10-15,Chengdu,1.0,mild,1.102,0
2024-10-16,Chengdu,0.8795,mild,1.0833,1
2024-10-17,Chengdu,0.8219,mild,1.0752,0
2024-10-18,Chengdu,0.8779,mild,1.1062,0
2024-10-19,Chengdu,1.0,mild,0.939,0
2024-10-20,Chengdu,0.9671,mild,0.9006,0
2024-10-21,Chengdu,0.9829,mild,1.1737,0
2024-10-22,Chengdu,1.0,mild,1.08,1
2024-10-23,Chengdu,0.7827,mild,1.0004,0
2024-10-24,Chengdu,0.9579,mild,0.9858,0
2024-10-25,Chengdu,0.925,mild,1.0614,0
2024-10-26,Chengdu,0.911,mild,1.019,0
2024-10-27,Chengdu,0.8743,mild,0.9473,0
2024-10-28,Chengdu,0.8396,mild,1.0392,0
2024-10-29,Chengdu,0.9047,mild,1.0262,0
2024-10-30,Chengdu,1.0,mild,0.9911,0
2024-10-31,Chengdu,1.0,mild,1.088,0
2024-11-01,Chengdu,1.0,mild,1.128,0
2024-11-02,Chengdu,1.0,mild,0.9565,0
2024-11-03,Chengdu,0.8898,mild,0.9543,0
2024-11-04,Chengdu,1.0,mild,1.0439,0
2024-11-05,Chengdu,1.0,mild,1.0645,0
2024-11-06,Chengdu,0.7328,mild,1.0241,0
2024-11-07,Chengdu,1.0,mild,1.0788,0
2024-11-08,Chengdu,1.0,mild,1.1129,0
2024-11-09,Chengdu,1.0,mild,0.994,0
2024-11-10,Chengdu,1.0,mild,1.0008,0
2024-11-11,Chengdu,0.9469,mild,1.0578,0
2024-11-12,Chengdu,1.0,mild,1.012,0
2024-11-13,Chengdu,0.789,mild,1.0244,0
2024-11-14,Chengdu,0.9427,mild,1.0077,0
2024-11-15,Chengdu,1.0,mild,1.1122,0
2024-11-16,Chengdu,0.9927,mild,0.9488,0
2024-11-17,Chengdu,0.4893,mild,0.9117,0
2024-11-18,Chengdu,0.8036,mild,1.0597,0
2024-11-19,Chengdu,0.88,mild,1.0726,0
2024-11-20,Chengdu,0.9551,mild,1.0519,0
2024-11-21,Chengdu,0.9954,mild,1.0004,0
2024-11-22,Chengdu,0.9145,mild,1.1205,0
2024-11-23,Chengdu,1.0,hot,0.9096,1
2024-11-24,Chengdu,0.7695,hot,0.9218,0
2024-11-25,Chengdu,1.0,hot,1.0241,0
2024-11-26,Chengdu,0.9763,hot,1.0934,0
2024-11-27,Chengdu,0.6997,hot,1.0896,0
2024-11-28,Chengdu,0.9059,hot,1.0765,0
2024-11-29,Chengdu,0.9587,hot,1.0554,0
2024-11-30,Chengdu,1.0,hot,0.9241,0
2024-12-01,Chengdu,1.0,hot,1.0187,0
2024-12-02,Chengdu,1.0,hot,1.0456,0
2024-12-03,Chengdu,0.9322,hot,1.0643,0
2024-12-04,Chengdu,1.0,hot,1.1053,0
2024-12-05,Chengdu,1.0,hot,1.0789,0
2024-12-06,Chengdu,0.7238,hot,1.0642,0
2024-12-07,Chengdu,1.0,hot,0.9249,0
2024-12-08,Chengdu,0.7645,hot,0.9476,0
2024-12-09,Chengdu,1.0,hot,1.0933,0
2024-12-10,Chengdu,0.9463,hot,1.1142,0
2024-12-11,Chengdu,0.9231,hot,1.0264,0
2024-12-12,Chengdu,1.0,hot,1.0857,0
2024-12-13,Chengdu,0.9199,hot,1.0904,0
2024-12-14,Chengdu,0.8402,hot,0.9238,0
2024-12-15,Chengdu,0.8677,hot,0.9318,0
2024-12-16,Chengdu,0.9417,hot,1.0628,0
2024-12-17,Chengdu,0.959,hot,1.0999,0
2024-12-18,Chengdu,1.0,hot,1.0604,0
2024-12-19,Chengdu,0.7259,hot,1.0463,0
2024-12-20,Chengdu,0.7674,hot,1.0738,0
2024-12-21,Chengdu,0.6049,hot,0.9828,0
2024-12-22,Chengdu,0.7481,hot,0.9062,0
2024-12-23,Chengdu,1.0,hot,1.0539,1
2024-12-24,Chengdu,1.0,hot,0.9976,0
2024-12-25,Chengdu,1.0,hot,0.9617,0
2024-12-26,Chengdu,0.7476,hot,1.0594,0
2024-12-27,Chengdu,1.0,hot,1.0655,0
2024-12-28,Chengdu,0.8345,hot,0.9706,0
2024-12-29,Chengdu,0.5633,hot,1.0297,0
2024-12-30,Chengdu,0.8288,hot,1.0541,0
2024-12-31,Chengdu,1.0,hot,1.0932,0
2025-01-01,Chengdu,0.5983,hot,1.154,0
2025-01-02,Chengdu,0.5312,hot,1.1028,0
2025-01-03,Chengdu,1.0,hot,1.1428,0
2025-01-04,Chengdu,0.9074,hot,0.9007,0
2025-01-05,Chengdu,0.7322,hot,0.9065,0
2025-01-06,Chengdu,0.7314,hot,1.057,0
2025-01-07,Chengdu,0.6671,hot,1.1394,0
2025-01-08,Chengdu,1.0,hot,1.0293,0
2025-01-09,Chengdu,0.7065,hot,1.0563,0
2025-01-10,Chengdu,1.0,hot,1.1176,0
2025-01-11,Chengdu,0.8139,hot,0.9187,0
2025-01-12,Chengdu,0.5672,hot,0.9325,0
2025-01-13,Chengdu,0.4221,hot,1.0681,0
2025-01-14,Chengdu,0.9609,hot,1.0466,0
2025-01-15,Chengdu,0.8343,hot,0.9773,0
2025-01-16,Chengdu,0.7056,hot,1.1433,0
2025-01-17,Chengdu,0.9018,hot,1.066,0
2025-01-18,Chengdu,0.4823,hot,0.9738,0
2025-01-19,Chengdu,1.0,hot,0.9903,0
2025-01-20,Chengdu,0.5328,hot,1.0153,0
2025-01-21,Chengdu,0.5656,hot,1.1292,0
2025-01-22,Chengdu,0.6752,hot,1.091,0
2025-01-23,Chengdu,0.6346,hot,1.0964,0
2025-01-24,Chengdu,0.6154,hot,1.0978,0
2025-01-25,Chengdu,0.5301,hot,0.974,0
2025-01-26,Chengdu,0.7537,hot,0.9318,0
2025-01-27,Chengdu,0.9699,hot,1.1319,0
2024-01-01,Wuhan,0.7008,hot,1.158,0
2024-01-02,Wuhan,0.6996,hot,1.0447,0
2024-01-03,Wuhan,0.7474,hot,1.1407,0
2024-01-04,Wuhan,0.8418,hot,1.1528,0
2024-01-05,Wuhan,0.6935,hot,1.0233,0
2024-01-06,Wuhan,0.5948,hot,0.9462,0
2024-01-07,Wuhan,1.0,hot,0.9962,0
2024-01-08,Wuhan,0.5103,hot,1.1314,0
2024-01-09,Wuhan,0.5114,hot,0.9995,0
2024-01-10,Wuhan,0.4406,hot,1.0451,0
2024-01-11,Wuhan,0.627,hot,1.0842,0
2024-01-12,Wuhan,0.6983,hot,1.1468,0
2024-01-13,Wuhan,0.7478,hot,0.8874,0
2024-01-14,Wuhan,0.5846,hot,0.992,1
2024-01-15,Wuhan,0.7725,mild,1.0968,0
2024-01-16,Wuhan,0.8508,mild,1.0396,0
2024-01-17,Wuhan,0.5758,mild,1.084,0
2024-01-18,Wuhan,0.6468,mild,1.027,0
2024-01-19,Wuhan,0.6374,mild,1.0484,0
2024-01-20,Wuhan,0.6453,mild,0.9253,0
2024-01-21,Wuhan,0.4318,mild,1.0438,0
2024-01-22,Wuhan,0.6536,mild,1.1169,0
2024-01-23,Wuhan,0.1356,mild,1.054,0
2024-01-24,Wuhan,0.5449,mild,1.0782,0
2024-01-25,Wuhan,0.3741,mild,1.086,1
2024-01-26,Wuhan,0.6331,mild,1.0492,0
2024-01-27,Wuhan,0.5433,mild,1.021,0
2024-01-28,Wuhan,0.6871,mild,0.9476,1
2024-01-29,Wuhan,0.6587,mild,1.058,0
2024-01-30,Wuhan,0.0,mild,1.1209,0
2024-01-31,Wuhan,0.8674,mild,1.0693,0
2024-02-01,Wuhan,0.4436,mild,1.0705,0
2024-02-02,Wuhan,0.8072,mild,1.1596,0
2024-02-03,Wuhan,0.4999,mild,0.8982,0
2024-02-04,Wuhan,0.507,mild,0.9384,0
2024-02-05,Wuhan,0.3792,mild,1.0759,0
2024-02-06,Wuhan,0.6717,mild,1.0658,0
2024-02-07,Wuhan,0.4313,mild,1.0646,0
2024-02-08,Wuhan,0.5956,mild,1.035,0
2024-02-09,Wuhan,0.4505,mild,1.0748,0
2024-02-10,Wuhan,0.4002,mild,1.0818,0
2024-02-11,Wuhan,0.3928,mild,1.0565,0
2024-02-12,Wuhan,0.2392,mild,1.1685,0
2024-02-13,Wuhan,0.227,mild,1.155,0
2024-02-14,Wuhan,0.5772,mild,1.1663,0
2024-02-15,Wuhan,0.4159,mild,1.0219,0
2024-02-16,Wuhan,0.1281,mild,1.0273,0
2024-02-17,Wuhan,0.2505,mild,0.9686,0
2024-02-18,Wuhan,0.5109,mild,0.909,0
2024-02-19,Wuhan,0.3753,mild,1.1631,0
2024-02-20,Wuhan,0.2508,mild,1.0974,0
2024-02-21,Wuhan,0.056,mild,1.0363,0
2024-02-22,Wuhan,0.2661,mild,1.0567,0
2024-02-23,Wuhan,0.5857,mild,1.0131,1
2024-02-24,Wuhan,0.5132,mild,0.9488,0
2024-02-25,Wuhan,0.0741,mild,0.9408,0
2024-02-26,Wuhan,0.3458,mild,1.0139,0
2024-02-27,Wuhan,0.3218,mild,1.0776,0
2024-02-28,Wuhan,0.2143,mild,1.041,0
2024-02-29,Wuhan,0.2507,mild,1.0664,0
2024-03-01,Wuhan,0.0,mild,1.0476,0
2024-03-02,Wuhan,0.2944,mild,0.998,0
2024-03-03,Wuhan,0.399,mild,1.0053,0
2024-03-04,Wuhan,0.5625,mild,1.144,0
2024-03-05,Wuhan,0.3744,mild,1.0618,0
2024-03-06,Wuhan,0.1791,mild,1.0949,0
2024-03-07,Wuhan,0.1982,mild,0.9758,0
2024-03-08,Wuhan,0.1857,mild,1.0882,0
2024-03-09,Wuhan,0.2723,mild,1.0078,0
2024-03-10,Wuhan,0.6427,mild,0.9935,0
2024-03-11,Wuhan,0.4607,mild,1.0233,0
2024-03-12,Wuhan,0.4572,mild,0.9953,0
2024-03-13,Wuhan,0.2862,mild,1.1488,0
2024-03-14,Wuhan,0.4735,mild,1.0476,0
2024-03-15,Wuhan,0.0,mild,1.0265,0
2024-03-16,Wuhan,0.0,mild,0.9796,0
2024-03-17,Wuhan,0.0,mild,0.9289,0
2024-03-18,Wuhan,0.1079,mild,1.0714,0
2024-03-19,Wuhan,0.3465,mild,1.0576,0
2024-03-20,Wuhan,0.1592,mild,1.0888,0
2024-03-21,Wuhan,0.0,mild,1.0412,0
2024-03-22,Wuhan,0.0,mild,1.0983,0
2024-03-23,Wuhan,0.0,mild,0.9366,0
2024-03-24,Wuhan,0.0,mild,0.9257,0
2024-03-25,Wuhan,0.0457,mild,1.0761,0
2024-03-26,Wuhan,0.377,mild,1.0895,0
2024-03-27,Wuhan,0.1227,mild,1.075,0
2024-03-28,Wuhan,0.0,mild,1.1007,1
2024-03-29,Wuhan,0.3638,mild,1.1216,0
2024-03-30,Wuhan,0.0431,mild,0.9703,0
2024-03-31,Wuhan,0.3879,mild,0.9531,0
2024-04-01,Wuhan,0.0,mild,1.0215,0
2024-04-02,Wuhan,0.0,mild,1.1139,0
2024-04-03,Wuhan,0.0945,mild,1.116,0
2024-04-04,Wuhan,0.4305,mild,1.153,0
2024-04-05,Wuhan,0.1658,mild,1.199,1
2024-04-06,Wuhan,0.2384,mild,0.9708,0
2024-04-07,Wuhan,0.1489,mild,1.0286,0
2024-04-08,Wuhan,0.0,mild,1.1744,0
2024-04-09,Wuhan,0.3165,mild,1.0711,0
2024-04-10,Wuhan,0.0,mild,1.095,0
2024-04-11,Wuhan,0.3245,mild,1.0875,0
2024-04-12,Wuhan,0.0,mild,1.0666,0
2024-04-13,Wuhan,0.074,mild,0.9884,0
2024-04-14,Wuhan,0.0395,mild,0.9972,0
2024-04-15,Wuhan,0.1339,cold,1.0566,0
2024-04-16,Wuhan,0.0856,cold,1.1191,0
2024-04-17,Wuhan,0.0,cold,1.105,0
2024-04-18,Wuhan,0.0042,cold,1.0423,0
2024-04-19,Wuhan,0.1684,cold,1.0683,0
2024-04-20,Wuhan,0.0,cold,0.9833,0
2024-04-21,Wuhan,0.0728,cold,0.9996,0
2024-04-22,Wuhan,0.0033,cold,1.0632,0
2024-04-23,Wuhan,0.2328,cold,1.0168,0
2024-04-24,Wuhan,0.1938,cold,1.0625,0
2024-04-25,Wuhan,0.0819,cold,1.0838,0
2024-04-26,Wuhan,0.1063,cold,1.0307,0
2024-04-27,Wuhan,0.2141,cold,0.9574,0
2024-04-28,Wuhan,0.0,cold,0.9578,0
2024-04-29,Wuhan,0.0,cold,1.0136,0
2024-04-30,Wuhan,0.0314,cold,1.0042,0
2024-05-01,Wuhan,0.0,cold,1.1907,0
2024-05-02,Wuhan,0.0,cold,1.1392,0
2024-05-03,Wuhan,0.0035,cold,1.1759,0
2024-05-04,Wuhan,0.0,cold,0.9359,0
2024-05-05,Wuhan,0.0,cold,0.9277,0
2024-05-06,Wuhan,0.076,cold,1.0148,0
2024-05-07,Wuhan,0.0,cold,1.1064,0
2024-05-08,Wuhan,0.0,cold,1.1344,0
2024-05-09,Wuhan,0.1767,cold,1.0874,0
2024-05-10,Wuhan,0.1123,cold,1.1184,0
2024-05-11,Wuhan,0.3275,cold,0.984,0
2024-05-12,Wuhan,0.0495,cold,0.9555,0
2024-05-13,Wuhan,0.0,cold,1.0788,0
2024-05-14,Wuhan,0.0675,cold,1.0709,0
2024-05-15,Wuhan,0.1276,cold,1.0767,0
2024-05-16,Wuhan,0.3321,cold,1.0643,0
2024-05-17,Wuhan,0.0,cold,1.0505,0
2024-05-18,Wuhan,0.263,cold,0.9678,0
2024-05-19,Wuhan,0.127,cold,0.953,0
2024-05-20,Wuhan,0.0786,cold,1.0524,0
2024-05-21,Wuhan,0.0569,cold,1.0941,0
2024-05-22,Wuhan,0.1504,cold,1.0337,0
2024-05-23,Wuhan,0.0,cold,1.0271,0
2024-05-24,Wuhan,0.0,cold,1.042,0
2024-05-25,Wuhan,0.0,cold,0.9425,0
2024-05-26,Wuhan,0.1839,cold,0.9839,0
2024-05-27,Wuhan,0.1339,cold,1.0729,0
2024-05-28,Wuhan,0.0,cold,1.1216,0
2024-05-29,Wuhan,0.0,cold,1.0716,0
2024-05-30,Wuhan,0.0,cold,1.0771,1
2024-05-31,Wuhan,0.0,cold,1.0108,0
2024-06-01,Wuhan,0.0,cold,0.9466,0
2024-06-02,Wuhan,0.1762,cold,0.9474,0
2024-06-03,Wuhan,0.0303,cold,1.0385,1
2024-06-04,Wuhan,0.0,cold,1.0916,0
2024-06-05,Wuhan,0.2371,cold,1.0565,0
2024-06-06,Wuhan,0.0,cold,1.0429,0
2024-06-07,Wuhan,0.2917,cold,1.1367,0
2024-06-08,Wuhan,0.4166,cold,0.9384,0
2024-06-09,Wuhan,0.0,cold,0.9668,0
2024-06-10,Wuhan,0.0,cold,1.1887,0
2024-06-11,Wuhan,0.1776,cold,1.1063,0
2024-06-12,Wuhan,0.0,cold,1.051,0
2024-06-13,Wuhan,0.0932,cold,1.0741,0
2024-06-14,Wuhan,0.4182,cold,1.0412,0
2024-06-15,Wuhan,0.0,cold,0.9529,0
2024-06-16,Wuhan,0.3318,cold,0.9332,0
2024-06-17,Wuhan,0.2097,cold,1.0484,0
2024-06-18,Wuhan,0.0313,cold,1.0946,0
2024-06-19,Wuhan,0.2308,cold,1.0927,0
2024-06-20,Wuhan,0.0,cold,1.0884,0
2024-06-21,Wuhan,0.0521,cold,1.1565,0
2024-06-22,Wuhan,0.0313,cold,0.9961,0
2024-06-23,Wuhan,0.0905,cold,1.0,1
2024-06-24,Wuhan,0.0,cold,1.0918,0
2024-06-25,Wuhan,0.4613,cold,1.0458,0
2024-06-26,Wuhan,0.5105,cold,1.036,0
2024-06-27,Wuhan,0.2676,cold,1.0357,0
2024-06-28,Wuhan,0.1641,cold,1.0602,0
2024-06-29,Wuhan,0.2244,cold,0.9566,0
2024-06-30,Wuhan,0.1187,cold,0.9453,1
2024-07-01,Wuhan,0.1468,cold,1.083,0
2024-07-02,Wuhan,0.1016,cold,1.0588,0
2024-07-03,Wuhan,0.5336,cold,1.0708,0
2024-07-04,Wuhan,0.1608,cold,1.0694,0
2024-07-05,Wuhan,0.2247,cold,1.0325,0
2024-07-06,Wuhan,0.0,cold,0.9049,0
2024-07-07,Wuhan,0.4198,cold,1.0028,0
2024-07-08,Wuhan,0.3992,cold,1.0519,0
2024-07-09,Wuhan,0.4922,cold,1.0726,0
2024-07-10,Wuhan,0.2279,cold,1.1489,1
2024-07-11,Wuhan,0.542,cold,1.1379,0
2024-07-12,Wuhan,0.2221,cold,1.0287,0
2024-07-13,Wuhan,0.4375,cold,0.9421,0
2024-07-14,Wuhan,0.4256,cold,0.8757,0
2024-07-15,Wuhan,0.2707,cold,1.0913,0
2024-07-16,Wuhan,0.5884,cold,1.0658,0
2024-07-17,Wuhan,0.3601,cold,1.078,0
2024-07-18,Wuhan,0.3846,cold,1.0556,0
2024-07-19,Wuhan,0.4872,cold,1.0475,0
2024-07-20,Wuhan,0.2914,cold,0.9994,1
2024-07-21,Wuhan,0.3973,cold,0.9324,0
2024-07-22,Wuhan,0.6343,cold,1.0959,0
2024-07-23,Wuhan,0.5089,cold,1.0148,0
2024-07-24,Wuhan,0.3714,cold,1.041,0
2024-07-25,Wuhan,0.0797,cold,1.0161,0
2024-07-26,Wuhan,0.4127,cold,1.0383,0
2024-07-27,Wuhan,0.3557,cold,0.9936,0
2024-07-28,Wuhan,0.5676,cold,0.9581,0
2024-07-29,Wuhan,0.4345,cold,1.0206,0
2024-07-30,Wuhan,0.3253,cold,1.0853,0
2024-07-31,Wuhan,0.4707,cold,1.0929,0
2024-08-01,Wuhan,0.3391,mild,1.0707,0
2024-08-02,Wuhan,0.7637,mild,1.0107,0
2024-08-03,Wuhan,0.9986,mild,0.9391,0
2024-08-04,Wuhan,0.3976,mild,0.8392,0
2024-08-05,Wuhan,0.6568,mild,1.0335,0
2024-08-06,Wuhan,0.6859,mild,1.0,0
2024-08-07,Wuhan,0.4872,mild,1.0399,0
2024-08-08,Wuhan,0.3093,mild,1.0786,0
2024-08-09,Wuhan,0.6442,mild,1.078,0
2024-08-10,Wuhan,0.2936,mild,0.9697,0
2024-08-11,Wuhan,0.5325,mild,0.9919,0
2024-08-12,Wuhan,0.8142,mild,1.1278,0
2024-08-13,Wuhan,0.403,mild,0.9825,0
2024-08-14,Wuhan,0.6081,mild,1.0402,0
2024-08-15,Wuhan,0.4414,mild,1.053,0
2024-08-16,Wuhan,0.4045,mild,1.0656,0
2024-08-17,Wuhan,0.6513,mild,0.9999,0
2024-08-18,Wuhan,0.6231,mild,0.8565,0
2024-08-19,Wuhan,0.7674,mild,1.008,0
2024-08-20,Wuhan,0.6992,mild,1.1288,0
2024-08-21,Wuhan,0.5307,mild,1.0679,0
2024-08-22,Wuhan,0.627,mild,1.112,0
2024-08-23,Wuhan,0.6846,mild,1.0878,0
2024-08-24,Wuhan,0.8222,mild,0.956,0
2024-08-25,Wuhan,0.714,mild,0.9651,0
2024-08-26,Wuhan,0.5736,mild,1.119,0
2024-08-27,Wuhan,0.5109,mild,1.0772,0
2024-08-28,Wuhan,0.5996,mild,1.1084,0
2024-08-29,Wuhan,0.732,mild,0.9493,0
2024-08-30,Wuhan,0.7795,mild,1.0886,0
2024-08-31,Wuhan,0.6884,mild,0.9434,0
2024-09-01,Wuhan,0.6971,mild,0.8995,0
2024-09-02,Wuhan,0.5462,mild,1.1303,0
2024-09-03,Wuhan,0.7886,mild,1.0495,0
2024-09-04,Wuhan,0.9249,mild,0.9831,0
2024-09-05,Wuhan,0.7539,mild,1.0792,0
2024-09-06,Wuhan,0.4402,mild,1.038,0
2024-09-07,Wuhan,0.6391,mild,0.9888,0
2024-09-08,Wuhan,0.8395,mild,0.9563,0
2024-09-09,Wuhan,0.7684,mild,1.1016,0
2024-09-10,Wuhan,0.8775,mild,1.0099,0
2024-09-11,Wuhan,0.8741,mild,1.0872,0
2024-09-12,Wuhan,0.7184,mild,1.1296,0
2024-09-13,Wuhan,0.8953,mild,1.0938,0
2024-09-14,Wuhan,0.7691,mild,0.9239,0
2024-09-15,Wuhan,1.0,mild,1.0669,0
2024-09-16,Wuhan,1.0,mild,1.183,0
2024-09-17,Wuhan,0.81,mild,1.131,0
2024-09-18,Wuhan,0.779,mild,1.0465,0
2024-09-19,Wuhan,1.0,mild,1.082,0
2024-09-20,Wuhan,0.9999,mild,1.0888,0
2024-09-21,Wuhan,0.9926,mild,0.9554,0
2024-09-22,Wuhan,1.0,mild,0.9565,0
2024-09-23,Wuhan,1.0,mild,1.0509,0
2024-09-24,Wuhan,0.9608,mild,1.0456,0
2024-09-25,Wuhan,0.828,mild,1.0503,0
2024-09-26,Wuhan,0.7797,mild,1.0806,0
2024-09-27,Wuhan,1.0,mild,0.966,0
2024-09-28,Wuhan,0.8067,mild,0.9681,0
2024-09-29,Wuhan,0.8774,mild,0.9459,1
2024-09-30,Wuhan,1.0,mild,1.0692,0
2024-10-01,Wuhan,1.0,mild,1.1967,0
2024-10-02,Wuhan,1.0,mild,1.1517,0
2024-10-03,Wuhan,0.7556,mild,1.1226,0
2024-10-04,Wuhan,0.7627,mild,1.2158,0
2024-10-05,Wuhan,0.8635,mild,1.0482,0
2024-10-06,Wuhan,0.9407,mild,1.0067,0
2024-10-07,Wuhan,1.0,mild,1.1802,0
2024-10-08,Wuhan,1.0,mild,1.0697,0
2024-10-09,Wuhan,1.0,mild,1.0633,0
2024-10-10,Wuhan,1.0,mild,1.0693,0
2024-10-11,Wuhan,0.8885,mild,1.1172,0
2024-10-12,Wuhan,0.6866,mild,0.9229,0
2024-10-13,Wuhan,1.0,mild,0.9398,0
2024-10-14,Wuhan,1.0,mild,1.0593,0
2024-10-15,Wuhan,1.0,mild,1.0367,0
2024-10-16,Wuhan,1.0,mild,1.0025,0
2024-10-17,Wuhan,0.9243,mild,1.1111,0
2024-10-18,Wuhan,0.9126,mild,1.0507,0
2024-10-19,Wuhan,0.9757,mild,1.0218,0
2024-10-20,Wuhan,0.9118,mild,0.9596,0
2024-10-21,Wuhan,1.0,mild,1.0167,0
2024-10-22,Wuhan,1.0,mild,1.119,0
2024-10-23,Wuhan,1.0,mild,1.0644,0
2024-10-24,Wuhan,0.4523,mild,1.0088,0
2024-10-25,Wuhan,0.9822,mild,1.0953,0
2024-10-26,Wuhan,0.7959,mild,0.9335,0
2024-10-27,Wuhan,1.0,mild,0.9184,0
2024-10-28,Wuhan,0.8855,mild,1.0352,0
2024-10-29,Wuhan,1.0,mild,1.0647,0
2024-10-30,Wuhan,1.0,mild,1.1557,0
2024-10-31,Wuhan,1.0,hot,1.1114,0
2024-11-01,Wuhan,1.0,hot,1.0187,1
2024-11-02,Wuhan,0.8872,hot,0.9339,0
2024-11-03,Wuhan,0.9483,hot,0.9713,0
2024-11-04,Wuhan,0.6643,hot,1.0402,0
2024-11-05,Wuhan,1.0,hot,1.0901,0
2024-11-06,Wuhan,0.8576,hot,1.0799,1
2024-11-07,Wuhan,0.7939,hot,1.0997,0
2024-11-08,Wuhan,1.0,hot,1.0457,0
2024-11-09,Wuhan,0.9085,hot,0.9761,0
2024-11-10,Wuhan,0.956,hot,0.8532,0
2024-11-11,Wuhan,1.0,hot,1.0536,0
2024-11-12,Wuhan,0.7847,hot,1.0475,0
2024-11-13,Wuhan,0.8911,hot,1.1113,0
2024-11-14,Wuhan,0.8649,hot,1.0411,0
2024-11-15,Wuhan,1.0,hot,1.1148,0
2024-11-16,Wuhan,0.7362,hot,0.8977,0
2024-11-17,Wuhan,1.0,hot,0.8674,0
2024-11-18,Wuhan,1.0,hot,1.0613,0
2024-11-19,Wuhan,1.0,hot,1.0266,0
2024-11-20,Wuhan,0.9555,hot,1.0319,0
2024-11-21,Wuhan,1.0,hot,1.0309,0
2024-11-22,Wuhan,0.8948,hot,1.069,0
2024-11-23,Wuhan,0.8628,hot,0.9727,0
2024-11-24,Wuhan,1.0,hot,0.8513,0
2024-11-25,Wuhan,1.0,hot,1.0949,0
2024-11-26,Wuhan,0.7507,hot,1.0425,0
2024-11-27,Wuhan,1.0,hot,1.0774,0
2024-11-28,Wuhan,0.9519,hot,1.0825,0
2024-11-29,Wuhan,1.0,hot,1.0789,0
2024-11-30,Wuhan,0.5983,hot,0.9553,0
2024-12-01,Wuhan,0.8388,hot,0.9692,0
2024-12-02,Wuhan,0.932,hot,1.0922,0
2024-12-03,Wuhan,0.9789,hot,1.0676,0
2024-12-04,Wuhan,0.8331,hot,1.0603,0
2024-12-05,Wuhan,0.9093,hot,1.0256,0
2024-12-06,Wuhan,0.7272,hot,1.0674,0
2024-12-07,Wuhan,0.9648,hot,0.9424,0
2024-12-08,Wuhan,0.8695,hot,0.9054,0
2024-12-09,Wuhan,0.8673,hot,1.0939,0
2024-12-10,Wuhan,0.8379,hot,1.0518,0
2024-12-11,Wuhan,0.8677,hot,1.0537,0
2024-12-12,Wuhan,0.6759,hot,1.0469,0
2024-12-13,Wuhan,0.9981,hot,1.0341,0
2024-12-14,Wuhan,0.7239,hot,0.9725,0
2024-12-15,Wuhan,0.8484,hot,0.8949,0
2024-12-16,Wuhan,1.0,hot,1.0196,0
2024-12-17,Wuhan,0.8837,hot,1.0851,0
2024-12-18,Wuhan,0.6891,hot,1.031,0
2024-12-19,Wuhan,0.7378,hot,0.96,0
2024-12-20,Wuhan,0.6584,hot,1.0887,0
2024-12-21,Wuhan,0.8416,hot,0.9898,0
2024-12-22,Wuhan,1.0,hot,0.9075,0
2024-12-23,Wuhan,0.9469,hot,1.0624,0
2024-12-24,Wuhan,0.7414,hot,1.1528,0
2024-12-25,Wuhan,0.8633,hot,1.0921,0
2024-12-26,Wuhan,0.592,hot,1.0175,0
2024-12-27,Wuhan,0.8482,hot,1.0609,1
2024-12-28,Wuhan,0.3624,hot,0.9424,0
2024-12-29,Wuhan,0.9502,hot,0.9898,0
2024-12-30,Wuhan,0.849,hot,1.0101,0
2024-12-31,Wuhan,0.8839,hot,1.1198,0
2025-01-01,Wuhan,0.4659,hot,1.1545,0
2025-01-02,Wuhan,0.7944,hot,1.0705,0
2025-01-03,Wuhan,0.9409,hot,1.0259,0
2025-01-04,Wuhan,0.5642,hot,0.9356,0
2025-01-05,Wuhan,0.7323,hot,0.9434,0
2025-01-06,Wuhan,0.8907,hot,1.0676,0
2025-01-07,Wuhan,0.6907,hot,1.069,0
2025-01-08,Wuhan,0.7168,hot,1.0985,0
2025-01-09,Wuhan,0.8036,hot,1.0375,0
2025-01-10,Wuhan,0.5981,hot,1.1041,1
2025-01-11,Wuhan,0.9683,hot,0.9038,0
2025-01-12,Wuhan,0.5757,hot,0.8946,0
2025-01-13,Wuhan,0.7905,hot,1.0698,0
2025-01-14,Wuhan,0.6009,hot,1.0461,0
2025-01-15,Wuhan,0.53,mild,1.0171,0
2025-01-16,Wuhan,0.6154,mild,1.1516,0
2025-01-17,Wuhan,0.7983,mild,1.1133,0
2025-01-18,Wuhan,0.5041,mild,0.9797,0
2025-01-19,Wuhan,0.3756,mild,0.9049,0
2025-01-20,Wuhan,0.7283,mild,1.0595,0
2025-01-21,Wuhan,0.3083,mild,1.0261,0
2025-01-22,Wuhan,0.4834,mild,1.0747,0
2025-01-23,Wuhan,1.0,mild,1.0692,0
2025-01-24,Wuhan,0.4381,mild,1.003,0
2025-01-25,Wuhan,0.2914,mild,0.9506,0
2025-01-26,Wuhan,0.2187,mild,1.0194,0
2025-01-27,Wuhan,0.2672,mild,1.1059,0
2024-01-01,Nanjing,0.8796,mild,1.1407,0
2024-01-02,Nanjing,0.7374,mild,1.0937,0
2024-01-03,Nanjing,0.6511,mild,1.0911,0
2024-01-04,Nanjing,0.6952,mild,1.0643,0
2024-01-05,Nanjing,0.7588,mild,1.0717,0
2024-01-06,Nanjing,0.8727,mild,0.8929,0
2024-01-07,Nanjing,0.6304,mild,0.9627,0
2024-01-08,Nanjing,0.326,mild,1.0644,0
2024-01-09,Nanjing,0.7395,mild,1.0621,0
2024-01-10,Nanjing,0.3319,mild,1.1521,0
2024-01-11,Nanjing,0.8578,mild,1.0326,0
2024-01-12,Nanjing,0.7051,mild,1.0372,0
2024-01-13,Nanjing,0.5977,mild,0.9684,0
2024-01-14,Nanjing,0.6941,mild,1.0132,0
2024-01-15,Nanjing,0.8784,mild,1.0455,0
2024-01-16,Nanjing,0.6465,mild,1.0273,0
2024-01-17,Nanjing,0.5513,mild,1.0359,0
2024-01-18,Nanjing,0.5677,mild,1.0671,0
2024-01-19,Nanjing,0.5166,mild,1.0553,0
2024-01-20,Nanjing,0.4083,mild,1.0563,0
2024-01-21,Nanjing,0.4103,mild,0.9298,0
2024-01-22,Nanjing,0.2694,mild,1.087,0
2024-01-23,Nanjing,0.5584,mild,1.1195,0
2024-01-24,Nanjing,0.4086,mild,1.0778,0
2024-01-25,Nanjing,0.499,mild,1.0382,0
2024-01-26,Nanjing,0.1692,mild,1.0862,0
2024-01-27,Nanjing,0.4907,mild,0.9009,0
2024-01-28,Nanjing,0.6633,mild,0.9735,0
2024-01-29,Nanjing,0.7276,mild,1.0391,0
2024-01-30,Nanjing,0.1745,mild,1.0998,0
2024-01-31,Nanjing,0.2623,mild,1.0946,0
2024-02-01,Nanjing,0.586,mild,1.0786,0
2024-02-02,Nanjing,0.5076,mild,1.0822,0
2024-02-03,Nanjing,0.441,mild,0.9837,0
2024-02-04,Nanjing,0.3722,mild,0.8946,0
2024-02-05,Nanjing,0.683,mild,1.051,0
2024-02-06,Nanjing,0.5153,mild,0.9873,0
2024-02-07,Nanjing,0.4364,mild,0.9541,0
2024-02-08,Nanjing,0.5606,mild,1.1101,0
2024-02-09,Nanjing,0.513,mild,1.0786,0
2024-02-10,Nanjing,0.2892,mild,1.0546,0
2024-02-11,Nanjing,0.5653,mild,1.1109,0
2024-02-12,Nanjing,0.2563,mild,1.1318,0
2024-02-13,Nanjing,0.4196,mild,1.1831,0
2024-02-14,Nanjing,0.3903,mild,1.1266,0
2024-02-15,Nanjing,0.5539,mild,1.1352,0
2024-02-16,Nanjing,0.049,mild,1.0779,0
2024-02-17,Nanjing,0.1336,mild,0.9476,0
2024-02-18,Nanjing,0.3932,mild,1.0492,0
2024-02-19,Nanjing,0.0963,mild,1.119,0
2024-02-20,Nanjing,0.2314,mild,1.0674,0
2024-02-21,Nanjing,0.3698,mild,1.0883,0
2024-02-22,Nanjing,0.4704,mild,1.231,0
2024-02-23,Nanjing,0.2622,mild,1.0181,0
2024-02-24,Nanjing,0.1985,mild,0.9286,1
2024-02-25,Nanjing,0.5497,mild,0.9999,0
2024-02-26,Nanjing,0.0049,mild,1.1235,0
2024-02-27,Nanjing,0.0,mild,1.0985,0
2024-02-28,Nanjing,0.0,mild,1.037,0
2024-02-29,Nanjing,0.3336,mild,1.0494,0
2024-03-01,Nanjing,0.3254,mild,1.0513,0
2024-03-02,Nanjing,0.0,mild,0.8959,0
2024-03-03,Nanjing,0.2265,mild,0.9869,0
2024-03-04,Nanjing,0.0313,mild,1.1244,0
2024-03-05,Nanjing,0.3932,mild,1.1228,0
2024-03-06,Nanjing,0.0378,mild,1.0373,0
2024-03-07,Nanjing,0.0,mild,1.0315,0
2024-03-08,Nanjing,0.266,mild,1.028,0
2024-03-09,Nanjing,0.2248,mild,1.0104,0
2024-03-10,Nanjing,0.3276,mild,0.9691,0
2024-03-11,Nanjing,0.0,mild,1.0651,0
2024-03-12,Nanjing,0.0816,mild,1.0878,0
2024-03-13,Nanjing,0.1904,mild,1.0629,0
2024-03-14,Nanjing,0.3118,mild,1.084,0
2024-03-15,Nanjing,0.074,mild,1.0003,0
2024-03-16,Nanjing,0.1948,mild,0.9421,0
2024-03-17,Nanjing,0.3836,mild,0.9038,0
2024-03-18,Nanjing,0.4869,mild,1.1131,0
2024-03-19,Nanjing,0.0,mild,1.0155,0
2024-03-20,Nanjing,0.0,mild,1.0412,0
2024-03-21,Nanjing,0.0604,mild,1.0894,0
2024-03-22,Nanjing,0.0,mild,1.0636,0
2024-03-23,Nanjing,0.4003,mild,0.9593,0
2024-03-24,Nanjing,0.1407,cold,0.9718,0
2024-03-25,Nanjing,0.0,cold,1.1403,0
2024-03-26,Nanjing,0.1762,cold,1.078,0
2024-03-27,Nanjing,0.3605,cold,1.0925,0
2024-03-28,Nanjing,0.2486,cold,1.0448,0
2024-03-29,Nanjing,0.0,cold,1.0287,0
2024-03-30,Nanjing,0.1085,cold,0.8819,0
2024-03-31,Nanjing,0.0,cold,1.0012,0
2024-04-01,Nanjing,0.0,cold,1.073,0
2024-04-02,Nanjing,0.2609,cold,1.07,0
2024-04-03,Nanjing,0.136,cold,1.0298,0
2024-04-04,Nanjing,0.1002,cold,1.126,0
2024-04-05,Nanjing,0.1746,cold,1.191,0
2024-04-06,Nanjing,0.0,cold,0.9139,0
2024-04-07,Nanjing,0.1821,cold,0.9332,0
2024-04-08,Nanjing,0.0,cold,1.0431,1
2024-04-09,Nanjing,0.096,cold,1.0661,0
2024-04-10,Nanjing,0.0267,cold,1.0635,0
2024-04-11,Nanjing,0.0,cold,1.0793,0
2024-04-12,Nanjing,0.0447,cold,1.0229,0
2024-04-13,Nanjing,0.0793,cold,1.0089,1
2024-04-14,Nanjing,0.0,cold,0.959,0
2024-04-15,Nanjing,0.0,cold,1.0245,0
2024-04-16,Nanjing,0.0373,cold,1.0432,0
2024-04-17,Nanjing,0.0,cold,1.1225,0
2024-04-18,Nanjing,0.0299,cold,1.0929,0
2024-04-19,Nanjing,0.0361,cold,1.081,0
2024-04-20,Nanjing,0.0462,cold,0.9482,0
2024-04-21,Nanjing,0.0067,cold,0.9604,0
2024-04-22,Nanjing,0.0,cold,1.0563,0
2024-04-23,Nanjing,0.0866,cold,1.0884,0
2024-04-24,Nanjing,0.1106,cold,1.1152,0
2024-04-25,Nanjing,0.0,cold,1.0574,0
2024-04-26,Nanjing,0.0739,cold,1.0861,0
2024-04-27,Nanjing,0.0,cold,0.9428,0
2024-04-28,Nanjing,0.1531,cold,0.9098,0
2024-04-29,Nanjing,0.0,cold,1.0888,0
2024-04-30,Nanjing,0.2854,cold,1.0533,0
2024-05-01,Nanjing,0.1138,cold,1.135,1
2024-05-02,Nanjing,0.0,cold,1.1494,0
2024-05-03,Nanjing,0.2075,cold,1.1461,0
2024-05-04,Nanjing,0.0655,cold,0.8941,0
2024-05-05,Nanjing,0.0,cold,0.9751,0
2024-05-06,Nanjing,0.0139,cold,1.0182,0
2024-05-07,Nanjing,0.1812,cold,1.0377,0
2024-05-08,Nanjing,0.0983,cold,1.0892,0
2024-05-09,Nanjing,0.3815,cold,1.0911,0
2024-05-10,Nanjing,0.0,cold,0.9958,0
2024-05-11,Nanjing,0.0,cold,0.9718,0
2024-05-12,Nanjing,0.0692,cold,0.919,0
2024-05-13,Nanjing,0.0,cold,1.1598,0
2024-05-14,Nanjing,0.326,cold,1.121,0
2024-05-15,Nanjing,0.2452,cold,1.0662,0
2024-05-16,Nanjing,0.309,cold,1.1152,0
2024-05-17,Nanjing,0.0,cold,1.0466,0
2024-05-18,Nanjing,0.2155,cold,0.8859,0
2024-05-19,Nanjing,0.0,cold,0.8929,0
2024-05-20,Nanjing,0.0,cold,1.1035,0
2024-05-21,Nanjing,0.0,cold,0.9745,0
2024-05-22,Nanjing,0.3844,cold,1.1533,0
2024-05-23,Nanjing,0.0,cold,1.0581,0
2024-05-24,Nanjing,0.0,cold,1.0795,0
2024-05-25,Nanjing,0.0,cold,0.929,0
2024-05-26,Nanjing,0.0,cold,0.9681,1
2024-05-27,Nanjing,0.1059,cold,1.1254,0
2024-05-28,Nanjing,0.2533,cold,0.9983,0
2024-05-29,Nanjing,0.0976,cold,1.1469,0
2024-05-30,Nanjing,0.0804,cold,1.1283,0
2024-05-31,Nanjing,0.0646,cold,1.0833,0
2024-06-01,Nanjing,0.39,cold,0.9679,0
2024-06-02,Nanjing,0.0488,cold,0.9204,0
2024-06-03,Nanjing,0.0,cold,1.0893,0
2024-06-04,Nanjing,0.0038,cold,1.0899,0
2024-06-05,Nanjing,0.2692,cold,1.0509,0
2024-06-06,Nanjing,0.0656,cold,1.0953,0
2024-06-07,Nanjing,0.2762,cold,1.0744,0
2024-06-08,Nanjing,0.3299,cold,0.9465,0
2024-06-09,Nanjing,0.2788,cold,0.9191,0
2024-06-10,Nanjing,0.2788,cold,1.1579,0
2024-06-11,Nanjing,0.1351,cold,1.1109,0
2024-06-12,Nanjing,0.2255,cold,1.055,0
2024-06-13,Nanjing,0.3949,cold,1.0678,0
2024-06-14,Nanjing,0.1952,cold,1.075,0
2024-06-15,Nanjing,0.4099,cold,0.9532,0
2024-06-16,Nanjing,0.0741,cold,0.9431,0
2024-06-17,Nanjing,0.3605,cold,1.1,0
2024-06-18,Nanjing,0.3903,cold,1.0664,0
2024-06-19,Nanjing,0.4621,cold,1.1285,0
2024-06-20,Nanjing,0.3563,cold,1.1007,0
2024-06-21,Nanjing,0.3671,cold,1.0169,0
2024-06-22,Nanjing,0.4352,cold,0.9296,0
2024-06-23,Nanjing,0.3416,cold,0.9389,0
2024-06-24,Nanjing,0.3921,cold,1.0473,0
2024-06-25,Nanjing,0.3353,cold,1.0487,0
2024-06-26,Nanjing,0.0317,cold,1.0599,0
2024-06-27,Nanjing,0.3903,cold,1.0385,0
2024-06-28,Nanjing,0.2918,cold,1.0924,0
2024-06-29,Nanjing,0.2046,cold,0.9619,0
2024-06-30,Nanjing,0.3416,cold,0.8847,0
2024-07-01,Nanjing,0.6806,cold,1.0185,0
2024-07-02,Nanjing,0.2799,cold,1.0738,0
2024-07-03,Nanjing,0.5339,cold,1.0734,0
2024-07-04,Nanjing,0.3156,cold,1.056,0
2024-07-05,Nanjing,0.0179,cold,1.081,0
2024-07-06,Nanjing,0.4357,cold,0.9775,0
2024-07-07,Nanjing,0.3175,cold,0.9894,0
2024-07-08,Nanjing,0.6376,cold,1.1022,0
2024-07-09,Nanjing,0.4158,mild,1.0399,0
2024-07-10,Nanjing,0.1836,mild,1.072,0
2024-07-11,Nanjing,0.1303,mild,1.0685,1
2024-07-12,Nanjing,0.1921,mild,1.0552,0
2024-07-13,Nanjing,0.3007,mild,0.9871,0
2024-07-14,Nanjing,0.0627,mild,0.9501,0
2024-07-15,Nanjing,0.5015,mild,1.0484,0
2024-07-16,Nanjing,0.4359,mild,1.0523,0
2024-07-17,Nanjing,0.3874,mild,1.0679,0
2024-07-18,Nanjing,0.4193,mild,1.0922,0
2024-07-19,Nanjing,0.5946,mild,1.0816,0
2024-07-20,Nanjing,0.4896,mild,0.927,0
2024-07-21,Nanjing,0.8453,mild,0.9984,0
2024-07-22,Nanjing,0.6428,mild,1.0352,0
2024-07-23,Nanjing,0.6679,mild,1.1295,0
2024-07-24,Nanjing,0.4189,mild,1.1573,0
2024-07-25,Nanjing,0.8427,mild,1.0783,0
2024-07-26,Nanjing,0.4681,mild,1.1077,0
2024-07-27,Nanjing,0.3454,mild,0.9359,0
2024-07-28,Nanjing,0.517,mild,0.9303,0
2024-07-29,Nanjing,0.7475,mild,1.052,0
2024-07-30,Nanjing,0.3399,mild,1.0342,0
2024-07-31,Nanjing,0.5716,mild,1.0313,0
2024-08-01,Nanjing,0.3828,mild,1.0882,0
2024-08-02,Nanjing,0.4009,mild,0.9955,0
2024-08-03,Nanjing,0.267,mild,0.9513,0
2024-08-04,Nanjing,0.9011,mild,0.8778,0
2024-08-05,Nanjing,0.4303,mild,1.0223,0
2024-08-06,Nanjing,0.8378,mild,1.094,0
2024-08-07,Nanjing,0.752,mild,0.9803,0
2024-08-08,Nanjing,0.4851,mild,1.0731,0
2024-08-09,Nanjing,0.6162,mild,1.063,0
2024-08-10,Nanjing,0.7471,mild,0.956,0
2024-08-11,Nanjing,0.7304,mild,0.983,0
2024-08-12,Nanjing,0.6555,mild,1.1165,0
2024-08-13,Nanjing,0.9992,mild,1.0164,0
2024-08-14,Nanjing,0.5113,mild,1.1575,0
2024-08-15,Nanjing,0.6002,mild,1.0552,0
2024-08-16,Nanjing,0.6392,mild,1.0647,0
2024-08-17,Nanjing,0.7164,mild,0.9507,0
2024-08-18,Nanjing,0.9496,mild,0.9425,0
2024-08-19,Nanjing,0.5234,mild,1.1007,0
2024-08-20,Nanjing,0.5161,mild,1.0626,0
2024-08-21,Nanjing,0.7696,mild,1.1299,0
2024-08-22,Nanjing,0.9332,mild,1.0439,0
2024-08-23,Nanjing,0.791,mild,1.0965,0
2024-08-24,Nanjing,0.6264,mild,0.9852,0
2024-08-25,Nanjing,0.6616,mild,0.8766,0
2024-08-26,Nanjing,0.7144,mild,1.0648,0
2024-08-27,Nanjing,0.699,mild,1.0592,0
2024-08-28,Nanjing,1.0,mild,1.0712,0
2024-08-29,Nanjing,0.5799,mild,1.0756,0
2024-08-30,Nanjing,0.5209,mild,1.0954,0
2024-08-31,Nanjing,0.7426,mild,0.9617,0
2024-09-01,Nanjing,0.9241,mild,0.9742,0
2024-09-02,Nanjing,0.8053,mild,1.0604,1
2024-09-03,Nanjing,0.7549,mild,1.0714,0
2024-09-04,Nanjing,0.8498,mild,1.1303,0
2024-09-05,Nanjing,0.8202,mild,1.0621,0
2024-09-06,Nanjing,0.9643,mild,1.0569,0
2024-09-07,Nanjing,0.8938,mild,0.9561,0
2024-09-08,Nanjing,1.0,mild,0.9489,0
2024-09-09,Nanjing,0.9077,mild,1.0176,0
2024-09-10,Nanjing,0.8046,mild,1.0937,0
2024-09-11,Nanjing,0.8238,mild,1.0636,0
2024-09-12,Nanjing,1.0,mild,1.0957,0
2024-09-13,Nanjing,0.8289,mild,1.1181,0
2024-09-14,Nanjing,0.6439,mild,0.9014,0
2024-09-15,Nanjing,1.0,mild,1.0259,0
2024-09-16,Nanjing,0.8653,mild,1.1929,0
2024-09-17,Nanjing,0.8132,mild,1.1162,0
2024-09-18,Nanjing,1.0,mild,1.0736,0
2024-09-19,Nanjing,1.0,mild,1.0466,0
2024-09-20,Nanjing,1.0,mild,1.0722,0
2024-09-21,Nanjing,1.0,mild,0.9655,0
2024-09-22,Nanjing,1.0,mild,0.9781,0
2024-09-23,Nanjing,0.8174,mild,1.0827,0
2024-09-24,Nanjing,1.0,mild,1.0691,0
2024-09-25,Nanjing,0.9184,mild,1.06,0
2024-09-26,Nanjing,1.0,mild,1.1296,0
2024-09-27,Nanjing,1.0,mild,1.0873,0
2024-09-28,Nanjing,0.6812,mild,0.8979,0
2024-09-29,Nanjing,0.5744,mild,1.0063,0
2024-09-30,Nanjing,0.9574,mild,0.9824,0
2024-10-01,Nanjing,0.9655,mild,1.2488,0
2024-10-02,Nanjing,1.0,mild,1.1508,0
2024-10-03,Nanjing,1.0,mild,1.1562,0
2024-10-04,Nanjing,1.0,mild,1.1718,0
2024-10-05,Nanjing,0.854,mild,1.1063,0
2024-10-06,Nanjing,1.0,mild,1.0553,0
2024-10-07,Nanjing,0.9819,mild,1.1523,0
2024-10-08,Nanjing,0.9478,hot,1.0101,0
2024-10-09,Nanjing,0.6756,hot,1.0947,0
2024-10-10,Nanjing,1.0,hot,1.0755,0
2024-10-11,Nanjing,1.0,hot,1.0763,0
2024-10-12,Nanjing,0.9335,hot,0.967,0
2024-10-13,Nanjing,1.0,hot,0.8955,0
2024-10-14,Nanjing,0.7127,hot,1.1308,0
2024-10-15,Nanjing,1.0,hot,1.0766,0
2024-10-16,Nanjing,1.0,hot,1.1163,0
2024-10-17,Nanjing,0.9348,hot,1.1007,0
2024-10-18,Nanjing,0.9641,hot,1.056,0
2024-10-19,Nanjing,1.0,hot,0.92,0
2024-10-20,Nanjing,1.0,hot,0.9695,0
2024-10-21,Nanjing,1.0,hot,1.0869,0
2024-10-22,Nanjing,1.0,hot,1.052,0
2024-10-23,Nanjing,0.7744,hot,1.0631,0
2024-10-24,Nanjing,1.0,hot,1.0868,0
2024-10-25,Nanjing,0.9815,hot,1.1005,0
2024-10-26,Nanjing,1.0,hot,0.978,0
2024-10-27,Nanjing,1.0,hot,0.883,0
2024-10-28,Nanjing,0.7884,hot,1.1272,0
2024-10-29,Nanjing,0.6999,hot,1.0753,0
2024-10-30,Nanjing,0.7251,hot,1.091,0
2024-10-31,Nanjing,0.8082,hot,1.047,0
2024-11-01,Nanjing,1.0,hot,1.1141,0
2024-11-02,Nanjing,0.555,hot,0.9656,0
2024-11-03,Nanjing,1.0,hot,0.9685,0
2024-11-04,Nanjing,0.894,hot,1.1474,0
2024-11-05,Nanjing,0.7801,hot,1.1077,0
2024-11-06,Nanjing,0.7719,hot,1.1311,0
2024-11-07,Nanjing,0.9137,hot,1.0242,0
2024-11-08,Nanjing,0.9757,hot,1.1259,0
2024-11-09,Nanjing,0.8839,hot,0.9295,0
2024-11-10,Nanjing,1.0,hot,0.8749,0
2024-11-11,Nanjing,0.9505,hot,1.0287,0
2024-11-12,Nanjing,0.7264,hot,1.0513,0
2024-11-13,Nanjing,0.8764,hot,1.0671,0
2024-11-14,Nanjing,1.0,hot,1.0897,0
2024-11-15,Nanjing,0.931,hot,1.048,0
2024-11-16,Nanjing,0.8524,hot,0.9429,0
2024-11-17,Nanjing,0.73,hot,0.9785,0
2024-11-18,Nanjing,1.0,hot,1.1056,0
2024-11-19,Nanjing,0.9254,hot,1.0355,0
2024-11-20,Nanjing,0.6665,hot,1.0129,0
2024-11-21,Nanjing,1.0,hot,1.0776,0
2024-11-22,Nanjing,0.5737,hot,1.05,0
2024-11-23,Nanjing,1.0,hot,0.8881,0
2024-11-24,Nanjing,1.0,hot,0.9925,0
2024-11-25,Nanjing,1.0,hot,1.0915,0
2024-11-26,Nanjing,0.7176,hot,1.0926,0
2024-11-27,Nanjing,1.0,hot,1.0825,0
2024-11-28,Nanjing,1.0,hot,1.0699,0
2024-11-29,Nanjing,0.8467,hot,1.0424,0
2024-11-30,Nanjing,0.6392,hot,0.9103,0
2024-12-01,Nanjing,1.0,hot,0.9922,0
2024-12-02,Nanjing,1.0,hot,1.124,0
2024-12-03,Nanjing,0.4242,hot,1.0671,0
2024-12-04,Nanjing,1.0,hot,1.0352,0
2024-12-05,Nanjing,0.4656,hot,1.0553,0
2024-12-06,Nanjing,1.0,hot,1.1219,0
2024-12-07,Nanjing,0.6116,hot,0.9845,0
2024-12-08,Nanjing,0.5478,hot,0.8673,0
2024-12-09,Nanjing,0.8099,hot,1.0186,1
2024-12-10,Nanjing,0.9016,hot,1.0667,0
2024-12-11,Nanjing,1.0,hot,1.1102,0
2024-12-12,Nanjing,0.77,hot,1.0844,0
2024-12-13,Nanjing,0.8746,hot,1.0168,0
2024-12-14,Nanjing,0.5994,hot,0.9053,0
2024-12-15,Nanjing,0.8136,hot,0.9583,0
2024-12-16,Nanjing,0.6886,hot,1.0884,0
2024-12-17,Nanjing,0.4014,hot,1.0783,0
2024-12-18,Nanjing,1.0,hot,1.0438,0
2024-12-19,Nanjing,0.5955,hot,1.0261,0
2024-12-20,Nanjing,0.2786,hot,1.0521,0
2024-12-21,Nanjing,0.7616,hot,0.9859,0
2024-12-22,Nanjing,0.4646,mild,1.0075,0
2024-12-23,Nanjing,0.7641,mild,1.0253,1
2024-12-24,Nanjing,0.5317,mild,1.1175,0
2024-12-25,Nanjing,0.8175,mild,1.0446,0
2024-12-26,Nanjing,0.4195,mild,1.1322,0
2024-12-27,Nanjing,0.6482,mild,1.0962,0
2024-12-28,Nanjing,0.6712,mild,0.9338,0
2024-12-29,Nanjing,0.5863,mild,0.927,0
2024-12-30,Nanjing,0.7247,mild,1.1553,0
2024-12-31,Nanjing,0.8906,mild,1.0271,0
2025-01-01,Nanjing,0.5532,mild,1.1858,0
2025-01-02,Nanjing,0.6843,mild,1.1663,0
2025-01-03,Nanjing,0.8791,mild,1.1006,0
2025-01-04,Nanjing,0.4005,mild,1.0048,0
2025-01-05,Nanjing,0.5493,mild,0.9725,0
2025-01-06,Nanjing,0.4351,mild,1.0495,0
2025-01-07,Nanjing,0.6009,mild,1.1042,0
2025-01-08,Nanjing,0.7016,mild,1.0406,0
2025-01-09,Nanjing,0.5592,mild,1.0324,0
2025-01-10,Nanjing,0.6908,mild,1.0515,0
2025-01-11,Nanjing,0.4686,mild,0.9452,0
2025-01-12,Nanjing,0.7531,mild,1.0011,0
2025-01-13,Nanjing,0.7732,mild,1.0434,0
2025-01-14,Nanjing,0.7384,mild,1.1305,0
2025-01-15,Nanjing,0.4037,mild,1.1029,0
2025-01-16,Nanjing,0.6471,mild,1.1124,0
2025-01-17,Nanjing,0.4725,mild,1.027,0
2025-01-18,Nanjing,0.4527,mild,0.9227,0
2025-01-19,Nanjing,0.484,mild,0.9387,0
2025-01-20,Nanjing,0.4532,mild,1.0838,0
2025-01-21,Nanjing,0.4095,mild,1.0018,0
2025-01-22,Nanjing,0.2897,mild,1.0773,0
2025-01-23,Nanjing,0.1768,mild,1.048,0
2025-01-24,Nanjing,0.4422,mild,1.113,0
2025-01-25,Nanjing,0.4726,mild,1.0082,0
2025-01-26,Nanjing,0.3358,mild,0.9564,0
2025-01-27,Nanjing,0.5397,mild,1.0906,0
2024-01-01,Suzhou,0.6206,mild,1.1653,0
2024-01-02,Suzhou,0.7302,mild,1.0891,0
2024-01-03,Suzhou,0.7401,mild,1.0351,0
2024-01-04,Suzhou,0.0,mild,1.0672,0
2024-01-05,Suzhou,0.6266,mild,0.9912,0
2024-01-06,Suzhou,0.6311,mild,0.9088,0
2024-01-07,Suzhou,0.4376,mild,0.9487,0
2024-01-08,Suzhou,0.7008,mild,1.0737,0
2024-01-09,Suzhou,0.4383,mild,1.0955,0
2024-01-10,Suzhou,0.4801,mild,1.0546,0
2024-01-11,Suzhou,0.3218,mild,0.9959,0
2024-01-12,Suzhou,0.6684,mild,0.9983,0
2024-01-13,Suzhou,0.6813,mild,0.9738,0
2024-01-14,Suzhou,0.3079,mild,0.9532,0
2024-01-15,Suzhou,0.4863,mild,1.0628,0
2024-01-16,Suzhou,0.5366,mild,1.0888,0
2024-01-17,Suzhou,0.4719,mild,1.1372,0
2024-01-18,Suzhou,0.674,mild,1.0406,0
2024-01-19,Suzhou,0.6568,mild,1.0583,0
2024-01-20,Suzhou,0.5107,mild,0.9149,0
2024-01-21,Suzhou,0.6217,mild,0.9869,0
2024-01-22,Suzhou,0.3843,mild,1.0781,0
2024-01-23,Suzhou,0.8253,mild,1.0793,0
2024-01-24,Suzhou,0.6068,mild,1.0554,0
2024-01-25,Suzhou,0.0839,mild,1.0519,0
2024-01-26,Suzhou,0.6583,mild,1.0391,0
2024-01-27,Suzhou,0.4695,mild,0.9251,0
2024-01-28,Suzhou,0.5169,mild,0.9282,0
2024-01-29,Suzhou,0.1167,mild,1.0704,0
2024-01-30,Suzhou,0.2892,mild,1.0143,0
2024-01-31,Suzhou,0.7243,mild,1.0277,0
2024-02-01,Suzhou,0.1536,mild,1.0576,0
2024-02-02,Suzhou,0.2344,mild,1.0586,0
2024-02-03,Suzhou,0.5167,mild,0.8195,0
2024-02-04,Suzhou,0.2942,mild,0.9236,0
2024-02-05,Suzhou,0.511,mild,1.0135,0
2024-02-06,Suzhou,0.0306,mild,1.1215,0
2024-02-07,Suzhou,0.1884,mild,1.0536,0
2024-02-08,Suzhou,0.3088,mild,1.0332,0
2024-02-09,Suzhou,0.125,mild,1.0214,0
2024-02-10,Suzhou,0.0492,mild,1.0332,0
2024-02-11,Suzhou,0.2704,mild,1.129,0
2024-02-12,Suzhou,0.3258,mild,1.1703,0
2024-02-13,Suzhou,0.3629,mild,1.1634,0
2024-02-14,Suzhou,0.0928,mild,1.1945,0
2024-02-15,Suzhou,0.3594,mild,1.0691,1
2024-02-16,Suzhou,0.1706,mild,1.0636,0
2024-02-17,Suzhou,0.7875,mild,0.9988,0
2024-02-18,Suzhou,0.3119,mild,0.9769,0
2024-02-19,Suzhou,0.0,mild,1.0675,0
2024-02-20,Suzhou,0.0,mild,1.0412,0
2024-02-21,Suzhou,0.1859,mild,1.1267,0
2024-02-22,Suzhou,0.5952,mild,1.0085,0
2024-02-23,Suzhou,0.1548,mild,1.0246,0
2024-02-24,Suzhou,0.1458,mild,0.9422,0
2024-02-25,Suzhou,0.2307,mild,0.9373,0
2024-02-26,Suzhou,0.1142,mild,1.0314,0
2024-02-27,Suzhou,0.1096,mild,1.0192,0
2024-02-28,Suzhou,0.2296,mild,0.9989,0
2024-02-29,Suzhou,0.1576,mild,1.0682,0
2024-03-01,Suzhou,0.2607,cold,1.0699,0
2024-03-02,Suzhou,0.1535,cold,0.8827,0
2024-03-03,Suzhou,0.0,cold,0.964,0
2024-03-04,Suzhou,0.2955,cold,1.0332,0
2024-03-05,Suzhou,0.0809,cold,1.0323,0
2024-03-06,Suzhou,0.0844,cold,1.0448,0
2024-03-07,Suzhou,0.068,cold,1.0639,0
2024-03-08,Suzhou,0.0,cold,1.073,0
2024-03-09,Suzhou,0.0,cold,0.9404,0
2024-03-10,Suzhou,0.1104,cold,0.9288,0
2024-03-11,Suzhou,0.1869,cold,0.9741,0
2024-03-12,Suzhou,0.0,cold,1.0134,0
2024-03-13,Suzhou,0.4544,cold,1.1371,0
2024-03-14,Suzhou,0.1238,cold,0.9955,0
2024-03-15,Suzhou,0.0,cold,1.0373,0
2024-03-16,Suzhou,0.0,cold,0.9848,0
2024-03-17,Suzhou,0.0615,cold,0.9148,0
2024-03-18,Suzhou,0.0992,cold,1.0253,0
2024-03-19,Suzhou,0.0027,cold,1.0436,0
2024-03-20,Suzhou,0.0097,cold,1.0393,0
2024-03-21,Suzhou,0.0,cold,1.0455,0
2024-03-22,Suzhou,0.106,cold,1.0547,0
2024-03-23,Suzhou,0.0,cold,0.9325,0
2024-03-24,Suzhou,0.0,cold,0.9655,0
2024-03-25,Suzhou,0.0,cold,1.0473,0
2024-03-26,Suzhou,0.0,cold,0.9873,0
2024-03-27,Suzhou,0.1547,cold,1.1235,0
2024-03-28,Suzhou,0.246,cold,1.0997,0
2024-03-29,Suzhou,0.0,cold,1.0772,0
2024-03-30,Suzhou,0.0833,cold,0.9229,0
2024-03-31,Suzhou,0.3667,cold,0.96,0
2024-04-01,Suzhou,0.1056,cold,1.0809,0
2024-04-02,Suzhou,0.1684,cold,1.0987,0
2024-04-03,Suzhou,0.0,cold,1.0854,0
2024-04-04,Suzhou,0.0,cold,1.2772,0
2024-04-05,Suzhou,0.1758,cold,1.1355,0
2024-04-06,Suzhou,0.4647,cold,0.9115,0
2024-04-07,Suzhou,0.0,cold,0.9161,0
2024-04-08,Suzhou,0.0,cold,1.0962,0
2024-04-09,Suzhou,0.0,cold,1.0608,0
2024-04-10,Suzhou,0.2735,cold,1.0088,0
2024-04-11,Suzhou,0.0745,cold,1.0465,0
2024-04-12,Suzhou,0.3672,cold,1.0299,0
2024-04-13,Suzhou,0.0,cold,0.9784,0
2024-04-14,Suzhou,0.0,cold,0.937,0
2024-04-15,Suzhou,0.1356,cold,1.0233,0
2024-04-16,Suzhou,0.0,cold,1.0697,0
2024-04-17,Suzhou,0.0,cold,1.035,0
2024-04-18,Suzhou,0.0,cold,1.0308,0
2024-04-19,Suzhou,0.0,cold,1.0342,0
2024-04-20,Suzhou,0.1839,cold,0.9586,0
2024-04-21,Suzhou,0.0,cold,0.9043,0
2024-04-22,Suzhou,0.2431,cold,1.0912,0
2024-04-23,Suzhou,0.0,cold,1.037,0
2024-04-24,Suzhou,0.0941,cold,1.0585,0
2024-04-25,Suzhou,0.2382,cold,1.1224,0
2024-04-26,Suzhou,0.0,cold,1.0939,1
2024-04-27,Suzhou,0.3108,cold,0.9662,0
2024-04-28,Suzhou,0.0425,cold,1.0196,0
2024-04-29,Suzhou,0.353,cold,1.0626,0
2024-04-30,Suzhou,0.0,cold,1.004,0
2024-05-01,Suzhou,0.0,cold,1.1767,0
2024-05-02,Suzhou,0.0,cold,1.1593,0
2024-05-03,Suzhou,0.0,cold,1.273,0
2024-05-04,Suzhou,0.0,cold,0.9255,0
2024-05-05,Suzhou,0.0632,cold,0.9332,0
2024-05-06,Suzhou,0.0,cold,1.0317,0
2024-05-07,Suzhou,0.0,cold,1.0992,1
2024-05-08,Suzhou,0.0,cold,1.0744,0
2024-05-09,Suzhou,0.1792,cold,1.0601,0
2024-05-10,Suzhou,0.2512,cold,1.0276,0
2024-05-11,Suzhou,0.0,cold,0.9011,0
2024-05-12,Suzhou,0.0648,cold,0.9873,0
2024-05-13,Suzhou,0.0387,cold,1.0687,0
2024-05-14,Suzhou,0.1316,cold,1.0277,0
2024-05-15,Suzhou,0.0274,cold,1.0518,0
2024-05-16,Suzhou,0.1991,cold,1.074,0
2024-05-17,Suzhou,0.0172,cold,1.047,0
2024-05-18,Suzhou,0.1781,cold,0.9756,0
2024-05-19,Suzhou,0.2706,cold,0.9468,0
2024-05-20,Suzhou,0.1407,cold,1.0156,1
2024-05-21,Suzhou,0.0,cold,1.0289,0
2024-05-22,Suzhou,0.0762,cold,1.063,0
2024-05-23,Suzhou,0.1003,cold,1.0957,0
2024-05-24,Suzhou,0.1998,cold,1.0394,0
2024-05-25,Suzhou,0.133,cold,0.9247,0
2024-05-26,Suzhou,0.3161,cold,0.991,0
2024-05-27,Suzhou,0.0,cold,1.0514,0
2024-05-28,Suzhou,0.3566,cold,1.1781,0
2024-05-29,Suzhou,0.0822,cold,1.0935,0
2024-05-30,Suzhou,0.138,cold,1.0534,0
2024-05-31,Suzhou,0.192,cold,1.0627,0
2024-06-01,Suzhou,0.1773,cold,0.8998,0
2024-06-02,Suzhou,0.0,cold,0.9016,0
2024-06-03,Suzhou,0.1451,cold,1.1069,0
2024-06-04,Suzhou,0.1528,cold,1.051,0
2024-06-05,Suzhou,0.3244,cold,1.0957,0
2024-06-06,Suzhou,0.144,cold,1.1234,0
2024-06-07,Suzhou,0.0228,cold,1.1001,0
2024-06-08,Suzhou,0.3276,cold,0.9541,0
2024-06-09,Suzhou,0.221,cold,0.9522,0
2024-06-10,Suzhou,0.1197,cold,1.1418,1
2024-06-11,Suzhou,0.2411,cold,1.0537,0
2024-06-12,Suzhou,0.5408,cold,1.0523,0
2024-06-13,Suzhou,0.0,cold,1.0683,0
2024-06-14,Suzhou,0.4195,cold,1.0743,0
2024-06-15,Suzhou,0.4082,cold,0.9945,0
2024-06-16,Suzhou,0.5669,mild,0.9432,0
2024-06-17,Suzhou,0.4116,mild,1.1012,0
2024-06-18,Suzhou,0.5306,mild,1.1478,0
2024-06-19,Suzhou,0.3491,mild,1.0146,0
2024-06-20,Suzhou,0.2164,mild,1.0785,0
2024-06-21,Suzhou,0.4088,mild,1.0661,0
2024-06-22,Suzhou,0.0,mild,0.9576,0
2024-06-23,Suzhou,0.6767,mild,0.9793,0
2024-06-24,Suzhou,0.3787,mild,1.0701,0
2024-06-25,Suzhou,0.356,mild,1.0387,0
2024-06-26,Suzhou,0.1646,mild,1.0911,1
2024-06-27,Suzhou,0.3083,mild,1.0473,0
2024-06-28,Suzhou,0.5219,mild,1.0248,0
2024-06-29,Suzhou,0.5616,mild,0.895,0
2024-06-30,Suzhou,0.6893,mild,1.0148,0
2024-07-01,Suzhou,0.4512,mild,1.0995,0
2024-07-02,Suzhou,0.8205,mild,0.9766,0
2024-07-03,Suzhou,0.5764,mild,1.0565,0
2024-07-04,Suzhou,0.4251,mild,1.0753,0
2024-07-05,Suzhou,0.3466,mild,1.0481,0
2024-07-06,Suzhou,0.3098,mild,0.9881,0
2024-07-07,Suzhou,0.6557,mild,0.9048,0
2024-07-08,Suzhou,0.4657,mild,1.186,0
2024-07-09,Suzhou,0.3752,mild,1.087,0
2024-07-10,Suzhou,0.2373,mild,1.1248,0
2024-07-11,Suzhou,0.4759,mild,1.071,0
2024-07-12,Suzhou,0.3649,mild,1.0017,0
2024-07-13,Suzhou,0.1416,mild,0.938,0
2024-07-14,Suzhou,0.6223,mild,0.9917,0
2024-07-15,Suzhou,0.9605,mild,1.0465,0
2024-07-16,Suzhou,0.4563,mild,1.1083,0
2024-07-17,Suzhou,0.8532,mild,1.0488,0
2024-07-18,Suzhou,0.6591,mild,1.0687,0
2024-07-19,Suzhou,0.6079,mild,1.0842,0
2024-07-20,Suzhou,0.4432,mild,0.9366,0
2024-07-21,Suzhou,0.7295,mild,0.9006,0
2024-07-22,Suzhou,0.7031,mild,1.1036,0
2024-07-23,Suzhou,0.5784,mild,1.0884,1
2024-07-24,Suzhou,0.8453,mild,1.0371,0
2024-07-25,Suzhou,0.7576,mild,1.0485,0
2024-07-26,Suzhou,0.5916,mild,1.1192,0
2024-07-27,Suzhou,1.0,mild,0.9165,0
2024-07-28,Suzhou,0.4173,mild,0.9517,1
2024-07-29,Suzhou,0.3769,mild,1.183,0
2024-07-30,Suzhou,0.5642,mild,1.1088,0
2024-07-31,Suzhou,0.8642,mild,1.022,0
2024-08-01,Suzhou,0.3309,mild,1.1061,0
2024-08-02,Suzhou,0.533,mild,1.0699,0
2024-08-03,Suzhou,0.6386,mild,1.0108,0
2024-08-04,Suzhou,0.8096,mild,0.9008,0
2024-08-05,Suzhou,0.5569,mild,1.1395,0
2024-08-06,Suzhou,0.8016,mild,1.1113,0
2024-08-07,Suzhou,0.682,mild,1.1141,0
2024-08-08,Suzhou,0.5053,mild,1.0583,0
2024-08-09,Suzhou,0.8068,mild,0.9947,0
2024-08-10,Suzhou,0.953,mild,0.931,0
2024-08-11,Suzhou,0.7085,mild,0.9597,0
2024-08-12,Suzhou,0.8671,mild,1.0044,0
2024-08-13,Suzhou,0.7404,mild,1.0616,0
2024-08-14,Suzhou,0.6528,mild,1.1454,0
2024-08-15,Suzhou,0.8188,mild,1.0779,0
2024-08-16,Suzhou,0.8877,mild,1.0877,0
2024-08-17,Suzhou,0.4626,mild,0.8785,0
2024-08-18,Suzhou,0.7624,mild,0.9732,0
2024-08-19,Suzhou,0.9096,mild,1.0202,0
2024-08-20,Suzhou,0.5703,mild,1.0855,0
2024-08-21,Suzhou,0.9789,mild,1.0839,0
2024-08-22,Suzhou,0.7559,mild,1.1058,1
2024-08-23,Suzhou,0.5352,mild,1.0431,0
2024-08-24,Suzhou,0.5328,mild,0.9547,0
2024-08-25,Suzhou,0.9234,mild,0.9741,1
2024-08-26,Suzhou,0.8011,mild,1.0271,0
2024-08-27,Suzhou,0.6186,mild,1.0362,1
2024-08-28,Suzhou,0.8412,mild,1.1926,0
2024-08-29,Suzhou,0.8457,mild,1.0131,0
2024-08-30,Suzhou,0.8115,mild,1.1038,0
2024-08-31,Suzhou,0.8452,mild,0.9328,0
2024-09-01,Suzhou,0.7678,mild,0.9347,0
2024-09-02,Suzhou,0.9913,mild,1.0606,0
2024-09-03,Suzhou,0.5862,mild,1.0916,0
2024-09-04,Suzhou,1.0,mild,1.1227,0
2024-09-05,Suzhou,0.722,mild,1.0693,0
2024-09-06,Suzhou,0.8544,mild,1.0474,0
2024-09-07,Suzhou,1.0,mild,0.9361,0
2024-09-08,Suzhou,1.0,mild,0.9193,0
2024-09-09,Suzhou,0.9525,mild,0.9944,0
2024-09-10,Suzhou,1.0,mild,1.0955,0
2024-09-11,Suzhou,0.5782,mild,1.1211,0
2024-09-12,Suzhou,0.7217,mild,1.0385,0
2024-09-13,Suzhou,1.0,mild,1.0505,0
2024-09-14,Suzhou,0.6237,mild,0.9083,0
2024-09-15,Suzhou,0.7886,mild,1.1103,0
2024-09-16,Suzhou,0.9961,hot,1.1445,0
2024-09-17,Suzhou,1.0,hot,1.1075,0
2024-09-18,Suzhou,1.0,hot,1.0282,0
2024-09-19,Suzhou,0.9664,hot,1.0813,0
2024-09-20,Suzhou,0.9811,hot,1.0943,0
2024-09-21,Suzhou,0.9475,hot,0.9483,0
2024-09-22,Suzhou,0.8742,hot,0.897,0
2024-09-23,Suzhou,1.0,hot,1.0844,0
2024-09-24,Suzhou,1.0,hot,1.0121,1
2024-09-25,Suzhou,1.0,hot,1.0206,0
2024-09-26,Suzhou,0.9133,hot,1.0421,1
2024-09-27,Suzhou,1.0,hot,1.0873,0
2024-09-28,Suzhou,0.691,hot,0.9605,0
2024-09-29,Suzhou,1.0,hot,1.0254,0
2024-09-30,Suzhou,0.8216,hot,1.0928,0
2024-10-01,Suzhou,1.0,hot,1.1558,0
2024-10-02,Suzhou,0.9939,hot,1.1751,0
2024-10-03,Suzhou,1.0,hot,1.1596,0
2024-10-04,Suzhou,1.0,hot,1.1772,0
2024-10-05,Suzhou,1.0,hot,1.042,0
2024-10-06,Suzhou,1.0,hot,1.0176,0
2024-10-07,Suzhou,0.8147,hot,1.1813,0
2024-10-08,Suzhou,0.6154,hot,1.0547,0
2024-10-09,Suzhou,0.9184,hot,1.0634,0
2024-10-10,Suzhou,1.0,hot,1.1109,0
2024-10-11,Suzhou,1.0,hot,1.0955,0
2024-10-12,Suzhou,0.8591,hot,0.8795,1
2024-10-13,Suzhou,0.9502,hot,0.9761,0
2024-10-14,Suzhou,0.9837,hot,1.0604,0
2024-10-15,Suzhou,0.9528,hot,1.0564,0
2024-10-16,Suzhou,1.0,hot,1.1134,0
2024-10-17,Suzhou,0.6123,hot,1.0641,0
2024-10-18,Suzhou,0.9732,hot,1.0432,1
2024-10-19,Suzhou,0.8084,hot,0.8988,0
2024-10-20,Suzhou,0.8197,hot,0.95,0
2024-10-21,Suzhou,1.0,hot,1.1018,0
2024-10-22,Suzhou,1.0,hot,1.1249,0
2024-10-23,Suzhou,0.6589,hot,1.0489,0
2024-10-24,Suzhou,0.875,hot,1.1348,0
2024-10-25,Suzhou,1.0,hot,1.115,0
2024-10-26,Suzhou,1.0,hot,0.986,0
2024-10-27,Suzhou,0.9302,hot,0.9832,1
2024-10-28,Suzhou,1.0,hot,1.007,0
2024-10-29,Suzhou,1.0,hot,1.1046,0
2024-10-30,Suzhou,1.0,hot,1.0998,0
2024-10-31,Suzhou,0.8439,hot,1.0776,0
2024-11-01,Suzhou,0.7583,hot,1.0621,0
2024-11-02,Suzhou,1.0,hot,0.9497,0
2024-11-03,Suzhou,1.0,hot,0.9284,0
2024-11-04,Suzhou,0.672,hot,1.0415,0
2024-11-05,Suzhou,1.0,hot,1.094,0
2024-11-06,Suzhou,1.0,hot,1.0401,0
2024-11-07,Suzhou,0.7585,hot,1.0419,0
2024-11-08,Suzhou,0.9605,hot,1.1201,0
2024-11-09,Suzhou,1.0,hot,1.0357,0
2024-11-10,Suzhou,0.6416,hot,0.9921,0
2024-11-11,Suzhou,0.7953,hot,1.0908,0
2024-11-12,Suzhou,0.8924,hot,1.0228,0
2024-11-13,Suzhou,1.0,hot,1.0708,0
2024-11-14,Suzhou,0.693,hot,1.0376,0
2024-11-15,Suzhou,0.9746,hot,1.038,0
2024-11-16,Suzhou,0.9834,hot,0.9141,0
2024-11-17,Suzhou,0.7667,hot,0.9105,0
2024-11-18,Suzhou,1.0,hot,1.1,0
2024-11-19,Suzhou,0.9569,hot,1.0,0
2024-11-20,Suzhou,0.435,hot,1.1392,0
2024-11-21,Suzhou,0.9521,hot,1.0754,0
2024-11-22,Suzhou,0.8363,hot,1.1417,0
2024-11-23,Suzhou,0.7684,hot,0.8797,0
2024-11-24,Suzhou,0.8516,hot,0.8797,0
2024-11-25,Suzhou,0.6283,hot,1.0647,0
2024-11-26,Suzhou,0.7616,hot,1.1011,1
2024-11-27,Suzhou,1.0,hot,1.0557,0
2024-11-28,Suzhou,0.7382,hot,1.0339,0
2024-11-29,Suzhou,0.7955,mild,1.0012,1
2024-11-30,Suzhou,0.484,mild,0.9565,0
2024-12-01,Suzhou,0.7518,mild,0.9742,0
2024-12-02,Suzhou,0.6197,mild,1.064,0
2024-12-03,Suzhou,0.6504,mild,1.0414,0
2024-12-04,Suzhou,0.7123,mild,1.16,0
2024-12-05,Suzhou,0.6114,mild,1.0553,0
2024-12-06,Suzhou,0.9302,mild,1.0044,0
2024-12-07,Suzhou,0.6726,mild,0.9773,0
2024-12-08,Suzhou,1.0,mild,0.9712,1
2024-12-09,Suzhou,0.9077,mild,1.0242,0
2024-12-10,Suzhou,0.8359,mild,1.0298,0
2024-12-11,Suzhou,0.7715,mild,1.0799,0
2024-12-12,Suzhou,0.8922,mild,1.0778,0
2024-12-13,Suzhou,0.7543,mild,1.0462,0
2024-12-14,Suzhou,1.0,mild,0.9573,0
2024-12-15,Suzhou,0.5925,mild,0.9908,0
2024-12-16,Suzhou,0.8499,mild,1.0786,0
2024-12-17,Suzhou,0.9328,mild,1.0813,0
2024-12-18,Suzhou,0.8571,mild,1.0338,0
2024-12-19,Suzhou,0.6785,mild,1.0003,0
2024-12-20,Suzhou,0.5068,mild,1.0511,0
2024-12-21,Suzhou,0.6791,mild,0.9363,0
2024-12-22,Suzhou,0.6532,mild,0.9321,0
2024-12-23,Suzhou,0.8505,mild,0.9858,1
2024-12-24,Suzhou,0.5632,mild,1.0868,0
2024-12-25,Suzhou,0.5494,mild,1.0659,0
2024-12-26,Suzhou,0.6908,mild,1.0227,0
2024-12-27,Suzhou,0.7822,mild,1.022,1
2024-12-28,Suzhou,0.6127,mild,0.9346,0
2024-12-29,Suzhou,0.5317,mild,0.968,0
2024-12-30,Suzhou,0.6925,mild,1.1048,0
2024-12-31,Suzhou,0.5792,mild,1.0342,0
2025-01-01,Suzhou,0.7757,mild,1.1478,0
2025-01-02,Suzhou,0.8984,mild,1.0379,0
2025-01-03,Suzhou,0.8675,mild,1.0643,0
2025-01-04,Suzhou,0.3425,mild,0.8846,0
2025-01-05,Suzhou,0.6203,mild,0.9622,0
2025-01-06,Suzhou,0.5501,mild,0.9965,0
2025-01-07,Suzhou,0.5669,mild,1.1489,0
2025-01-08,Suzhou,0.3596,mild,1.068,0
2025-01-09,Suzhou,0.599,mild,1.0711,0
2025-01-10,Suzhou,0.2177,mild,1.0805,0
2025-01-11,Suzhou,0.5178,mild,0.9825,0
2025-01-12,Suzhou,0.5429,mild,0.9174,0
2025-01-13,Suzhou,0.7036,mild,1.0912,0
2025-01-14,Suzhou,0.3944,mild,1.0619,0
2025-01-15,Suzhou,0.4598,mild,1.1167,0
2025-01-16,Suzhou,0.466,mild,1.0668,0
2025-01-17,Suzhou,0.5728,mild,1.041,0
2025-01-18,Suzhou,0.7761,mild,0.9904,0
2025-01-19,Suzhou,0.5034,mild,0.9434,0
2025-01-20,Suzhou,0.5707,mild,1.04,0
2025-01-21,Suzhou,0.5198,mild,1.0678,0
2025-01-22,Suzhou,0.4865,mild,1.0592,0
2025-01-23,Suzhou,0.4804,mild,1.0457,0
2025-01-24,Suzhou,0.3028,mild,1.0527,0
2025-01-25,Suzhou,0.5876,mild,0.9388,0
2025-01-26,Suzhou,0.6967,mild,0.9205,0
2025-01-27,Suzhou,0.3245,mild,1.1118,0
