date,store_id,category,campaign_id,promo_type,promo_depth,coupon_flag
2024-01-04,S001,beverages,C7235,coupon,0.215,1
2024-01-06,S001,beverages,C5582,discount,0.25,0
2024-01-22,S001,beverages,C2443,free_delivery,0.162,1
2024-02-13,S001,beverages,C7922,bundle,0.209,0
2024-02-21,S001,beverages,C2689,coupon,0.19,0
2024-02-25,S001,beverages,C8270,free_delivery,0.05,0
2024-02-29,S001,beverages,C5467,free_delivery,0.12,0
2024-03-18,S001,beverages,C4359,free_delivery,0.313,1
2024-03-23,S001,beverages,C7047,free_delivery,0.219,1
2024-04-06,S001,beverages,C9719,discount,0.201,0
2024-04-17,S001,beverages,C2036,discount,0.102,0
2024-04-24,S001,beverages,C2618,discount,0.053,0
2024-05-05,S001,beverages,C7360,bundle,0.129,0
2024-05-11,S001,beverages,C3020,coupon,0.245,0
2024-05-24,S001,beverages,C4478,discount,0.202,1
2024-06-02,S001,beverages,C6074,bundle,0.301,1
2024-06-10,S001,beverages,C5609,bundle,0.168,0
2024-07-04,S001,beverages,C8366,discount,0.212,0
2024-07-19,S001,beverages,C8522,free_delivery,0.089,0
2024-07-21,S001,beverages,C2578,coupon,0.252,1
2024-07-24,S001,beverages,C8231,coupon,0.218,0
2024-08-03,S001,beverages,C3245,discount,0.05,0
2024-08-07,S001,beverages,C2586,discount,0.154,0
2024-08-13,S001,beverages,C2648,discount,0.234,1
2024-08-14,S001,beverages,C9509,bundle,0.121,0
2024-08-22,S001,beverages,C4104,bundle,0.169,0
2024-09-07,S001,beverages,C1844,coupon,0.115,0
2024-09-08,S001,beverages,C1464,bundle,0.171,0
2024-09-14,S001,beverages,C3141,bundle,0.254,0
2024-09-19,S001,beverages,C8712,discount,0.304,0
2024-09-25,S001,beverages,C9527,discount,0.136,0
2024-09-28,S001,beverages,C1936,coupon,0.162,0
2024-10-09,S001,beverages,C3218,coupon,0.309,1
2024-12-07,S001,beverages,C5742,discount,0.101,1
2024-12-08,S001,beverages,C4940,discount,0.171,0
2024-12-19,S001,beverages,C9988,free_delivery,0.103,0
2024-12-20,S001,beverages,C4863,coupon,0.05,0
2024-12-29,S001,beverages,C8265,coupon,0.087,0
2025-01-03,S001,beverages,C9639,coupon,0.285,1
2024-01-05,S001,snacks,C8436,discount,0.147,1
2024-01-14,S001,snacks,C2087,discount,0.106,1
2024-01-15,S001,snacks,C8846,coupon,0.32,0
2024-01-30,S001,snacks,C9314,discount,0.13,1
2024-02-02,S001,snacks,C8343,coupon,0.101,0
2024-02-10,S001,snacks,C7750,coupon,0.226,1
2024-02-16,S001,snacks,C4825,free_delivery,0.23,1
2024-02-18,S001,snacks,C9720,discount,0.165,1
2024-02-29,S001,snacks,C8109,discount,0.142,1
2024-03-01,S001,snacks,C3090,coupon,0.173,1
2024-03-05,S001,snacks,C1982,free_delivery,0.181,1
2024-03-13,S001,snacks,C1317,bundle,0.154,1
2024-03-24,S001,snacks,C8952,coupon,0.304,1
2024-03-31,S001,snacks,C8013,coupon,0.186,0
2024-04-01,S001,snacks,C6946,discount,0.214,1
2024-04-03,S001,snacks,C8651,discount,0.081,1
2024-04-07,S001,snacks,C7013,coupon,0.163,1
2024-04-08,S001,snacks,C3824,discount,0.183,1
2024-04-13,S001,snacks,C2403,coupon,0.291,1
2024-04-18,S001,snacks,C3815,discount,0.285,0
2024-04-25,S001,snacks,C9944,coupon,0.167,0
2024-05-06,S001,snacks,C7970,discount,0.323,1
2024-05-11,S001,snacks,C3063,discount,0.118,0
2024-05-12,S001,snacks,C4579,discount,0.209,0
2024-05-14,S001,snacks,C2669,discount,0.168,1
2024-05-17,S001,snacks,C3263,coupon,0.119,0
2024-05-25,S001,snacks,C6438,coupon,0.363,0
2024-06-07,S001,snacks,C2649,discount,0.082,0
2024-06-09,S001,snacks,C3046,discount,0.304,1
2024-06-16,S001,snacks,C2698,coupon,0.144,0
2024-06-22,S001,snacks,C4066,discount,0.05,0
2024-07-02,S001,snacks,C6115,free_delivery,0.148,0
2024-07-03,S001,snacks,C4827,discount,0.07,1
2024-07-07,S001,snacks,C8847,coupon,0.17,1
2024-07-16,S001,snacks,C8426,free_delivery,0.12,1
2024-07-27,S001,snacks,C7282,discount,0.213,1
2024-08-04,S001,snacks,C7354,free_delivery,0.209,0
2024-08-14,S001,snacks,C1499,coupon,0.208,0
2024-08-20,S001,snacks,C8375,coupon,0.404,1
2024-08-24,S001,snacks,C7390,discount,0.158,0
2024-09-04,S001,snacks,C8977,discount,0.159,0
2024-09-11,S001,snacks,C6601,discount,0.264,1
2024-09-13,S001,snacks,C7746,coupon,0.152,0
2024-09-23,S001,snacks,C1105,discount,0.201,1
2024-09-29,S001,snacks,C1735,coupon,0.129,0
2024-10-04,S001,snacks,C7158,discount,0.213,0
2024-10-06,S001,snacks,C1240,free_delivery,0.159,1
2024-10-14,S001,snacks,C9057,discount,0.148,0
2024-10-16,S001,snacks,C8737,discount,0.123,0
2024-10-21,S001,snacks,C9785,discount,0.164,0
2024-10-22,S001,snacks,C8747,bundle,0.196,0
2024-10-24,S001,snacks,C2885,bundle,0.067,1
2024-10-26,S001,snacks,C1535,bundle,0.243,0
2024-10-27,S001,snacks,C4010,bundle,0.299,0
2024-11-04,S001,snacks,C4850,bundle,0.218,1
2024-11-23,S001,snacks,C7153,discount,0.212,0
2024-12-02,S001,snacks,C4007,discount,0.195,1
2024-12-10,S001,snacks,C2449,discount,0.165,0
2024-12-12,S001,snacks,C8638,coupon,0.199,1
2024-12-13,S001,snacks,C6923,coupon,0.206,0
2024-12-15,S001,snacks,C1712,discount,0.165,1
2025-01-07,S001,snacks,C1884,coupon,0.136,1
2024-01-09,S001,fresh,C4645,discount,0.106,0
2024-02-12,S001,fresh,C9878,discount,0.242,0
2024-02-17,S001,fresh,C1857,coupon,0.11,1
2024-02-18,S001,fresh,C7771,coupon,0.221,0
2024-03-23,S001,fresh,C1468,discount,0.145,1
2024-03-26,S001,fresh,C6565,discount,0.185,1
2024-03-29,S001,fresh,C3004,discount,0.309,1
2024-03-31,S001,fresh,C1295,coupon,0.143,0
2024-04-01,S001,fresh,C5770,coupon,0.118,0
2024-05-01,S001,fresh,C9658,bundle,0.282,0
2024-05-18,S001,fresh,C5079,free_delivery,0.233,0
2024-05-25,S001,fresh,C8690,discount,0.116,0
2024-06-11,S001,fresh,C2135,coupon,0.248,1
2024-06-15,S001,fresh,C2632,coupon,0.145,0
2024-06-23,S001,fresh,C1437,coupon,0.201,0
2024-06-25,S001,fresh,C7193,discount,0.186,1
2024-08-18,S001,fresh,C2473,free_delivery,0.162,0
2024-09-08,S001,fresh,C9828,discount,0.195,0
2024-09-14,S001,fresh,C5218,discount,0.134,0
2024-09-21,S001,fresh,C9265,bundle,0.05,0
2024-10-02,S001,fresh,C4643,free_delivery,0.139,1
2024-10-03,S001,fresh,C3855,free_delivery,0.256,1
2024-10-07,S001,fresh,C9989,coupon,0.053,0
2024-10-21,S001,fresh,C7190,free_delivery,0.142,1
2024-11-19,S001,fresh,C8234,coupon,0.087,0
2024-12-01,S001,fresh,C7374,coupon,0.359,1
2024-12-18,S001,fresh,C6530,coupon,0.213,0
2025-01-20,S001,fresh,C1941,bundle,0.252,0
2025-01-21,S001,fresh,C4679,free_delivery,0.212,0
2024-01-01,S001,household,C1150,discount,0.065,1
2024-01-23,S001,household,C6655,discount,0.156,1
2024-02-14,S001,household,C1561,free_delivery,0.132,1
2024-02-25,S001,household,C7071,coupon,0.179,0
2024-03-17,S001,household,C8827,bundle,0.196,1
2024-03-20,S001,household,C2134,discount,0.17,0
2024-03-28,S001,household,C1473,free_delivery,0.102,1
2024-04-05,S001,household,C2289,free_delivery,0.082,1
2024-04-19,S001,household,C4698,discount,0.206,0
2024-06-17,S001,household,C2820,coupon,0.235,0
2024-06-27,S001,household,C6842,discount,0.091,0
2024-07-13,S001,household,C2637,discount,0.181,1
2024-08-03,S001,household,C8964,discount,0.15,1
2024-08-05,S001,household,C6737,discount,0.188,0
2024-08-16,S001,household,C8234,discount,0.128,0
2024-09-07,S001,household,C5900,bundle,0.198,1
2024-09-14,S001,household,C6310,coupon,0.201,0
2024-09-27,S001,household,C6371,discount,0.306,0
2024-10-05,S001,household,C2374,free_delivery,0.125,1
2024-10-10,S001,household,C3184,discount,0.189,0
2024-10-24,S001,household,C7674,discount,0.138,0
2024-11-10,S001,household,C6902,discount,0.217,1
2024-12-15,S001,household,C4773,coupon,0.206,0
2024-01-01,S001,ready_to_eat,C5231,coupon,0.191,0
2024-01-14,S001,ready_to_eat,C6852,discount,0.225,1
2024-01-26,S001,ready_to_eat,C7846,coupon,0.239,0
2024-02-02,S001,ready_to_eat,C1314,discount,0.131,0
2024-02-04,S001,ready_to_eat,C6900,discount,0.056,0
2024-03-11,S001,ready_to_eat,C7238,free_delivery,0.094,1
2024-03-17,S001,ready_to_eat,C1226,discount,0.081,0
2024-03-28,S001,ready_to_eat,C7259,discount,0.112,1
2024-03-30,S001,ready_to_eat,C8657,coupon,0.155,0
2024-04-14,S001,ready_to_eat,C6016,discount,0.239,1
2024-04-16,S001,ready_to_eat,C5950,discount,0.202,0
2024-05-01,S001,ready_to_eat,C8914,coupon,0.256,0
2024-05-05,S001,ready_to_eat,C2742,discount,0.19,1
2024-05-12,S001,ready_to_eat,C8802,discount,0.068,0
2024-05-18,S001,ready_to_eat,C3389,coupon,0.212,0
2024-05-25,S001,ready_to_eat,C3585,discount,0.178,0
2024-06-06,S001,ready_to_eat,C2410,coupon,0.237,0
2024-06-11,S001,ready_to_eat,C3072,bundle,0.24,0
2024-06-22,S001,ready_to_eat,C1696,discount,0.209,1
2024-07-27,S001,ready_to_eat,C3804,discount,0.124,0
2024-08-08,S001,ready_to_eat,C5567,coupon,0.219,1
2024-08-31,S001,ready_to_eat,C5910,coupon,0.221,1
2024-09-13,S001,ready_to_eat,C3159,discount,0.168,1
2024-09-16,S001,ready_to_eat,C8787,coupon,0.14,1
2024-09-17,S001,ready_to_eat,C1625,bundle,0.09,1
2024-09-20,S001,ready_to_eat,C2684,discount,0.069,0
2024-10-24,S001,ready_to_eat,C6648,discount,0.101,1
2024-10-26,S001,ready_to_eat,C3704,discount,0.177,1
2024-10-30,S001,ready_to_eat,C4159,free_delivery,0.256,0
2024-11-07,S001,ready_to_eat,C1555,bundle,0.172,1
2024-11-10,S001,ready_to_eat,C2345,coupon,0.165,0
2024-11-16,S001,ready_to_eat,C1041,bundle,0.155,0
2024-11-21,S001,ready_to_eat,C8030,free_delivery,0.261,0
2024-12-01,S001,ready_to_eat,C7875,bundle,0.067,0
2024-12-06,S001,ready_to_eat,C8761,discount,0.213,1
2024-12-07,S001,ready_to_eat,C7800,discount,0.078,1
2024-12-14,S001,ready_to_eat,C2508,discount,0.273,1
2024-12-29,S001,ready_to_eat,C5540,bundle,0.051,0
2025-01-01,S001,ready_to_eat,C6885,discount,0.128,0
2025-01-03,S001,ready_to_eat,C8674,bundle,0.14,1
2025-01-17,S001,ready_to_eat,C2651,discount,0.267,0
2024-01-16,S001,personal_care,C7585,discount,0.12,1
2024-01-22,S001,personal_care,C7777,discount,0.138,1
2024-03-12,S001,personal_care,C5513,discount,0.261,1
2024-03-15,S001,personal_care,C4659,free_delivery,0.126,1
2024-04-04,S001,personal_care,C5049,discount,0.263,0
2024-04-13,S001,personal_care,C9974,discount,0.083,1
2024-04-28,S001,personal_care,C6362,discount,0.242,1
2024-05-01,S001,personal_care,C8001,discount,0.194,0
2024-05-07,S001,personal_care,C8198,discount,0.123,0
2024-05-11,S001,personal_care,C5589,free_delivery,0.098,1
2024-05-12,S001,personal_care,C3689,discount,0.24,1
2024-05-25,S001,personal_care,C1868,discount,0.284,1
2024-05-26,S001,personal_care,C1497,free_delivery,0.184,1
2024-05-31,S001,personal_care,C3701,coupon,0.206,0
2024-06-10,S001,personal_care,C3978,discount,0.27,0
2024-06-16,S001,personal_care,C6930,discount,0.204,1
2024-06-24,S001,personal_care,C1393,discount,0.217,1
2024-07-27,S001,personal_care,C5398,discount,0.19,1
2024-07-31,S001,personal_care,C2222,coupon,0.257,0
2024-08-07,S001,personal_care,C4721,coupon,0.249,1
2024-08-09,S001,personal_care,C8681,bundle,0.137,1
2024-08-12,S001,personal_care,C2877,discount,0.236,0
2024-10-01,S001,personal_care,C6415,discount,0.066,0
2024-10-03,S001,personal_care,C7622,discount,0.194,0
2024-10-13,S001,personal_care,C6772,free_delivery,0.251,1
2024-10-17,S001,personal_care,C8232,free_delivery,0.218,1
2024-10-22,S001,personal_care,C6764,bundle,0.181,0
2024-10-29,S001,personal_care,C1615,free_delivery,0.213,0
2024-11-14,S001,personal_care,C6311,coupon,0.358,1
2024-11-19,S001,personal_care,C6916,discount,0.08,1
2024-11-21,S001,personal_care,C7050,discount,0.248,0
2024-11-29,S001,personal_care,C9720,bundle,0.05,0
2024-12-02,S001,personal_care,C3674,bundle,0.108,0
2024-12-07,S001,personal_care,C6530,bundle,0.098,1
2025-01-19,S001,personal_care,C1997,discount,0.163,0
2025-01-26,S001,personal_care,C2594,coupon,0.05,1
2024-01-05,S002,beverages,C1475,discount,0.364,0
2024-01-06,S002,beverages,C8834,bundle,0.13,0
2024-01-14,S002,beverages,C2064,discount,0.105,1
2024-01-23,S002,beverages,C6771,free_delivery,0.088,0
2024-02-14,S002,beverages,C5791,free_delivery,0.212,0
2024-03-11,S002,beverages,C3586,bundle,0.283,0
2024-03-21,S002,beverages,C7912,discount,0.269,1
2024-03-23,S002,beverages,C4524,coupon,0.138,1
2024-03-24,S002,beverages,C5159,coupon,0.271,1
2024-04-07,S002,beverages,C3773,coupon,0.252,0
2024-04-09,S002,beverages,C9706,discount,0.157,0
2024-04-16,S002,beverages,C3081,coupon,0.212,0
2024-04-18,S002,beverages,C4483,discount,0.178,1
2024-05-03,S002,beverages,C7851,discount,0.097,0
2024-05-04,S002,beverages,C8353,discount,0.226,0
2024-06-05,S002,beverages,C9189,free_delivery,0.14,0
2024-06-09,S002,beverages,C2556,discount,0.139,0
2024-07-06,S002,beverages,C8860,bundle,0.088,1
2024-07-31,S002,beverages,C3319,discount,0.124,1
2024-08-10,S002,beverages,C4880,free_delivery,0.169,0
2024-08-11,S002,beverages,C1202,discount,0.187,1
2024-08-20,S002,beverages,C6019,bundle,0.287,0
2024-10-01,S002,beverages,C8128,bundle,0.121,0
2024-10-03,S002,beverages,C3731,coupon,0.178,1
2024-10-04,S002,beverages,C4461,discount,0.182,1
2024-10-22,S002,beverages,C2377,discount,0.179,0
2024-10-24,S002,beverages,C1518,coupon,0.264,0
2024-10-28,S002,beverages,C1758,discount,0.223,1
2024-10-31,S002,beverages,C5328,free_delivery,0.215,0
2024-11-11,S002,beverages,C3174,free_delivery,0.198,0
2024-12-16,S002,beverages,C9422,bundle,0.119,0
2024-12-23,S002,beverages,C4635,discount,0.113,0
2025-01-04,S002,beverages,C1722,bundle,0.109,1
2025-01-11,S002,beverages,C5385,bundle,0.206,0
2025-01-23,S002,beverages,C8457,free_delivery,0.237,1
2025-01-26,S002,beverages,C7817,discount,0.13,1
2024-01-03,S002,snacks,C4262,discount,0.278,0
2024-01-06,S002,snacks,C4847,discount,0.205,1
2024-01-16,S002,snacks,C4147,discount,0.272,1
2024-01-21,S002,snacks,C1509,discount,0.313,1
2024-01-24,S002,snacks,C8249,discount,0.138,0
2024-01-27,S002,snacks,C5119,coupon,0.277,0
2024-02-11,S002,snacks,C7284,coupon,0.205,1
2024-02-13,S002,snacks,C7701,discount,0.089,0
2024-02-21,S002,snacks,C2084,free_delivery,0.225,0
2024-02-29,S002,snacks,C6047,discount,0.159,0
2024-03-02,S002,snacks,C3582,bundle,0.292,0
2024-03-15,S002,snacks,C6542,discount,0.107,1
2024-03-26,S002,snacks,C3819,free_delivery,0.336,1
2024-03-29,S002,snacks,C8975,free_delivery,0.211,1
2024-03-31,S002,snacks,C4119,discount,0.197,0
2024-04-11,S002,snacks,C5091,discount,0.101,1
2024-04-18,S002,snacks,C9737,coupon,0.131,0
2024-04-20,S002,snacks,C1437,coupon,0.142,0
2024-04-28,S002,snacks,C7077,free_delivery,0.295,0
2024-05-05,S002,snacks,C3521,discount,0.202,1
2024-05-17,S002,snacks,C5314,discount,0.251,1
2024-05-21,S002,snacks,C2123,bundle,0.151,0
2024-05-26,S002,snacks,C8447,coupon,0.058,0
2024-06-01,S002,snacks,C2527,coupon,0.058,1
2024-06-17,S002,snacks,C5649,discount,0.154,0
2024-06-20,S002,snacks,C2274,coupon,0.167,0
2024-06-28,S002,snacks,C9855,bundle,0.169,0
2024-07-05,S002,snacks,C7890,free_delivery,0.05,0
2024-07-09,S002,snacks,C6754,free_delivery,0.245,0
2024-07-15,S002,snacks,C6649,discount,0.107,1
2024-07-26,S002,snacks,C7557,discount,0.133,0
2024-08-04,S002,snacks,C6245,coupon,0.184,1
2024-08-05,S002,snacks,C4890,discount,0.133,0
2024-08-09,S002,snacks,C1196,bundle,0.163,1
2024-08-17,S002,snacks,C1711,free_delivery,0.068,1
2024-08-23,S002,snacks,C3422,discount,0.149,0
2024-09-22,S002,snacks,C4063,discount,0.199,0
2024-09-23,S002,snacks,C3943,discount,0.078,0
2024-10-05,S002,snacks,C8296,bundle,0.094,1
2024-10-22,S002,snacks,C1411,discount,0.055,1
2024-10-23,S002,snacks,C8869,discount,0.294,1
2024-10-28,S002,snacks,C9940,coupon,0.171,0
2024-10-29,S002,snacks,C1126,coupon,0.23,0
2024-11-01,S002,snacks,C2952,coupon,0.131,1
2024-11-14,S002,snacks,C7899,discount,0.17,0
2024-11-22,S002,snacks,C7533,discount,0.145,1
2024-12-01,S002,snacks,C6652,bundle,0.16,1
2024-12-09,S002,snacks,C5779,free_delivery,0.05,0
2025-01-06,S002,snacks,C1537,discount,0.176,1
2025-01-09,S002,snacks,C4804,coupon,0.11,1
2025-01-15,S002,snacks,C3256,discount,0.113,1
2025-01-20,S002,snacks,C7896,discount,0.237,0
2024-01-06,S002,fresh,C1390,discount,0.122,0
2024-01-09,S002,fresh,C7091,coupon,0.189,0
2024-01-12,S002,fresh,C2755,coupon,0.189,0
2024-01-15,S002,fresh,C1874,coupon,0.183,0
2024-01-31,S002,fresh,C4493,discount,0.115,0
2024-02-01,S002,fresh,C1587,discount,0.289,0
2024-02-21,S002,fresh,C5643,discount,0.137,0
2024-03-01,S002,fresh,C5880,bundle,0.148,1
2024-03-14,S002,fresh,C1654,discount,0.132,0
2024-03-16,S002,fresh,C1999,discount,0.236,0
2024-03-25,S002,fresh,C9424,bundle,0.068,0
2024-03-31,S002,fresh,C3003,coupon,0.117,0
2024-04-06,S002,fresh,C6491,discount,0.169,1
2024-04-15,S002,fresh,C9118,coupon,0.317,0
2024-04-28,S002,fresh,C5865,coupon,0.25,0
2024-05-12,S002,fresh,C9789,bundle,0.23,0
2024-06-16,S002,fresh,C7454,free_delivery,0.211,0
2024-06-29,S002,fresh,C4124,free_delivery,0.207,1
2024-07-07,S002,fresh,C7242,coupon,0.262,0
2024-07-25,S002,fresh,C4047,coupon,0.157,0
2024-08-26,S002,fresh,C7179,coupon,0.099,1
2024-09-02,S002,fresh,C4848,coupon,0.144,0
2024-09-16,S002,fresh,C5488,coupon,0.143,0
2024-09-17,S002,fresh,C8155,discount,0.184,0
2024-09-20,S002,fresh,C3001,discount,0.065,0
2024-09-24,S002,fresh,C5046,free_delivery,0.127,1
2024-10-01,S002,fresh,C9019,bundle,0.05,0
2024-10-05,S002,fresh,C3247,coupon,0.214,0
2024-10-08,S002,fresh,C8541,discount,0.215,0
2024-10-16,S002,fresh,C9038,bundle,0.088,1
2024-10-27,S002,fresh,C9680,coupon,0.139,1
2024-11-10,S002,fresh,C4336,coupon,0.236,0
2024-11-23,S002,fresh,C3207,coupon,0.305,0
2024-12-20,S002,fresh,C9211,discount,0.281,1
2024-12-21,S002,fresh,C9798,bundle,0.245,0
2024-01-07,S002,household,C3866,coupon,0.095,0
2024-01-19,S002,household,C3547,discount,0.175,0
2024-02-08,S002,household,C6090,discount,0.157,1
2024-02-20,S002,household,C8425,discount,0.245,1
2024-02-22,S002,household,C9471,discount,0.31,1
2024-04-01,S002,household,C9877,discount,0.14,1
2024-04-06,S002,household,C6939,bundle,0.149,0
2024-05-08,S002,household,C2747,discount,0.186,1
2024-06-01,S002,household,C8370,free_delivery,0.207,1
2024-07-14,S002,household,C1695,free_delivery,0.273,0
2024-07-31,S002,household,C6299,free_delivery,0.278,0
2024-08-08,S002,household,C7023,free_delivery,0.196,0
2024-08-12,S002,household,C3257,coupon,0.276,1
2024-08-23,S002,household,C7515,coupon,0.163,1
2024-08-24,S002,household,C5885,discount,0.065,0
2024-08-28,S002,household,C6269,discount,0.301,0
2024-09-03,S002,household,C6010,coupon,0.18,0
2024-09-11,S002,household,C6753,coupon,0.129,0
2024-09-21,S002,household,C5938,discount,0.067,1
2024-10-02,S002,household,C4006,discount,0.209,0
2024-10-21,S002,household,C6470,bundle,0.262,0
2024-10-23,S002,household,C1129,discount,0.207,0
2024-10-27,S002,household,C8215,discount,0.13,0
2024-10-31,S002,household,C4112,discount,0.154,0
2024-11-08,S002,household,C6574,free_delivery,0.199,0
2024-11-17,S002,household,C2194,bundle,0.117,1
2024-12-12,S002,household,C8733,bundle,0.232,1
2024-12-14,S002,household,C3421,discount,0.134,0
2024-12-19,S002,household,C7367,free_delivery,0.268,0
2024-12-21,S002,household,C9106,discount,0.251,0
2024-12-22,S002,household,C7074,free_delivery,0.142,1
2024-12-23,S002,household,C3170,coupon,0.276,0
2024-12-24,S002,household,C6280,free_delivery,0.255,0
2025-01-01,S002,household,C1664,discount,0.218,0
2025-01-08,S002,household,C7451,discount,0.127,0
2025-01-12,S002,household,C5040,coupon,0.203,1
2024-01-01,S002,ready_to_eat,C7989,bundle,0.172,0
2024-01-07,S002,ready_to_eat,C6359,discount,0.271,1
2024-01-17,S002,ready_to_eat,C9358,bundle,0.094,1
2024-01-22,S002,ready_to_eat,C4699,discount,0.168,0
2024-01-25,S002,ready_to_eat,C5310,coupon,0.143,0
2024-01-30,S002,ready_to_eat,C9825,discount,0.229,0
2024-02-02,S002,ready_to_eat,C4845,free_delivery,0.367,1
2024-02-10,S002,ready_to_eat,C3576,discount,0.121,0
2024-02-13,S002,ready_to_eat,C5417,coupon,0.142,1
2024-02-20,S002,ready_to_eat,C3910,discount,0.164,0
2024-02-21,S002,ready_to_eat,C8343,bundle,0.089,0
2024-03-01,S002,ready_to_eat,C8808,discount,0.178,0
2024-03-11,S002,ready_to_eat,C9599,discount,0.079,0
2024-03-30,S002,ready_to_eat,C1651,discount,0.14,0
2024-04-05,S002,ready_to_eat,C6543,free_delivery,0.172,1
2024-04-07,S002,ready_to_eat,C7143,discount,0.235,0
2024-04-08,S002,ready_to_eat,C3359,coupon,0.121,0
2024-04-20,S002,ready_to_eat,C7751,free_delivery,0.132,1
2024-04-29,S002,ready_to_eat,C1915,coupon,0.241,0
2024-05-12,S002,ready_to_eat,C7832,discount,0.327,1
2024-05-15,S002,ready_to_eat,C3724,free_delivery,0.084,1
2024-06-11,S002,ready_to_eat,C6041,discount,0.094,1
2024-06-14,S002,ready_to_eat,C1364,discount,0.05,1
2024-06-22,S002,ready_to_eat,C2321,discount,0.18,0
2024-06-24,S002,ready_to_eat,C6823,free_delivery,0.227,1
2024-06-25,S002,ready_to_eat,C5753,free_delivery,0.058,0
2024-07-08,S002,ready_to_eat,C4636,discount,0.097,0
2024-07-13,S002,ready_to_eat,C8580,coupon,0.241,0
2024-07-17,S002,ready_to_eat,C2692,free_delivery,0.16,1
2024-07-30,S002,ready_to_eat,C1124,discount,0.268,1
2024-08-13,S002,ready_to_eat,C2793,discount,0.05,0
2024-08-17,S002,ready_to_eat,C6152,discount,0.258,0
2024-08-25,S002,ready_to_eat,C4665,discount,0.195,0
2024-08-30,S002,ready_to_eat,C9592,bundle,0.288,0
2024-09-13,S002,ready_to_eat,C9900,bundle,0.181,1
2024-09-14,S002,ready_to_eat,C5506,coupon,0.192,0
2024-10-02,S002,ready_to_eat,C7361,bundle,0.09,1
2024-10-07,S002,ready_to_eat,C5183,discount,0.199,1
2024-10-13,S002,ready_to_eat,C3383,discount,0.2,0
2024-10-14,S002,ready_to_eat,C5656,bundle,0.257,0
2024-10-16,S002,ready_to_eat,C8406,free_delivery,0.165,0
2024-10-22,S002,ready_to_eat,C5028,discount,0.18,1
2024-10-25,S002,ready_to_eat,C6921,free_delivery,0.211,1
2024-10-31,S002,ready_to_eat,C4255,discount,0.219,1
2024-11-22,S002,ready_to_eat,C5505,free_delivery,0.171,0
2024-12-03,S002,ready_to_eat,C1650,coupon,0.15,0
2024-12-13,S002,ready_to_eat,C3328,coupon,0.153,0
2024-12-17,S002,ready_to_eat,C9314,discount,0.176,0
2024-12-28,S002,ready_to_eat,C5435,discount,0.18,0
2025-01-07,S002,ready_to_eat,C1144,free_delivery,0.063,0
2025-01-08,S002,ready_to_eat,C4146,coupon,0.123,1
2025-01-16,S002,ready_to_eat,C3171,discount,0.05,0
2024-01-20,S002,personal_care,C3486,bundle,0.117,0
2024-02-04,S002,personal_care,C1258,discount,0.199,0
2024-02-16,S002,personal_care,C2133,discount,0.187,0
2024-03-12,S002,personal_care,C5508,coupon,0.23,1
2024-04-09,S002,personal_care,C5941,coupon,0.17,1
2024-04-11,S002,personal_care,C1546,coupon,0.2,0
2024-05-04,S002,personal_care,C1335,discount,0.209,1
2024-05-05,S002,personal_care,C2661,discount,0.216,0
2024-05-11,S002,personal_care,C7792,coupon,0.118,0
2024-05-15,S002,personal_care,C9505,coupon,0.172,0
2024-05-17,S002,personal_care,C1748,bundle,0.057,1
2024-06-09,S002,personal_care,C2828,discount,0.144,1
2024-06-21,S002,personal_care,C8697,coupon,0.159,0
2024-06-22,S002,personal_care,C3927,discount,0.155,1
2024-07-14,S002,personal_care,C1207,bundle,0.217,1
2024-08-27,S002,personal_care,C9426,coupon,0.05,0
2024-09-21,S002,personal_care,C1907,coupon,0.205,0
2024-10-02,S002,personal_care,C9269,discount,0.221,0
2024-10-17,S002,personal_care,C6242,free_delivery,0.341,1
2024-10-30,S002,personal_care,C4236,free_delivery,0.175,1
2024-11-03,S002,personal_care,C6503,bundle,0.05,0
2024-11-20,S002,personal_care,C5726,discount,0.116,0
2024-12-03,S002,personal_care,C6930,coupon,0.2,1
2024-12-28,S002,personal_care,C1500,bundle,0.168,1
2024-12-30,S002,personal_care,C6625,bundle,0.14,0
2025-01-01,S002,personal_care,C3328,coupon,0.167,0
2025-01-02,S002,personal_care,C8853,coupon,0.111,0
2025-01-06,S002,personal_care,C9419,discount,0.241,0
2025-01-08,S002,personal_care,C7029,coupon,0.187,0
2025-01-12,S002,personal_care,C3356,discount,0.246,1
2025-01-14,S002,personal_care,C8076,bundle,0.197,0
2025-01-18,S002,personal_care,C1861,free_delivery,0.173,1
2024-01-04,S003,beverages,C5783,discount,0.199,0
2024-01-14,S003,beverages,C3436,coupon,0.236,0
2024-01-18,S003,beverages,C4060,free_delivery,0.114,1
2024-02-13,S003,beverages,C2664,bundle,0.162,0
2024-02-14,S003,beverages,C5840,free_delivery,0.162,1
2024-02-21,S003,beverages,C4855,coupon,0.127,0
2024-02-29,S003,beverages,C6237,free_delivery,0.178,1
2024-03-03,S003,beverages,C2529,free_delivery,0.169,1
2024-03-08,S003,beverages,C2724,discount,0.243,0
2024-03-10,S003,beverages,C7950,coupon,0.206,1
2024-03-12,S003,beverages,C7888,discount,0.148,1
2024-03-13,S003,beverages,C1111,discount,0.277,0
2024-03-15,S003,beverages,C9211,coupon,0.141,1
2024-03-23,S003,beverages,C6306,coupon,0.131,1
2024-03-26,S003,beverages,C1358,coupon,0.209,0
2024-04-04,S003,beverages,C1644,coupon,0.177,1
2024-04-07,S003,beverages,C8276,discount,0.092,1
2024-04-08,S003,beverages,C4715,discount,0.199,1
2024-04-22,S003,beverages,C3506,free_delivery,0.2,1
2024-05-03,S003,beverages,C7728,free_delivery,0.177,0
2024-05-07,S003,beverages,C5532,bundle,0.162,0
2024-05-09,S003,beverages,C7210,bundle,0.117,1
2024-05-17,S003,beverages,C9674,free_delivery,0.153,0
2024-05-18,S003,beverages,C8549,free_delivery,0.199,1
2024-05-22,S003,beverages,C3402,coupon,0.118,0
2024-05-29,S003,beverages,C6369,discount,0.354,0
2024-06-06,S003,beverages,C6658,bundle,0.226,1
2024-06-09,S003,beverages,C5942,bundle,0.232,1
2024-06-15,S003,beverages,C7217,bundle,0.224,0
2024-06-16,S003,beverages,C6238,coupon,0.249,0
2024-06-17,S003,beverages,C5960,discount,0.19,0
2024-06-27,S003,beverages,C2983,discount,0.118,0
2024-06-29,S003,beverages,C6886,free_delivery,0.074,0
2024-07-07,S003,beverages,C3866,bundle,0.156,1
2024-07-20,S003,beverages,C4902,bundle,0.172,1
2024-07-21,S003,beverages,C2876,coupon,0.287,0
2024-07-24,S003,beverages,C3079,discount,0.214,0
2024-08-06,S003,beverages,C2670,bundle,0.227,1
2024-08-10,S003,beverages,C6203,coupon,0.277,0
2024-08-11,S003,beverages,C5189,free_delivery,0.271,1
2024-08-12,S003,beverages,C6592,discount,0.122,0
2024-08-13,S003,beverages,C1138,discount,0.104,0
2024-08-20,S003,beverages,C9105,free_delivery,0.219,1
2024-08-22,S003,beverages,C2165,discount,0.168,0
2024-09-08,S003,beverages,C3380,bundle,0.059,1
2024-09-13,S003,beverages,C3440,discount,0.14,1
2024-09-15,S003,beverages,C2144,bundle,0.235,0
2024-09-17,S003,beverages,C4169,discount,0.318,0
2024-09-18,S003,beverages,C6114,discount,0.219,0
2024-09-20,S003,beverages,C5348,coupon,0.208,1
2024-09-28,S003,beverages,C3433,discount,0.131,0
2024-09-29,S003,beverages,C5981,discount,0.125,1
2024-10-15,S003,beverages,C9122,bundle,0.219,0
2024-10-20,S003,beverages,C2996,free_delivery,0.178,0
2024-10-22,S003,beverages,C6212,bundle,0.166,0
2024-11-01,S003,beverages,C6584,coupon,0.21,1
2024-11-03,S003,beverages,C3200,coupon,0.232,0
2024-11-05,S003,beverages,C4663,free_delivery,0.2,0
2024-11-17,S003,beverages,C8999,discount,0.279,0
2024-11-25,S003,beverages,C7885,discount,0.169,0
2024-11-29,S003,beverages,C9533,bundle,0.18,0
2024-12-18,S003,beverages,C8327,coupon,0.102,1
2024-12-26,S003,beverages,C2437,coupon,0.154,0
2024-12-28,S003,beverages,C1568,coupon,0.125,1
2025-01-04,S003,beverages,C3188,bundle,0.127,0
2025-01-09,S003,beverages,C3765,bundle,0.153,0
2024-01-06,S003,snacks,C4369,discount,0.139,0
2024-01-07,S003,snacks,C4516,discount,0.345,0
2024-01-08,S003,snacks,C4495,discount,0.176,0
2024-01-09,S003,snacks,C2825,discount,0.145,0
2024-01-24,S003,snacks,C6770,coupon,0.144,1
2024-01-28,S003,snacks,C6954,free_delivery,0.146,0
2024-02-01,S003,snacks,C9978,coupon,0.156,1
2024-02-02,S003,snacks,C8453,discount,0.116,0
2024-02-05,S003,snacks,C9505,discount,0.188,0
2024-02-06,S003,snacks,C2158,discount,0.158,0
2024-02-15,S003,snacks,C7304,discount,0.257,0
2024-03-13,S003,snacks,C7810,discount,0.268,1
2024-03-18,S003,snacks,C7486,discount,0.25,1
2024-04-15,S003,snacks,C4109,free_delivery,0.252,0
2024-04-24,S003,snacks,C1175,bundle,0.166,0
2024-05-09,S003,snacks,C9537,discount,0.19,0
2024-05-15,S003,snacks,C7303,bundle,0.211,0
2024-05-17,S003,snacks,C6073,coupon,0.166,1
2024-05-19,S003,snacks,C7146,free_delivery,0.212,0
2024-06-02,S003,snacks,C5008,coupon,0.219,0
2024-06-17,S003,snacks,C6658,discount,0.232,0
2024-06-25,S003,snacks,C8390,discount,0.262,1
2024-06-30,S003,snacks,C8860,bundle,0.223,0
2024-08-04,S003,snacks,C6185,coupon,0.315,1
2024-08-11,S003,snacks,C5111,discount,0.211,0
2024-08-19,S003,snacks,C8943,free_delivery,0.097,1
2024-08-31,S003,snacks,C7399,discount,0.195,0
2024-09-01,S003,snacks,C5613,discount,0.159,0
2024-09-02,S003,snacks,C5340,discount,0.102,0
2024-09-21,S003,snacks,C1975,coupon,0.184,0
2024-10-14,S003,snacks,C6656,free_delivery,0.29,0
2024-10-15,S003,snacks,C4473,discount,0.167,0
2024-10-16,S003,snacks,C6821,discount,0.349,0
2024-10-24,S003,snacks,C3089,free_delivery,0.262,0
2024-11-06,S003,snacks,C4933,bundle,0.116,1
2024-11-13,S003,snacks,C6899,coupon,0.16,0
2024-11-16,S003,snacks,C9828,discount,0.087,0
2024-11-17,S003,snacks,C8560,coupon,0.22,1
2024-11-18,S003,snacks,C2871,coupon,0.289,0
2024-11-28,S003,snacks,C6543,bundle,0.339,0
2024-11-29,S003,snacks,C2065,discount,0.267,0
2024-12-18,S003,snacks,C3810,coupon,0.05,0
2024-12-19,S003,snacks,C5889,free_delivery,0.244,1
2024-12-21,S003,snacks,C5352,coupon,0.251,1
2024-12-23,S003,snacks,C1877,discount,0.226,1
2024-12-28,S003,snacks,C8812,discount,0.293,0
2025-01-27,S003,snacks,C8790,discount,0.161,0
2024-01-17,S003,fresh,C5894,discount,0.309,0
2024-01-29,S003,fresh,C3498,discount,0.245,0
2024-02-16,S003,fresh,C6869,coupon,0.126,0
2024-02-25,S003,fresh,C4066,free_delivery,0.103,0
2024-03-03,S003,fresh,C1204,discount,0.255,0
2024-03-20,S003,fresh,C1348,discount,0.263,1
2024-03-24,S003,fresh,C7353,discount,0.104,0
2024-03-25,S003,fresh,C1119,discount,0.153,0
2024-04-09,S003,fresh,C8211,discount,0.123,1
2024-04-18,S003,fresh,C4244,discount,0.133,0
2024-05-26,S003,fresh,C4682,free_delivery,0.183,0
2024-05-30,S003,fresh,C3982,free_delivery,0.05,1
2024-06-22,S003,fresh,C4963,discount,0.11,1
2024-06-23,S003,fresh,C7231,free_delivery,0.141,0
2024-07-26,S003,fresh,C4696,discount,0.05,1
2024-07-29,S003,fresh,C1181,coupon,0.163,1
2024-08-01,S003,fresh,C4584,coupon,0.255,0
2024-08-03,S003,fresh,C4128,coupon,0.119,0
2024-08-29,S003,fresh,C8530,bundle,0.39,1
2024-09-03,S003,fresh,C2873,discount,0.18,1
2024-09-08,S003,fresh,C3837,discount,0.154,1
2024-09-28,S003,fresh,C7194,coupon,0.233,0
2024-11-11,S003,fresh,C1754,discount,0.225,1
2024-12-14,S003,fresh,C9239,free_delivery,0.23,1
2024-12-17,S003,fresh,C2525,bundle,0.223,1
2025-01-10,S003,fresh,C3754,coupon,0.296,0
2024-01-04,S003,household,C6588,discount,0.135,1
2024-01-07,S003,household,C1856,discount,0.204,1
2024-01-15,S003,household,C9177,bundle,0.113,0
2024-01-22,S003,household,C8089,coupon,0.202,0
2024-01-25,S003,household,C7512,discount,0.284,0
2024-02-01,S003,household,C6285,free_delivery,0.143,0
2024-03-11,S003,household,C1719,discount,0.144,0
2024-03-14,S003,household,C6638,coupon,0.205,1
2024-03-18,S003,household,C9815,discount,0.152,0
2024-04-06,S003,household,C3518,coupon,0.273,0
2024-04-26,S003,household,C4942,coupon,0.12,1
2024-04-28,S003,household,C2988,discount,0.124,0
2024-05-02,S003,household,C3400,discount,0.278,0
2024-05-03,S003,household,C4222,discount,0.162,0
2024-05-08,S003,household,C5135,discount,0.242,0
2024-05-21,S003,household,C7649,discount,0.05,0
2024-05-23,S003,household,C8591,discount,0.273,1
2024-06-06,S003,household,C3666,discount,0.221,0
2024-06-09,S003,household,C7959,coupon,0.173,0
2024-06-15,S003,household,C8569,coupon,0.129,1
2024-07-03,S003,household,C8141,coupon,0.22,0
2024-08-01,S003,household,C5755,bundle,0.243,1
2024-08-03,S003,household,C2952,coupon,0.329,1
2024-08-11,S003,household,C1636,coupon,0.193,1
2024-08-24,S003,household,C8565,discount,0.165,1
2024-09-01,S003,household,C2964,discount,0.209,1
2024-09-16,S003,household,C4264,discount,0.05,1
2024-09-17,S003,household,C8799,discount,0.136,1
2024-09-26,S003,household,C8676,bundle,0.114,1
2024-10-21,S003,household,C7089,discount,0.232,0
2024-11-05,S003,household,C6425,free_delivery,0.165,0
2024-11-09,S003,household,C9840,coupon,0.227,0
2024-11-24,S003,household,C8500,discount,0.262,0
2024-12-18,S003,household,C2781,coupon,0.277,1
2025-01-05,S003,household,C6470,bundle,0.273,1
2025-01-18,S003,household,C4935,bundle,0.217,0
2025-01-21,S003,household,C7983,discount,0.115,0
2024-01-06,S003,ready_to_eat,C3451,discount,0.134,1
2024-01-12,S003,ready_to_eat,C7948,bundle,0.185,1
2024-01-23,S003,ready_to_eat,C2145,coupon,0.131,0
2024-02-03,S003,ready_to_eat,C7418,free_delivery,0.16,0
2024-02-10,S003,ready_to_eat,C6740,coupon,0.26,0
2024-03-21,S003,ready_to_eat,C3900,discount,0.319,0
2024-04-01,S003,ready_to_eat,C8362,discount,0.094,1
2024-04-03,S003,ready_to_eat,C5152,bundle,0.138,0
2024-04-08,S003,ready_to_eat,C4186,coupon,0.122,0
2024-04-16,S003,ready_to_eat,C1838,bundle,0.086,0
2024-04-21,S003,ready_to_eat,C5767,discount,0.167,0
2024-04-27,S003,ready_to_eat,C5933,free_delivery,0.233,0
2024-04-28,S003,ready_to_eat,C9291,discount,0.084,0
2024-05-01,S003,ready_to_eat,C8323,discount,0.24,0
2024-05-11,S003,ready_to_eat,C1206,discount,0.335,0
2024-05-12,S003,ready_to_eat,C5640,discount,0.19,0
2024-05-25,S003,ready_to_eat,C2427,bundle,0.14,0
2024-06-06,S003,ready_to_eat,C1234,discount,0.097,0
2024-06-24,S003,ready_to_eat,C9214,bundle,0.249,1
2024-06-25,S003,ready_to_eat,C9058,discount,0.05,1
2024-06-27,S003,ready_to_eat,C7422,bundle,0.222,0
2024-07-01,S003,ready_to_eat,C9870,discount,0.196,0
2024-07-13,S003,ready_to_eat,C8795,free_delivery,0.211,0
2024-07-14,S003,ready_to_eat,C9860,coupon,0.216,1
2024-07-23,S003,ready_to_eat,C9043,free_delivery,0.216,0
2024-08-03,S003,ready_to_eat,C1341,coupon,0.184,0
2024-08-13,S003,ready_to_eat,C4920,bundle,0.185,1
2024-08-18,S003,ready_to_eat,C8242,bundle,0.157,0
2024-08-21,S003,ready_to_eat,C8742,discount,0.125,0
2024-08-29,S003,ready_to_eat,C6524,discount,0.139,0
2024-09-03,S003,ready_to_eat,C7556,bundle,0.071,1
2024-09-13,S003,ready_to_eat,C6943,free_delivery,0.281,0
2024-09-17,S003,ready_to_eat,C3068,free_delivery,0.079,1
2024-09-21,S003,ready_to_eat,C5051,coupon,0.118,1
2024-09-25,S003,ready_to_eat,C9152,bundle,0.24,0
2024-09-27,S003,ready_to_eat,C6998,free_delivery,0.092,0
2024-10-08,S003,ready_to_eat,C6241,discount,0.149,0
2024-10-11,S003,ready_to_eat,C4973,bundle,0.148,1
2024-10-23,S003,ready_to_eat,C5357,coupon,0.156,0
2024-10-31,S003,ready_to_eat,C8651,discount,0.135,1
2024-11-03,S003,ready_to_eat,C7663,free_delivery,0.126,1
2024-11-04,S003,ready_to_eat,C7371,discount,0.076,1
2024-11-18,S003,ready_to_eat,C8045,discount,0.1,0
2024-11-23,S003,ready_to_eat,C2409,discount,0.129,1
2024-12-07,S003,ready_to_eat,C3169,coupon,0.285,0
2024-12-24,S003,ready_to_eat,C1425,bundle,0.206,1
2025-01-09,S003,ready_to_eat,C1455,coupon,0.18,1
2025-01-11,S003,ready_to_eat,C1180,discount,0.276,0
2025-01-27,S003,ready_to_eat,C4715,discount,0.074,0
2024-01-13,S003,personal_care,C1960,discount,0.184,0
2024-01-21,S003,personal_care,C5277,discount,0.283,1
2024-01-24,S003,personal_care,C8317,coupon,0.237,0
2024-01-28,S003,personal_care,C4532,coupon,0.273,1
2024-02-11,S003,personal_care,C3653,coupon,0.101,1
2024-02-29,S003,personal_care,C7622,bundle,0.327,0
2024-03-16,S003,personal_care,C4028,discount,0.162,0
2024-03-17,S003,personal_care,C2549,discount,0.1,1
2024-03-24,S003,personal_care,C5540,discount,0.208,0
2024-03-29,S003,personal_care,C4139,bundle,0.195,0
2024-04-06,S003,personal_care,C9119,discount,0.212,1
2024-04-20,S003,personal_care,C7329,bundle,0.152,0
2024-05-25,S003,personal_care,C3405,free_delivery,0.298,0
2024-06-10,S003,personal_care,C5566,discount,0.204,0
2024-06-25,S003,personal_care,C6443,discount,0.172,0
2024-07-03,S003,personal_care,C3610,discount,0.05,0
2024-07-06,S003,personal_care,C3702,discount,0.27,1
2024-07-10,S003,personal_care,C9361,coupon,0.084,0
2024-07-20,S003,personal_care,C1357,discount,0.226,0
2024-07-21,S003,personal_care,C4177,discount,0.139,0
2024-07-23,S003,personal_care,C1306,free_delivery,0.078,0
2024-07-28,S003,personal_care,C4019,discount,0.225,0
2024-08-05,S003,personal_care,C9448,discount,0.126,0
2024-08-25,S003,personal_care,C7198,coupon,0.244,0
2024-09-02,S003,personal_care,C1230,coupon,0.195,0
2024-09-05,S003,personal_care,C3204,discount,0.272,1
2024-09-07,S003,personal_care,C1035,coupon,0.216,0
2024-09-12,S003,personal_care,C3017,free_delivery,0.103,1
2024-09-29,S003,personal_care,C8135,coupon,0.071,1
2024-10-05,S003,personal_care,C4257,bundle,0.242,0
2024-10-10,S003,personal_care,C7447,discount,0.277,0
2024-10-14,S003,personal_care,C1034,discount,0.115,1
2024-10-18,S003,personal_care,C7398,bundle,0.186,0
2024-10-29,S003,personal_care,C1598,discount,0.235,0
2024-11-02,S003,personal_care,C8626,discount,0.239,0
2024-11-07,S003,personal_care,C9808,free_delivery,0.07,1
2024-11-12,S003,personal_care,C8781,discount,0.27,1
2024-11-19,S003,personal_care,C4749,discount,0.287,0
2024-11-24,S003,personal_care,C6951,coupon,0.323,1
2024-11-25,S003,personal_care,C1489,coupon,0.102,1
2024-11-29,S003,personal_care,C9326,coupon,0.198,0
2024-12-08,S003,personal_care,C9311,discount,0.187,0
2024-12-10,S003,personal_care,C5394,coupon,0.168,0
2025-01-06,S003,personal_care,C2594,coupon,0.117,1
2025-01-18,S003,personal_care,C7162,bundle,0.23,0
2025-01-22,S003,personal_care,C9253,bundle,0.169,0
2024-01-02,S004,beverages,C7573,coupon,0.249,1
2024-01-10,S004,beverages,C8474,coupon,0.276,1
2024-01-13,S004,beverages,C6530,coupon,0.276,1
2024-01-15,S004,beverages,C4816,discount,0.181,0
2024-01-19,S004,beverages,C3570,bundle,0.211,0
2024-01-20,S004,beverages,C3420,bundle,0.101,1
2024-01-23,S004,beverages,C3264,bundle,0.18,1
2024-01-25,S004,beverages,C2817,bundle,0.109,0
2024-01-27,S004,beverages,C4100,discount,0.312,0
2024-02-02,S004,beverages,C6700,discount,0.178,1
2024-02-16,S004,beverages,C7507,coupon,0.183,0
2024-02-28,S004,beverages,C3395,coupon,0.209,0
2024-02-29,S004,beverages,C5042,discount,0.179,1
2024-03-03,S004,beverages,C3021,coupon,0.135,1
2024-03-12,S004,beverages,C4374,coupon,0.057,1
2024-03-13,S004,beverages,C8590,discount,0.217,0
2024-03-16,S004,beverages,C7992,free_delivery,0.155,1
2024-03-19,S004,beverages,C3896,free_delivery,0.208,0
2024-03-31,S004,beverages,C4742,coupon,0.111,0
2024-04-01,S004,beverages,C8672,discount,0.193,0
2024-04-07,S004,beverages,C2875,discount,0.206,1
2024-04-09,S004,beverages,C9752,discount,0.219,0
2024-04-14,S004,beverages,C2991,coupon,0.2,1
2024-04-29,S004,beverages,C1963,discount,0.18,0
2024-05-05,S004,beverages,C2235,bundle,0.241,0
2024-05-14,S004,beverages,C8922,discount,0.206,0
2024-05-23,S004,beverages,C7517,bundle,0.28,0
2024-05-24,S004,beverages,C7349,bundle,0.087,1
2024-06-03,S004,beverages,C8920,bundle,0.128,0
2024-06-18,S004,beverages,C4401,discount,0.091,0
2024-06-25,S004,beverages,C8627,discount,0.429,1
2024-07-07,S004,beverages,C6602,discount,0.259,0
2024-07-16,S004,beverages,C4532,discount,0.183,0
2024-07-17,S004,beverages,C1489,coupon,0.149,0
2024-07-20,S004,beverages,C1745,coupon,0.106,1
2024-07-22,S004,beverages,C5639,bundle,0.21,1
2024-07-28,S004,beverages,C9527,coupon,0.194,0
2024-07-30,S004,beverages,C6318,coupon,0.213,1
2024-07-31,S004,beverages,C8403,coupon,0.229,1
2024-08-03,S004,beverages,C3728,discount,0.26,1
2024-08-04,S004,beverages,C8917,discount,0.122,0
2024-08-16,S004,beverages,C6332,free_delivery,0.304,0
2024-08-19,S004,beverages,C8554,coupon,0.05,1
2024-09-01,S004,beverages,C9505,discount,0.066,0
2024-09-10,S004,beverages,C8405,coupon,0.127,0
2024-09-14,S004,beverages,C2400,bundle,0.192,0
2024-09-15,S004,beverages,C7329,discount,0.122,0
2024-09-20,S004,beverages,C2819,coupon,0.133,1
2024-09-30,S004,beverages,C6423,discount,0.203,0
2024-10-09,S004,beverages,C9944,discount,0.252,1
2024-10-29,S004,beverages,C3707,coupon,0.264,0
2024-11-02,S004,beverages,C9480,discount,0.195,0
2024-11-03,S004,beverages,C6165,coupon,0.12,1
2024-11-23,S004,beverages,C3383,discount,0.078,1
2024-11-29,S004,beverages,C3149,coupon,0.223,0
2024-12-02,S004,beverages,C6586,discount,0.157,1
2024-12-07,S004,beverages,C2838,bundle,0.114,1
2024-12-30,S004,beverages,C1774,discount,0.09,1
2025-01-02,S004,beverages,C6410,free_delivery,0.113,1
2025-01-06,S004,beverages,C9973,discount,0.142,0
2025-01-26,S004,beverages,C3827,coupon,0.146,0
2024-01-05,S004,snacks,C2498,discount,0.148,0
2024-01-17,S004,snacks,C4213,discount,0.069,1
2024-01-19,S004,snacks,C2809,discount,0.259,1
2024-01-20,S004,snacks,C2018,free_delivery,0.086,1
2024-02-01,S004,snacks,C3488,coupon,0.271,0
2024-02-07,S004,snacks,C9834,coupon,0.283,0
2024-02-10,S004,snacks,C8703,coupon,0.177,1
2024-02-13,S004,snacks,C2594,free_delivery,0.061,0
2024-02-14,S004,snacks,C8227,bundle,0.05,0
2024-02-18,S004,snacks,C6313,discount,0.097,1
2024-02-26,S004,snacks,C2684,bundle,0.186,0
2024-03-13,S004,snacks,C4354,free_delivery,0.15,0
2024-03-14,S004,snacks,C1486,discount,0.204,1
2024-03-21,S004,snacks,C1682,coupon,0.096,0
2024-03-23,S004,snacks,C7580,free_delivery,0.155,0
2024-03-27,S004,snacks,C2443,coupon,0.207,0
2024-04-05,S004,snacks,C6472,discount,0.174,1
2024-05-05,S004,snacks,C3832,coupon,0.202,0
2024-05-11,S004,snacks,C7308,bundle,0.197,1
2024-05-19,S004,snacks,C3509,bundle,0.098,0
2024-05-26,S004,snacks,C7943,discount,0.32,1
2024-05-28,S004,snacks,C5858,discount,0.281,0
2024-05-31,S004,snacks,C9373,discount,0.219,0
2024-06-02,S004,snacks,C1680,bundle,0.104,1
2024-06-04,S004,snacks,C8671,bundle,0.177,0
2024-06-19,S004,snacks,C2003,coupon,0.195,0
2024-06-20,S004,snacks,C9570,discount,0.278,1
2024-06-22,S004,snacks,C7645,discount,0.162,1
2024-07-02,S004,snacks,C9694,discount,0.16,0
2024-07-08,S004,snacks,C4242,discount,0.127,0
2024-07-13,S004,snacks,C8394,free_delivery,0.254,0
2024-07-17,S004,snacks,C8026,discount,0.247,1
2024-07-31,S004,snacks,C1744,discount,0.238,1
2024-08-08,S004,snacks,C7214,discount,0.116,1
2024-08-11,S004,snacks,C9309,bundle,0.127,0
2024-08-27,S004,snacks,C2471,bundle,0.209,0
2024-09-01,S004,snacks,C1013,coupon,0.246,1
2024-09-02,S004,snacks,C3054,bundle,0.05,0
2024-09-05,S004,snacks,C6645,discount,0.157,0
2024-09-07,S004,snacks,C4607,discount,0.21,1
2024-09-08,S004,snacks,C5620,discount,0.099,0
2024-09-15,S004,snacks,C3464,discount,0.181,0
2024-09-26,S004,snacks,C6272,discount,0.05,1
2024-09-30,S004,snacks,C3373,coupon,0.153,0
2024-10-10,S004,snacks,C2772,discount,0.165,0
2024-10-14,S004,snacks,C5751,discount,0.147,0
2024-10-19,S004,snacks,C8019,discount,0.19,0
2024-10-24,S004,snacks,C3389,coupon,0.11,0
2024-11-02,S004,snacks,C4686,bundle,0.265,1
2024-11-17,S004,snacks,C6926,free_delivery,0.182,0
2024-12-02,S004,snacks,C9806,coupon,0.246,0
2024-12-03,S004,snacks,C6962,free_delivery,0.248,1
2024-12-04,S004,snacks,C1246,discount,0.226,0
2025-01-04,S004,snacks,C4168,discount,0.258,1
2025-01-06,S004,snacks,C4447,coupon,0.266,0
2025-01-08,S004,snacks,C4589,coupon,0.125,0
2025-01-26,S004,snacks,C1427,bundle,0.075,1
2024-01-10,S004,fresh,C1851,discount,0.157,0
2024-02-04,S004,fresh,C6678,discount,0.154,0
2024-02-11,S004,fresh,C9252,bundle,0.188,1
2024-04-06,S004,fresh,C7167,discount,0.068,1
2024-04-07,S004,fresh,C7635,discount,0.128,0
2024-05-18,S004,fresh,C1733,free_delivery,0.204,0
2024-05-20,S004,fresh,C6452,coupon,0.242,0
2024-06-03,S004,fresh,C5669,discount,0.129,1
2024-06-06,S004,fresh,C3708,coupon,0.106,0
2024-06-08,S004,fresh,C5275,free_delivery,0.224,0
2024-06-30,S004,fresh,C8354,free_delivery,0.158,0
2024-07-27,S004,fresh,C5293,coupon,0.203,0
2024-09-09,S004,fresh,C3556,free_delivery,0.231,0
2024-09-16,S004,fresh,C8647,discount,0.197,0
2024-09-19,S004,fresh,C5913,coupon,0.149,0
2024-09-26,S004,fresh,C8137,coupon,0.121,0
2024-10-03,S004,fresh,C5240,discount,0.154,1
2024-10-11,S004,fresh,C7946,discount,0.258,0
2024-11-13,S004,fresh,C5848,coupon,0.187,0
2024-11-18,S004,fresh,C7996,coupon,0.209,0
2024-11-21,S004,fresh,C2829,bundle,0.232,1
2024-12-07,S004,fresh,C1072,discount,0.05,1
2025-01-20,S004,fresh,C6975,bundle,0.294,0
2024-01-05,S004,household,C9752,coupon,0.169,0
2024-01-08,S004,household,C4859,coupon,0.197,0
2024-01-14,S004,household,C5461,discount,0.12,0
2024-01-22,S004,household,C9334,discount,0.146,0
2024-02-14,S004,household,C2355,coupon,0.144,0
2024-02-25,S004,household,C8868,discount,0.252,1
2024-03-01,S004,household,C1231,discount,0.167,1
2024-03-02,S004,household,C6374,coupon,0.193,0
2024-03-11,S004,household,C2063,coupon,0.255,0
2024-03-25,S004,household,C4407,free_delivery,0.243,0
2024-04-13,S004,household,C1546,bundle,0.22,1
2024-06-13,S004,household,C9200,bundle,0.287,0
2024-06-14,S004,household,C8185,discount,0.139,1
2024-06-22,S004,household,C9959,discount,0.254,1
2024-07-12,S004,household,C5189,coupon,0.247,0
2024-07-18,S004,household,C9695,discount,0.214,1
2024-07-31,S004,household,C3121,discount,0.101,0
2024-08-09,S004,household,C4443,coupon,0.109,0
2024-08-12,S004,household,C3545,discount,0.18,0
2024-08-25,S004,household,C1485,discount,0.074,1
2024-09-04,S004,household,C8000,discount,0.223,1
2024-09-07,S004,household,C4221,bundle,0.199,0
2024-09-21,S004,household,C9317,discount,0.078,0
2024-09-30,S004,household,C2154,coupon,0.085,0
2024-10-25,S004,household,C1947,discount,0.24,1
2024-11-03,S004,household,C5633,coupon,0.16,1
2025-01-04,S004,household,C2051,coupon,0.185,1
2025-01-19,S004,household,C4791,coupon,0.134,0
2024-01-21,S004,ready_to_eat,C5785,discount,0.242,0
2024-02-07,S004,ready_to_eat,C8771,discount,0.172,0
2024-02-13,S004,ready_to_eat,C4729,coupon,0.313,1
2024-02-14,S004,ready_to_eat,C2381,discount,0.274,1
2024-02-16,S004,ready_to_eat,C5311,free_delivery,0.158,0
2024-02-22,S004,ready_to_eat,C8189,coupon,0.248,1
2024-03-13,S004,ready_to_eat,C2193,bundle,0.07,0
2024-03-21,S004,ready_to_eat,C7074,discount,0.178,0
2024-04-04,S004,ready_to_eat,C7596,free_delivery,0.158,1
2024-04-09,S004,ready_to_eat,C6558,bundle,0.178,0
2024-04-10,S004,ready_to_eat,C2828,bundle,0.15,0
2024-04-21,S004,ready_to_eat,C8729,coupon,0.177,0
2024-04-24,S004,ready_to_eat,C8864,discount,0.177,0
2024-05-02,S004,ready_to_eat,C3030,discount,0.117,1
2024-05-05,S004,ready_to_eat,C4861,discount,0.195,0
2024-05-08,S004,ready_to_eat,C2735,discount,0.102,0
2024-05-10,S004,ready_to_eat,C8438,coupon,0.125,0
2024-05-13,S004,ready_to_eat,C2543,discount,0.159,1
2024-05-15,S004,ready_to_eat,C5466,free_delivery,0.131,0
2024-05-27,S004,ready_to_eat,C7973,free_delivery,0.197,0
2024-05-30,S004,ready_to_eat,C4905,coupon,0.239,1
2024-06-01,S004,ready_to_eat,C9358,discount,0.207,0
2024-06-30,S004,ready_to_eat,C3278,discount,0.166,0
2024-07-05,S004,ready_to_eat,C4615,coupon,0.21,1
2024-07-30,S004,ready_to_eat,C8833,bundle,0.172,1
2024-08-09,S004,ready_to_eat,C5430,coupon,0.151,1
2024-09-03,S004,ready_to_eat,C3394,discount,0.153,0
2024-10-04,S004,ready_to_eat,C9700,discount,0.173,1
2024-10-10,S004,ready_to_eat,C3277,free_delivery,0.147,1
2024-10-21,S004,ready_to_eat,C5992,bundle,0.248,0
2024-11-18,S004,ready_to_eat,C9810,coupon,0.21,0
2024-11-20,S004,ready_to_eat,C8903,free_delivery,0.209,0
2024-11-22,S004,ready_to_eat,C5496,coupon,0.098,0
2024-12-07,S004,ready_to_eat,C7010,bundle,0.124,0
2024-12-10,S004,ready_to_eat,C8474,discount,0.128,0
2024-12-28,S004,ready_to_eat,C7383,discount,0.124,0
2025-01-24,S004,ready_to_eat,C5703,free_delivery,0.138,1
2024-01-09,S004,personal_care,C9352,coupon,0.199,0
2024-01-12,S004,personal_care,C7982,coupon,0.122,1
2024-01-13,S004,personal_care,C7240,coupon,0.233,0
2024-01-29,S004,personal_care,C2830,discount,0.224,1
2024-02-02,S004,personal_care,C7513,discount,0.151,0
2024-02-09,S004,personal_care,C5005,free_delivery,0.194,0
2024-02-13,S004,personal_care,C1378,discount,0.073,0
2024-02-16,S004,personal_care,C2705,bundle,0.166,1
2024-02-21,S004,personal_care,C3572,discount,0.106,0
2024-02-27,S004,personal_care,C3359,bundle,0.068,1
2024-03-22,S004,personal_care,C2345,discount,0.117,1
2024-04-17,S004,personal_care,C4990,coupon,0.224,0
2024-04-30,S004,personal_care,C8603,free_delivery,0.272,0
2024-05-04,S004,personal_care,C4408,discount,0.188,0
2024-05-15,S004,personal_care,C4699,discount,0.239,1
2024-06-30,S004,personal_care,C1811,coupon,0.19,1
2024-07-09,S004,personal_care,C7811,discount,0.108,0
2024-07-13,S004,personal_care,C7721,discount,0.151,0
2024-07-29,S004,personal_care,C8027,discount,0.222,1
2024-08-23,S004,personal_care,C3808,discount,0.185,1
2024-08-31,S004,personal_care,C1868,bundle,0.185,0
2024-09-13,S004,personal_care,C8415,coupon,0.125,0
2024-09-23,S004,personal_care,C4844,coupon,0.267,0
2024-09-24,S004,personal_care,C5655,free_delivery,0.27,0
2024-10-05,S004,personal_care,C2686,discount,0.16,1
2024-10-06,S004,personal_care,C2566,discount,0.143,0
2024-11-05,S004,personal_care,C2496,discount,0.189,0
2024-11-16,S004,personal_care,C6265,bundle,0.217,0
2024-11-17,S004,personal_care,C2617,bundle,0.189,0
2024-11-20,S004,personal_care,C7683,discount,0.112,1
2024-11-22,S004,personal_care,C4335,discount,0.172,0
2024-12-04,S004,personal_care,C8437,discount,0.267,0
2024-12-15,S004,personal_care,C5412,discount,0.216,1
2024-12-21,S004,personal_care,C9495,discount,0.204,0
2024-12-27,S004,personal_care,C7138,discount,0.123,0
2025-01-06,S004,personal_care,C9455,coupon,0.114,0
2025-01-08,S004,personal_care,C9449,coupon,0.092,1
2025-01-10,S004,personal_care,C7080,discount,0.05,0
2025-01-11,S004,personal_care,C5669,coupon,0.163,1
2025-01-12,S004,personal_care,C9285,discount,0.162,0
2025-01-25,S004,personal_care,C2709,discount,0.143,0
2024-01-18,S005,beverages,C8116,discount,0.192,0
2024-01-19,S005,beverages,C1992,free_delivery,0.201,0
2024-01-24,S005,beverages,C8938,free_delivery,0.223,1
2024-01-26,S005,beverages,C2812,discount,0.102,0
2024-01-30,S005,beverages,C1537,discount,0.261,0
2024-02-07,S005,beverages,C9107,discount,0.281,1
2024-02-26,S005,beverages,C2074,discount,0.175,0
2024-03-10,S005,beverages,C7664,coupon,0.297,0
2024-03-12,S005,beverages,C4799,discount,0.195,0
2024-03-14,S005,beverages,C5687,discount,0.178,0
2024-03-15,S005,beverages,C8828,discount,0.37,0
2024-03-18,S005,beverages,C7647,coupon,0.091,1
2024-03-20,S005,beverages,C8522,discount,0.277,0
2024-03-21,S005,beverages,C4988,discount,0.112,1
2024-03-25,S005,beverages,C6088,coupon,0.231,1
2024-04-04,S005,beverages,C2603,discount,0.116,0
2024-04-21,S005,beverages,C4745,discount,0.286,1
2024-05-02,S005,beverages,C4529,free_delivery,0.176,0
2024-05-08,S005,beverages,C9816,coupon,0.153,0
2024-05-10,S005,beverages,C1227,discount,0.052,0
2024-05-15,S005,beverages,C7432,coupon,0.216,0
2024-05-19,S005,beverages,C2275,free_delivery,0.151,0
2024-05-25,S005,beverages,C7324,coupon,0.178,0
2024-06-25,S005,beverages,C4654,free_delivery,0.16,0
2024-07-03,S005,beverages,C2537,discount,0.135,1
2024-07-11,S005,beverages,C1955,free_delivery,0.309,0
2024-07-16,S005,beverages,C1987,discount,0.252,0
2024-07-23,S005,beverages,C7568,bundle,0.208,1
2024-08-04,S005,beverages,C3391,discount,0.169,1
2024-08-09,S005,beverages,C4128,free_delivery,0.226,0
2024-08-13,S005,beverages,C2881,bundle,0.174,0
2024-08-14,S005,beverages,C2827,coupon,0.263,0
2024-08-18,S005,beverages,C4133,coupon,0.162,1
2024-08-22,S005,beverages,C8180,discount,0.23,1
2024-08-25,S005,beverages,C9657,bundle,0.161,0
2024-08-30,S005,beverages,C5021,coupon,0.187,0
2024-09-01,S005,beverages,C9216,discount,0.212,1
2024-09-02,S005,beverages,C7430,coupon,0.207,0
2024-09-04,S005,beverages,C5913,bundle,0.136,0
2024-09-06,S005,beverages,C4882,discount,0.206,0
2024-09-08,S005,beverages,C6394,coupon,0.216,0
2024-09-09,S005,beverages,C4604,coupon,0.309,0
2024-09-11,S005,beverages,C4615,discount,0.096,0
2024-09-15,S005,beverages,C4621,coupon,0.157,0
2024-09-25,S005,beverages,C3477,discount,0.14,0
2024-10-11,S005,beverages,C6751,discount,0.189,0
2024-10-27,S005,beverages,C2781,bundle,0.181,0
2024-11-15,S005,beverages,C9861,coupon,0.24,1
2024-11-17,S005,beverages,C3162,coupon,0.143,1
2024-12-11,S005,beverages,C5193,discount,0.201,0
2024-01-10,S005,snacks,C8957,bundle,0.237,1
2024-01-16,S005,snacks,C6181,discount,0.243,1
2024-01-20,S005,snacks,C9762,free_delivery,0.261,1
2024-01-21,S005,snacks,C5813,free_delivery,0.174,0
2024-01-28,S005,snacks,C5168,bundle,0.313,0
2024-01-31,S005,snacks,C5005,coupon,0.096,0
2024-02-05,S005,snacks,C6783,discount,0.175,1
2024-02-28,S005,snacks,C1097,discount,0.11,1
2024-02-29,S005,snacks,C4079,bundle,0.282,0
2024-03-04,S005,snacks,C5959,free_delivery,0.304,1
2024-03-10,S005,snacks,C3055,free_delivery,0.129,0
2024-03-12,S005,snacks,C3027,discount,0.184,0
2024-03-23,S005,snacks,C8190,free_delivery,0.113,1
2024-03-24,S005,snacks,C4039,discount,0.05,0
2024-03-27,S005,snacks,C7616,discount,0.155,1
2024-04-04,S005,snacks,C4734,discount,0.149,0
2024-04-11,S005,snacks,C2937,discount,0.081,0
2024-04-13,S005,snacks,C3914,discount,0.104,0
2024-04-18,S005,snacks,C7913,discount,0.24,0
2024-04-20,S005,snacks,C5660,free_delivery,0.261,0
2024-04-28,S005,snacks,C1225,discount,0.126,1
2024-04-30,S005,snacks,C7400,bundle,0.104,0
2024-05-04,S005,snacks,C7478,bundle,0.19,0
2024-05-14,S005,snacks,C9599,discount,0.108,0
2024-05-28,S005,snacks,C3450,bundle,0.089,0
2024-06-26,S005,snacks,C5492,discount,0.206,0
2024-07-02,S005,snacks,C2993,discount,0.21,1
2024-07-15,S005,snacks,C9734,discount,0.177,0
2024-07-20,S005,snacks,C7415,bundle,0.273,0
2024-07-21,S005,snacks,C3388,free_delivery,0.249,0
2024-07-23,S005,snacks,C9589,coupon,0.056,0
2024-07-25,S005,snacks,C5551,free_delivery,0.198,0
2024-07-28,S005,snacks,C9271,discount,0.204,0
2024-08-05,S005,snacks,C9095,bundle,0.165,1
2024-08-07,S005,snacks,C6772,discount,0.112,0
2024-08-09,S005,snacks,C4179,discount,0.18,0
2024-08-11,S005,snacks,C3195,bundle,0.182,0
2024-08-13,S005,snacks,C9791,coupon,0.243,1
2024-08-16,S005,snacks,C6001,discount,0.197,1
2024-08-17,S005,snacks,C9252,coupon,0.217,1
2024-08-18,S005,snacks,C9885,bundle,0.259,0
2024-08-19,S005,snacks,C1735,bundle,0.24,1
2024-08-21,S005,snacks,C2233,bundle,0.182,0
2024-09-14,S005,snacks,C4139,coupon,0.115,0
2024-09-15,S005,snacks,C9157,discount,0.275,1
2024-10-04,S005,snacks,C2365,discount,0.071,0
2024-10-05,S005,snacks,C5143,free_delivery,0.218,0
2024-10-06,S005,snacks,C5011,coupon,0.198,0
2024-10-21,S005,snacks,C8627,coupon,0.104,0
2024-11-18,S005,snacks,C9555,bundle,0.202,0
2024-12-14,S005,snacks,C4027,discount,0.114,1
2024-12-17,S005,snacks,C6522,free_delivery,0.176,0
2024-12-22,S005,snacks,C1922,coupon,0.15,1
2024-12-25,S005,snacks,C7009,discount,0.234,1
2025-01-06,S005,snacks,C9554,discount,0.114,0
2025-01-07,S005,snacks,C5793,free_delivery,0.101,0
2025-01-13,S005,snacks,C6091,coupon,0.05,1
2025-01-18,S005,snacks,C8708,bundle,0.208,1
2024-01-07,S005,fresh,C2528,bundle,0.125,0
2024-01-27,S005,fresh,C5320,free_delivery,0.189,0
2024-02-03,S005,fresh,C5220,bundle,0.237,0
2024-02-13,S005,fresh,C2524,discount,0.109,0
2024-02-25,S005,fresh,C7492,discount,0.164,1
2024-02-28,S005,fresh,C1569,discount,0.274,1
2024-03-02,S005,fresh,C7524,discount,0.299,0
2024-03-03,S005,fresh,C6299,free_delivery,0.211,0
2024-03-27,S005,fresh,C8469,coupon,0.192,0
2024-04-02,S005,fresh,C7319,coupon,0.204,1
2024-04-06,S005,fresh,C6334,discount,0.174,1
2024-04-09,S005,fresh,C8588,discount,0.05,1
2024-04-14,S005,fresh,C9527,free_delivery,0.17,1
2024-04-15,S005,fresh,C3529,discount,0.145,0
2024-05-12,S005,fresh,C8436,free_delivery,0.13,1
2024-05-20,S005,fresh,C5303,discount,0.132,0
2024-06-06,S005,fresh,C5348,bundle,0.239,1
2024-06-14,S005,fresh,C5682,discount,0.261,0
2024-06-15,S005,fresh,C9291,discount,0.158,0
2024-07-06,S005,fresh,C3386,free_delivery,0.265,1
2024-07-15,S005,fresh,C5143,discount,0.291,0
2024-07-19,S005,fresh,C9811,coupon,0.071,1
2024-07-20,S005,fresh,C9414,discount,0.152,1
2024-07-25,S005,fresh,C8853,discount,0.147,0
2024-08-01,S005,fresh,C5879,discount,0.257,1
2024-08-04,S005,fresh,C5480,discount,0.263,0
2024-08-06,S005,fresh,C6158,free_delivery,0.234,0
2024-08-14,S005,fresh,C3810,discount,0.11,0
2024-08-26,S005,fresh,C4226,discount,0.189,0
2024-08-30,S005,fresh,C4302,bundle,0.207,0
2024-09-18,S005,fresh,C9114,free_delivery,0.091,1
2024-09-19,S005,fresh,C7098,discount,0.195,0
2024-10-06,S005,fresh,C2497,coupon,0.139,1
2024-10-20,S005,fresh,C1014,coupon,0.241,0
2024-10-24,S005,fresh,C7110,discount,0.157,0
2024-11-04,S005,fresh,C2838,free_delivery,0.211,0
2024-11-05,S005,fresh,C1055,discount,0.368,0
2024-11-06,S005,fresh,C2979,bundle,0.207,0
2024-11-21,S005,fresh,C2508,coupon,0.171,0
2024-11-28,S005,fresh,C6702,discount,0.287,0
2024-12-29,S005,fresh,C4981,coupon,0.207,0
2025-01-26,S005,fresh,C3243,bundle,0.217,0
2024-01-01,S005,household,C1373,free_delivery,0.229,0
2024-01-09,S005,household,C5433,coupon,0.213,1
2024-01-13,S005,household,C6310,discount,0.087,0
2024-01-19,S005,household,C3931,bundle,0.217,0
2024-02-08,S005,household,C2551,coupon,0.05,1
2024-02-19,S005,household,C4394,coupon,0.112,0
2024-03-13,S005,household,C9171,discount,0.134,1
2024-03-14,S005,household,C2873,coupon,1.2,0
2024-04-07,S005,household,C2009,bundle,0.357,0
2024-04-13,S005,household,C2840,coupon,0.175,0
2024-04-15,S005,household,C2002,discount,0.198,0
2024-04-22,S005,household,C2724,discount,0.157,1
2024-04-28,S005,household,C6683,bundle,0.214,1
2024-05-14,S005,household,C7931,coupon,0.224,1
2024-05-19,S005,household,C2871,bundle,0.287,0
2024-06-05,S005,household,C9501,discount,0.135,0
2024-07-28,S005,household,C2049,discount,0.148,1
2024-08-04,S005,household,C6602,discount,0.238,0
2024-08-13,S005,household,C6519,coupon,0.143,1
2024-08-23,S005,household,C3065,free_delivery,0.235,1
2024-09-05,S005,household,C3652,discount,0.145,1
2024-09-08,S005,household,C2301,coupon,0.05,0
2024-09-11,S005,household,C3739,discount,0.215,0
2024-10-04,S005,household,C2180,coupon,0.135,1
2024-10-05,S005,household,C7783,free_delivery,0.112,1
2024-10-09,S005,household,C3189,discount,0.169,0
2024-10-23,S005,household,C7479,discount,0.298,1
2024-11-05,S005,household,C4951,discount,0.263,0
2024-11-21,S005,household,C3681,free_delivery,0.207,1
2024-12-03,S005,household,C9264,bundle,0.062,0
2024-12-18,S005,household,C7937,coupon,0.05,1
2024-12-20,S005,household,C1916,bundle,0.193,0
2024-12-29,S005,household,C4746,coupon,0.139,0
2025-01-13,S005,household,C6011,discount,0.177,1
2025-01-25,S005,household,C4846,free_delivery,0.186,0
2024-01-04,S005,ready_to_eat,C4120,discount,0.287,1
2024-01-20,S005,ready_to_eat,C6276,bundle,0.244,0
2024-01-21,S005,ready_to_eat,C3442,discount,0.227,0
2024-01-29,S005,ready_to_eat,C1284,bundle,0.21,0
2024-02-02,S005,ready_to_eat,C4110,coupon,0.207,0
2024-02-06,S005,ready_to_eat,C3339,discount,0.145,0
2024-02-09,S005,ready_to_eat,C8371,discount,0.156,0
2024-02-14,S005,ready_to_eat,C2064,discount,0.096,0
2024-02-17,S005,ready_to_eat,C6675,discount,0.214,0
2024-02-18,S005,ready_to_eat,C9446,discount,0.174,0
2024-02-27,S005,ready_to_eat,C4085,coupon,0.147,1
2024-03-02,S005,ready_to_eat,C5960,discount,0.224,0
2024-03-04,S005,ready_to_eat,C7966,coupon,0.232,0
2024-03-06,S005,ready_to_eat,C7815,free_delivery,0.166,1
2024-03-20,S005,ready_to_eat,C5516,coupon,0.205,0
2024-03-24,S005,ready_to_eat,C1412,coupon,0.129,0
2024-03-29,S005,ready_to_eat,C3373,free_delivery,0.081,0
2024-04-23,S005,ready_to_eat,C7535,coupon,0.147,1
2024-05-12,S005,ready_to_eat,C6893,bundle,0.193,0
2024-05-13,S005,ready_to_eat,C6503,bundle,0.233,1
2024-05-26,S005,ready_to_eat,C6663,coupon,0.074,0
2024-06-08,S005,ready_to_eat,C5301,coupon,0.155,0
2024-06-15,S005,ready_to_eat,C5276,discount,0.237,0
2024-06-16,S005,ready_to_eat,C6952,discount,0.12,0
2024-07-11,S005,ready_to_eat,C4226,discount,0.229,0
2024-08-13,S005,ready_to_eat,C1944,coupon,0.25,0
2024-08-17,S005,ready_to_eat,C7115,coupon,0.232,0
2024-09-02,S005,ready_to_eat,C7818,discount,0.137,0
2024-09-06,S005,ready_to_eat,C6341,discount,0.242,0
2024-09-08,S005,ready_to_eat,C6344,discount,0.24,1
2024-09-16,S005,ready_to_eat,C8440,coupon,0.312,1
2024-09-19,S005,ready_to_eat,C8271,coupon,0.155,0
2024-10-05,S005,ready_to_eat,C8419,bundle,0.124,1
2024-10-08,S005,ready_to_eat,C6048,discount,0.197,0
2024-10-12,S005,ready_to_eat,C4403,discount,0.149,1
2024-10-21,S005,ready_to_eat,C2793,discount,0.348,0
2024-11-15,S005,ready_to_eat,C9903,discount,0.239,0
2024-11-24,S005,ready_to_eat,C4935,discount,0.258,1
2024-12-08,S005,ready_to_eat,C9669,discount,0.083,1
2025-01-18,S005,ready_to_eat,C2421,bundle,0.05,0
2024-01-06,S005,personal_care,C3082,discount,0.242,1
2024-01-09,S005,personal_care,C4983,bundle,0.223,1
2024-02-04,S005,personal_care,C9081,coupon,0.159,0
2024-02-24,S005,personal_care,C9972,bundle,0.268,1
2024-03-10,S005,personal_care,C4223,discount,0.184,0
2024-03-20,S005,personal_care,C5455,coupon,0.319,0
2024-03-27,S005,personal_care,C2777,discount,0.088,0
2024-04-18,S005,personal_care,C8103,discount,0.101,1
2024-05-04,S005,personal_care,C5313,coupon,0.182,0
2024-06-20,S005,personal_care,C2472,discount,0.053,0
2024-07-04,S005,personal_care,C6015,free_delivery,0.247,1
2024-07-07,S005,personal_care,C6438,discount,0.308,0
2024-07-14,S005,personal_care,C7249,discount,0.241,0
2024-07-25,S005,personal_care,C4858,coupon,0.067,0
2024-08-08,S005,personal_care,C7964,coupon,0.139,1
2024-08-09,S005,personal_care,C7645,coupon,0.12,0
2024-08-19,S005,personal_care,C9248,free_delivery,0.148,0
2024-09-05,S005,personal_care,C6786,discount,0.093,0
2024-09-13,S005,personal_care,C1871,coupon,0.089,1
2024-10-16,S005,personal_care,C9157,discount,0.285,0
2024-10-24,S005,personal_care,C8077,bundle,0.234,1
2024-11-09,S005,personal_care,C2681,discount,0.163,1
2024-12-01,S005,personal_care,C8308,discount,0.09,0
2025-01-04,S005,personal_care,C8994,bundle,0.274,1
2024-01-04,S006,beverages,C3736,discount,0.268,1
2024-01-21,S006,beverages,C5865,free_delivery,0.204,0
2024-01-22,S006,beverages,C5293,discount,0.077,1
2024-02-05,S006,beverages,C4938,coupon,0.132,1
2024-02-11,S006,beverages,C2145,bundle,0.228,0
2024-02-13,S006,beverages,C2213,bundle,0.264,0
2024-02-15,S006,beverages,C7001,free_delivery,0.184,0
2024-03-02,S006,beverages,C6718,discount,0.186,0
2024-03-06,S006,beverages,C3383,discount,0.126,0
2024-03-13,S006,beverages,C4928,discount,0.05,0
2024-03-15,S006,beverages,C7212,discount,0.191,0
2024-03-21,S006,beverages,C7904,discount,0.195,1
2024-03-23,S006,beverages,C8566,coupon,0.092,0
2024-03-30,S006,beverages,C3063,coupon,0.182,0
2024-03-31,S006,beverages,C8698,discount,0.206,1
2024-04-15,S006,beverages,C1253,discount,0.136,1
2024-05-01,S006,beverages,C8200,coupon,0.202,0
2024-05-06,S006,beverages,C5963,discount,0.196,0
2024-05-15,S006,beverages,C7012,coupon,0.214,0
2024-05-17,S006,beverages,C3286,bundle,0.09,0
2024-05-19,S006,beverages,C6339,discount,0.344,0
2024-05-20,S006,beverages,C2571,free_delivery,0.311,0
2024-05-26,S006,beverages,C3077,coupon,0.115,0
2024-05-30,S006,beverages,C2800,coupon,0.29,1
2024-06-05,S006,beverages,C5222,coupon,0.134,0
2024-06-08,S006,beverages,C1761,discount,0.063,0
2024-06-18,S006,beverages,C7783,coupon,0.156,0
2024-06-29,S006,beverages,C4106,coupon,0.096,0
2024-07-08,S006,beverages,C1284,discount,0.219,0
2024-07-10,S006,beverages,C3385,bundle,0.257,0
2024-07-19,S006,beverages,C2732,coupon,0.249,1
2024-07-22,S006,beverages,C9264,discount,0.05,0
2024-07-25,S006,beverages,C5927,coupon,0.256,1
2024-09-03,S006,beverages,C4883,discount,0.166,0
2024-09-14,S006,beverages,C1001,free_delivery,0.282,0
2024-09-24,S006,beverages,C4006,discount,0.209,0
2024-09-25,S006,beverages,C7098,coupon,0.242,0
2024-10-04,S006,beverages,C1149,discount,0.234,0
2024-11-06,S006,beverages,C2360,discount,0.193,0
2024-11-07,S006,beverages,C2341,bundle,0.235,0
2024-11-23,S006,beverages,C2485,discount,0.096,1
2024-11-24,S006,beverages,C2324,discount,0.079,0
2024-11-27,S006,beverages,C3958,discount,0.188,1
2024-11-28,S006,beverages,C8944,discount,0.222,0
2024-11-29,S006,beverages,C1905,bundle,0.195,1
2024-12-20,S006,beverages,C6793,discount,0.19,0
2025-01-01,S006,beverages,C5720,coupon,0.095,1
2025-01-02,S006,beverages,C6902,discount,0.265,1
2025-01-04,S006,beverages,C5543,free_delivery,0.189,1
2025-01-07,S006,beverages,C3423,coupon,0.24,0
2025-01-15,S006,beverages,C5263,coupon,0.117,0
2024-01-03,S006,snacks,C7183,free_delivery,0.25,1
2024-01-22,S006,snacks,C5411,discount,0.179,0
2024-01-26,S006,snacks,C4542,coupon,0.185,0
2024-01-30,S006,snacks,C9717,coupon,0.174,1
2024-01-31,S006,snacks,C6698,coupon,0.167,0
2024-02-14,S006,snacks,C7080,coupon,0.156,0
2024-02-23,S006,snacks,C6575,bundle,0.315,0
2024-03-03,S006,snacks,C9078,coupon,0.099,0
2024-03-19,S006,snacks,C2370,coupon,0.152,0
2024-03-20,S006,snacks,C5367,coupon,0.176,0
2024-03-26,S006,snacks,C4964,free_delivery,0.068,0
2024-03-30,S006,snacks,C2573,discount,0.158,0
2024-04-04,S006,snacks,C9945,coupon,0.282,1
2024-04-07,S006,snacks,C4783,free_delivery,0.233,1
2024-04-14,S006,snacks,C3804,discount,0.058,0
2024-04-19,S006,snacks,C4362,bundle,0.098,0
2024-04-28,S006,snacks,C3440,coupon,0.062,1
2024-04-30,S006,snacks,C2471,coupon,0.226,1
2024-05-13,S006,snacks,C9056,discount,0.05,0
2024-05-15,S006,snacks,C5626,coupon,0.13,1
2024-05-16,S006,snacks,C1612,bundle,0.163,0
2024-05-18,S006,snacks,C3454,discount,0.317,0
2024-05-20,S006,snacks,C4984,discount,0.15,0
2024-06-05,S006,snacks,C6555,bundle,0.29,0
2024-06-15,S006,snacks,C5104,discount,0.14,0
2024-06-19,S006,snacks,C9513,free_delivery,0.338,0
2024-06-21,S006,snacks,C4160,free_delivery,0.099,1
2024-06-23,S006,snacks,C5406,discount,0.212,0
2024-06-25,S006,snacks,C6755,bundle,0.191,0
2024-06-27,S006,snacks,C1224,discount,0.108,0
2024-06-29,S006,snacks,C9974,discount,0.197,0
2024-07-13,S006,snacks,C8234,discount,0.131,1
2024-07-28,S006,snacks,C4051,coupon,0.228,1
2024-08-13,S006,snacks,C6269,discount,0.074,1
2024-08-17,S006,snacks,C3077,bundle,0.248,0
2024-08-18,S006,snacks,C6576,discount,0.186,0
2024-09-03,S006,snacks,C1365,coupon,0.235,0
2024-10-07,S006,snacks,C7811,bundle,0.151,1
2024-10-09,S006,snacks,C4597,discount,0.106,0
2024-11-13,S006,snacks,C8405,bundle,0.252,1
2024-11-14,S006,snacks,C6440,bundle,0.112,0
2024-11-17,S006,snacks,C8498,free_delivery,0.078,1
2024-11-26,S006,snacks,C8568,bundle,0.061,1
2024-12-03,S006,snacks,C4196,bundle,0.208,1
2024-12-07,S006,snacks,C2254,discount,0.184,0
2024-12-12,S006,snacks,C5508,coupon,0.181,1
2024-12-22,S006,snacks,C2820,coupon,0.168,0
2024-12-29,S006,snacks,C4617,discount,0.184,0
2024-12-30,S006,snacks,C5996,coupon,0.206,1
2025-01-14,S006,snacks,C1112,discount,0.177,1
2025-01-20,S006,snacks,C5591,discount,0.132,1
2024-01-18,S006,fresh,C5864,coupon,0.24,0
2024-01-19,S006,fresh,C7063,discount,0.184,1
2024-01-28,S006,fresh,C5967,discount,0.295,0
2024-02-10,S006,fresh,C6407,discount,0.152,0
2024-02-25,S006,fresh,C1801,discount,0.169,1
2024-03-04,S006,fresh,C9021,coupon,0.198,1
2024-03-09,S006,fresh,C6615,discount,0.369,0
2024-03-24,S006,fresh,C2140,free_delivery,0.104,0
2024-04-04,S006,fresh,C5305,discount,0.192,1
2024-04-06,S006,fresh,C3143,discount,0.289,1
2024-04-12,S006,fresh,C7331,coupon,0.104,0
2024-04-27,S006,fresh,C7349,free_delivery,0.113,0
2024-04-28,S006,fresh,C3553,discount,0.172,0
2024-05-15,S006,fresh,C3654,discount,0.162,0
2024-05-17,S006,fresh,C5305,discount,0.182,0
2024-05-18,S006,fresh,C2303,coupon,0.359,0
2024-06-04,S006,fresh,C2665,free_delivery,0.19,1
2024-06-15,S006,fresh,C4375,discount,0.203,0
2024-08-01,S006,fresh,C4341,discount,0.28,1
2024-08-28,S006,fresh,C5835,discount,0.165,0
2024-09-04,S006,fresh,C3483,free_delivery,0.157,0
2024-09-07,S006,fresh,C4733,discount,0.118,0
2024-09-18,S006,fresh,C7138,coupon,0.212,1
2024-10-05,S006,fresh,C1180,discount,0.136,0
2024-10-10,S006,fresh,C1628,discount,0.2,0
2024-10-14,S006,fresh,C3828,discount,0.108,0
2024-11-18,S006,fresh,C3216,bundle,0.144,1
2024-11-29,S006,fresh,C3384,coupon,0.252,1
2024-12-13,S006,fresh,C3851,discount,0.226,1
2024-12-18,S006,fresh,C3062,discount,0.204,0
2024-12-26,S006,fresh,C8383,discount,0.106,0
2024-12-29,S006,fresh,C4142,bundle,0.217,0
2025-01-09,S006,fresh,C8157,coupon,0.18,0
2025-01-21,S006,fresh,C7921,coupon,0.128,0
2024-01-09,S006,household,C3219,coupon,0.179,1
2024-04-04,S006,household,C1254,discount,0.249,0
2024-04-17,S006,household,C3463,discount,0.135,0
2024-04-20,S006,household,C6629,discount,0.217,0
2024-05-12,S006,household,C2561,coupon,0.174,1
2024-05-18,S006,household,C3712,coupon,0.05,0
2024-06-02,S006,household,C9576,discount,0.194,1
2024-07-14,S006,household,C4925,bundle,0.092,1
2024-08-12,S006,household,C6971,coupon,0.17,1
2024-08-18,S006,household,C7677,coupon,0.279,1
2024-08-22,S006,household,C8173,discount,0.112,1
2024-08-24,S006,household,C8804,coupon,0.089,0
2024-09-06,S006,household,C1937,discount,0.223,0
2024-09-15,S006,household,C7482,discount,0.192,1
2024-10-07,S006,household,C1177,discount,0.055,0
2024-10-14,S006,household,C6373,coupon,0.237,1
2024-11-18,S006,household,C6077,bundle,0.13,1
2024-11-29,S006,household,C3928,discount,0.337,0
2024-11-30,S006,household,C1784,discount,0.158,1
2024-12-08,S006,household,C9504,coupon,0.271,0
2024-12-14,S006,household,C9094,coupon,0.149,1
2024-12-22,S006,household,C2425,bundle,0.099,1
2024-12-27,S006,household,C5017,discount,0.121,0
2025-01-10,S006,household,C5526,free_delivery,0.235,0
2024-01-08,S006,ready_to_eat,C9105,free_delivery,0.245,0
2024-01-14,S006,ready_to_eat,C2012,discount,0.068,0
2024-01-19,S006,ready_to_eat,C8033,discount,0.243,0
2024-02-02,S006,ready_to_eat,C9755,discount,0.129,1
2024-02-05,S006,ready_to_eat,C1076,coupon,0.092,0
2024-02-14,S006,ready_to_eat,C5757,coupon,0.191,0
2024-02-16,S006,ready_to_eat,C4086,bundle,0.216,0
2024-02-17,S006,ready_to_eat,C2844,discount,0.149,0
2024-02-26,S006,ready_to_eat,C1806,discount,0.2,1
2024-02-27,S006,ready_to_eat,C1672,discount,0.147,1
2024-03-01,S006,ready_to_eat,C9941,discount,0.159,1
2024-03-06,S006,ready_to_eat,C4373,discount,0.186,0
2024-03-10,S006,ready_to_eat,C2678,discount,0.234,0
2024-03-11,S006,ready_to_eat,C7428,discount,0.192,0
2024-03-22,S006,ready_to_eat,C4686,coupon,0.177,0
2024-04-09,S006,ready_to_eat,C8740,discount,0.119,0
2024-04-17,S006,ready_to_eat,C2826,coupon,0.21,0
2024-04-21,S006,ready_to_eat,C8440,free_delivery,0.096,0
2024-05-03,S006,ready_to_eat,C6277,bundle,0.124,1
2024-05-12,S006,ready_to_eat,C8046,discount,0.189,1
2024-06-06,S006,ready_to_eat,C9525,bundle,0.153,0
2024-06-08,S006,ready_to_eat,C9723,discount,0.187,1
2024-06-09,S006,ready_to_eat,C8398,discount,0.38,1
2024-06-16,S006,ready_to_eat,C2669,bundle,0.208,1
2024-06-22,S006,ready_to_eat,C2458,discount,0.111,0
2024-06-23,S006,ready_to_eat,C9006,coupon,0.27,0
2024-06-29,S006,ready_to_eat,C2009,free_delivery,0.224,0
2024-07-07,S006,ready_to_eat,C4512,discount,0.262,0
2024-07-09,S006,ready_to_eat,C6805,free_delivery,0.203,1
2024-08-08,S006,ready_to_eat,C8919,discount,0.184,0
2024-08-10,S006,ready_to_eat,C5419,coupon,0.211,1
2024-08-18,S006,ready_to_eat,C3712,discount,0.084,0
2024-08-22,S006,ready_to_eat,C5471,discount,0.168,1
2024-08-27,S006,ready_to_eat,C5299,bundle,0.133,0
2024-08-31,S006,ready_to_eat,C5014,coupon,0.211,1
2024-09-19,S006,ready_to_eat,C3552,bundle,0.228,1
2024-09-20,S006,ready_to_eat,C2520,free_delivery,0.194,0
2024-09-22,S006,ready_to_eat,C8289,free_delivery,0.182,0
2024-10-02,S006,ready_to_eat,C5273,discount,0.226,0
2024-10-05,S006,ready_to_eat,C2059,free_delivery,0.17,1
2024-10-07,S006,ready_to_eat,C5471,discount,0.187,1
2024-10-17,S006,ready_to_eat,C8139,discount,0.158,0
2024-10-27,S006,ready_to_eat,C8643,discount,0.05,1
2024-11-11,S006,ready_to_eat,C9176,free_delivery,0.28,0
2024-11-12,S006,ready_to_eat,C3334,discount,0.223,0
2024-11-13,S006,ready_to_eat,C7566,discount,0.142,1
2024-11-14,S006,ready_to_eat,C3486,coupon,0.191,0
2024-11-17,S006,ready_to_eat,C9708,discount,0.254,0
2024-12-07,S006,ready_to_eat,C1774,discount,0.35,1
2025-01-01,S006,ready_to_eat,C4951,coupon,0.05,0
2025-01-02,S006,ready_to_eat,C9411,coupon,0.117,0
2024-01-03,S006,personal_care,C6644,coupon,0.116,0
2024-01-09,S006,personal_care,C7256,coupon,0.175,0
2024-01-19,S006,personal_care,C8148,bundle,0.178,0
2024-02-13,S006,personal_care,C7710,discount,0.193,0
2024-03-04,S006,personal_care,C5035,discount,0.199,1
2024-04-07,S006,personal_care,C8975,coupon,0.192,1
2024-04-20,S006,personal_care,C8674,coupon,0.223,0
2024-04-23,S006,personal_care,C2774,discount,0.136,1
2024-05-03,S006,personal_care,C2807,discount,0.11,0
2024-05-27,S006,personal_care,C8428,discount,0.22,0
2024-06-21,S006,personal_care,C5641,bundle,0.222,1
2024-07-02,S006,personal_care,C9281,bundle,0.126,1
2024-08-06,S006,personal_care,C7965,coupon,0.131,1
2024-09-02,S006,personal_care,C3358,discount,0.185,1
2024-09-30,S006,personal_care,C3570,coupon,0.203,0
2024-10-01,S006,personal_care,C9525,coupon,0.092,0
2024-10-05,S006,personal_care,C5422,discount,0.173,1
2024-10-18,S006,personal_care,C1278,bundle,0.231,0
2024-10-23,S006,personal_care,C6197,discount,0.24,1
2024-11-08,S006,personal_care,C9412,discount,0.121,1
2024-12-20,S006,personal_care,C7374,discount,0.241,0
2024-12-22,S006,personal_care,C2959,discount,0.087,0
2024-12-28,S006,personal_care,C9465,coupon,0.078,0
2025-01-02,S006,personal_care,C8869,discount,0.168,1
2025-01-10,S006,personal_care,C3250,bundle,0.05,0
2025-01-14,S006,personal_care,C5338,free_delivery,0.188,0
2025-01-22,S006,personal_care,C8883,coupon,0.174,1
2025-01-26,S006,personal_care,C1801,bundle,0.05,0
2024-01-14,S007,beverages,C4216,free_delivery,0.05,1
2024-01-26,S007,beverages,C3438,coupon,0.105,0
2024-01-28,S007,beverages,C7539,bundle,0.17,0
2024-01-30,S007,beverages,C3842,bundle,0.271,0
2024-02-04,S007,beverages,C8333,discount,0.161,1
2024-02-08,S007,beverages,C6584,free_delivery,0.155,1
2024-02-09,S007,beverages,C1084,bundle,0.199,0
2024-02-12,S007,beverages,C3911,discount,0.234,1
2024-02-13,S007,beverages,C9089,discount,0.219,0
2024-02-21,S007,beverages,C9326,discount,0.163,1
2024-02-22,S007,beverages,C1884,coupon,0.062,1
2024-02-25,S007,beverages,C7649,discount,0.252,0
2024-03-10,S007,beverages,C3067,discount,0.141,1
2024-03-17,S007,beverages,C5271,coupon,0.256,1
2024-03-24,S007,beverages,C6229,free_delivery,0.275,0
2024-03-31,S007,beverages,C9330,discount,0.323,1
2024-04-04,S007,beverages,C9990,discount,0.281,0
2024-04-05,S007,beverages,C8851,discount,0.05,0
2024-04-20,S007,beverages,C9703,discount,0.235,1
2024-04-22,S007,beverages,C5709,discount,0.05,0
2024-04-24,S007,beverages,C1208,free_delivery,0.122,1
2024-04-30,S007,beverages,C6254,coupon,0.235,0
2024-05-03,S007,beverages,C2518,coupon,0.089,0
2024-05-23,S007,beverages,C9877,discount,0.219,0
2024-06-25,S007,beverages,C2735,bundle,0.173,1
2024-06-30,S007,beverages,C4903,discount,0.235,1
2024-07-01,S007,beverages,C5191,bundle,0.164,1
2024-07-17,S007,beverages,C9953,coupon,0.304,0
2024-07-18,S007,beverages,C4352,free_delivery,0.084,1
2024-07-27,S007,beverages,C2768,bundle,0.224,0
2024-08-06,S007,beverages,C4198,discount,0.26,0
2024-08-18,S007,beverages,C8738,free_delivery,0.05,0
2024-08-22,S007,beverages,C5713,discount,0.169,0
2024-08-24,S007,beverages,C7035,coupon,0.177,0
2024-08-29,S007,beverages,C5389,free_delivery,0.083,1
2024-09-06,S007,beverages,C5004,free_delivery,0.254,0
2024-09-07,S007,beverages,C3721,free_delivery,0.24,0
2024-09-17,S007,beverages,C8056,discount,0.05,0
2024-09-19,S007,beverages,C1239,discount,0.175,0
2024-10-02,S007,beverages,C4767,bundle,0.185,1
2024-10-07,S007,beverages,C9235,free_delivery,0.148,1
2024-10-12,S007,beverages,C4717,discount,0.171,0
2024-10-17,S007,beverages,C1686,discount,0.193,0
2024-11-09,S007,beverages,C1404,bundle,0.221,1
2024-11-19,S007,beverages,C2940,discount,0.203,1
2024-11-23,S007,beverages,C2213,discount,0.286,0
2024-11-30,S007,beverages,C8833,discount,0.166,1
2024-12-03,S007,beverages,C6567,discount,0.143,0
2024-12-10,S007,beverages,C3116,bundle,0.268,1
2024-12-13,S007,beverages,C6172,bundle,0.166,0
2024-12-14,S007,beverages,C3058,discount,0.05,0
2024-12-18,S007,beverages,C6769,free_delivery,-0.1,0
2025-01-01,S007,beverages,C3029,bundle,0.161,0
2025-01-18,S007,beverages,C4754,coupon,0.05,0
2025-01-21,S007,beverages,C4689,discount,0.132,0
2025-01-26,S007,beverages,C1632,bundle,0.17,1
2024-01-23,S007,snacks,C8044,discount,0.126,0
2024-02-04,S007,snacks,C7751,coupon,0.118,1
2024-02-15,S007,snacks,C8283,discount,0.255,0
2024-03-04,S007,snacks,C1605,discount,0.124,1
2024-03-16,S007,snacks,C5285,discount,0.123,0
2024-04-03,S007,snacks,C9586,discount,0.235,1
2024-04-06,S007,snacks,C6559,bundle,0.125,1
2024-04-12,S007,snacks,C7295,bundle,0.239,0
2024-04-14,S007,snacks,C4978,free_delivery,0.342,0
2024-04-16,S007,snacks,C8182,coupon,0.058,0
2024-04-18,S007,snacks,C3017,coupon,0.167,0
2024-04-26,S007,snacks,C7187,free_delivery,0.22,1
2024-04-29,S007,snacks,C3225,free_delivery,0.27,0
2024-05-11,S007,snacks,C8704,discount,0.173,0
2024-05-14,S007,snacks,C6694,discount,0.266,0
2024-05-17,S007,snacks,C7750,coupon,0.125,0
2024-05-20,S007,snacks,C4179,discount,0.15,0
2024-05-23,S007,snacks,C2999,discount,0.093,0
2024-05-25,S007,snacks,C7763,discount,0.161,1
2024-06-01,S007,snacks,C7346,discount,0.164,0
2024-06-05,S007,snacks,C4140,discount,0.235,0
2024-06-06,S007,snacks,C2518,coupon,0.293,1
2024-06-09,S007,snacks,C1631,discount,0.05,0
2024-06-17,S007,snacks,C1383,discount,0.067,0
2024-06-19,S007,snacks,C3611,discount,0.24,1
2024-07-02,S007,snacks,C9982,discount,0.248,0
2024-07-07,S007,snacks,C2155,coupon,0.315,0
2024-07-09,S007,snacks,C1538,discount,0.206,1
2024-07-16,S007,snacks,C2752,discount,0.298,0
2024-07-27,S007,snacks,C9115,coupon,0.179,0
2024-08-01,S007,snacks,C3471,coupon,0.085,0
2024-08-20,S007,snacks,C2816,discount,0.096,1
2024-08-23,S007,snacks,C7763,coupon,0.25,0
2024-08-26,S007,snacks,C3355,free_delivery,0.159,1
2024-08-30,S007,snacks,C8765,discount,0.145,0
2024-09-11,S007,snacks,C4748,discount,0.05,1
2024-09-15,S007,snacks,C5420,coupon,0.299,0
2024-09-26,S007,snacks,C8119,coupon,0.127,0
2024-09-27,S007,snacks,C2938,free_delivery,0.215,0
2024-09-30,S007,snacks,C2309,discount,0.312,1
2024-10-08,S007,snacks,C8085,discount,0.177,0
2024-10-13,S007,snacks,C8054,bundle,0.204,1
2024-10-17,S007,snacks,C9951,free_delivery,0.185,0
2024-11-01,S007,snacks,C7415,discount,0.271,1
2024-11-03,S007,snacks,C6292,coupon,0.198,0
2024-11-15,S007,snacks,C3478,coupon,0.18,0
2024-11-18,S007,snacks,C2514,discount,0.275,0
2024-11-25,S007,snacks,C4434,discount,0.164,0
2024-11-27,S007,snacks,C5496,bundle,0.114,0
2024-12-23,S007,snacks,C8430,coupon,0.167,1
2025-01-04,S007,snacks,C2638,coupon,0.276,0
2025-01-09,S007,snacks,C2165,discount,0.113,0
2025-01-11,S007,snacks,C2362,bundle,0.233,1
2025-01-12,S007,snacks,C2701,free_delivery,0.351,1
2025-01-25,S007,snacks,C5313,discount,0.146,0
2024-01-04,S007,fresh,C5006,discount,0.242,0
2024-02-04,S007,fresh,C4522,discount,0.201,0
2024-02-11,S007,fresh,C7402,coupon,0.05,0
2024-02-12,S007,fresh,C5192,discount,0.275,0
2024-02-18,S007,fresh,C5981,bundle,0.208,1
2024-02-19,S007,fresh,C5390,free_delivery,0.13,0
2024-02-20,S007,fresh,C4575,discount,0.05,0
2024-02-28,S007,fresh,C1874,discount,0.195,1
2024-03-07,S007,fresh,C4245,bundle,0.158,1
2024-03-11,S007,fresh,C1484,discount,0.183,0
2024-03-23,S007,fresh,C2797,coupon,0.122,0
2024-04-07,S007,fresh,C5902,discount,0.195,1
2024-04-26,S007,fresh,C5663,bundle,0.177,0
2024-06-13,S007,fresh,C1949,bundle,0.26,0
2024-06-26,S007,fresh,C1401,bundle,0.264,1
2024-08-03,S007,fresh,C2250,coupon,0.112,0
2024-08-07,S007,fresh,C1636,coupon,0.188,0
2024-08-19,S007,fresh,C2331,bundle,0.193,0
2024-10-02,S007,fresh,C1766,discount,0.079,1
2024-10-04,S007,fresh,C8178,coupon,0.182,0
2024-10-21,S007,fresh,C6407,coupon,0.296,1
2024-10-26,S007,fresh,C4837,discount,0.129,0
2024-11-22,S007,fresh,C9531,discount,0.203,1
2025-01-19,S007,fresh,C8594,discount,0.209,1
2025-01-26,S007,fresh,C5095,discount,0.209,1
2024-01-25,S007,household,C2778,free_delivery,0.127,1
2024-01-28,S007,household,C5589,discount,0.255,1
2024-02-11,S007,household,C4845,free_delivery,0.198,1
2024-02-26,S007,household,C3758,discount,0.149,1
2024-02-27,S007,household,C6220,discount,0.206,0
2024-03-02,S007,household,C8835,bundle,0.274,1
2024-03-13,S007,household,C8750,coupon,0.05,0
2024-03-22,S007,household,C8553,bundle,0.164,1
2024-03-23,S007,household,C1258,free_delivery,0.151,1
2024-04-05,S007,household,C5620,discount,0.085,0
2024-04-28,S007,household,C7416,discount,0.097,0
2024-05-07,S007,household,C4764,discount,0.143,0
2024-05-08,S007,household,C6457,discount,0.054,1
2024-05-13,S007,household,C9128,coupon,0.24,1
2024-05-15,S007,household,C3040,coupon,0.196,0
2024-06-08,S007,household,C4777,bundle,0.128,0
2024-06-13,S007,household,C4042,discount,0.283,0
2024-07-06,S007,household,C6086,bundle,0.106,1
2024-07-11,S007,household,C2510,free_delivery,0.124,0
2024-07-24,S007,household,C2392,discount,0.212,1
2024-07-26,S007,household,C5422,free_delivery,0.236,0
2024-08-19,S007,household,C8419,discount,0.249,0
2024-08-25,S007,household,C2283,discount,0.183,0
2024-08-31,S007,household,C2883,discount,0.259,0
2024-09-18,S007,household,C2331,discount,0.099,0
2024-09-26,S007,household,C6526,discount,0.097,1
2024-10-18,S007,household,C9366,coupon,0.298,0
2024-11-07,S007,household,C3191,discount,0.199,0
2024-11-17,S007,household,C2922,bundle,0.132,0
2025-01-14,S007,household,C4520,discount,0.169,0
2025-01-26,S007,household,C5968,discount,0.143,0
2024-01-04,S007,ready_to_eat,C5285,discount,0.074,0
2024-01-11,S007,ready_to_eat,C1422,bundle,0.18,1
2024-01-20,S007,ready_to_eat,C2423,free_delivery,0.17,0
2024-01-28,S007,ready_to_eat,C5900,free_delivery,0.195,0
2024-02-03,S007,ready_to_eat,C3167,discount,0.173,0
2024-02-11,S007,ready_to_eat,C7036,free_delivery,0.095,1
2024-03-01,S007,ready_to_eat,C8388,discount,0.162,0
2024-03-07,S007,ready_to_eat,C1796,coupon,0.18,1
2024-03-18,S007,ready_to_eat,C1767,free_delivery,0.106,0
2024-04-04,S007,ready_to_eat,C2118,discount,0.128,1
2024-04-19,S007,ready_to_eat,C8387,coupon,0.218,0
2024-05-03,S007,ready_to_eat,C6368,coupon,0.11,0
2024-05-12,S007,ready_to_eat,C1538,coupon,0.11,1
2024-05-16,S007,ready_to_eat,C7867,coupon,0.281,0
2024-05-18,S007,ready_to_eat,C2089,discount,0.22,0
2024-05-19,S007,ready_to_eat,C1316,coupon,0.226,1
2024-05-20,S007,ready_to_eat,C4252,bundle,0.24,0
2024-06-05,S007,ready_to_eat,C7778,discount,0.236,0
2024-06-20,S007,ready_to_eat,C5080,bundle,0.121,0
2024-06-21,S007,ready_to_eat,C2810,discount,0.295,1
2024-06-22,S007,ready_to_eat,C9437,coupon,0.185,0
2024-06-24,S007,ready_to_eat,C1538,discount,0.115,0
2024-07-17,S007,ready_to_eat,C6348,coupon,0.31,1
2024-07-26,S007,ready_to_eat,C2681,coupon,0.18,0
2024-07-27,S007,ready_to_eat,C4033,discount,0.207,0
2024-08-15,S007,ready_to_eat,C3762,bundle,0.16,1
2024-08-20,S007,ready_to_eat,C6031,coupon,0.197,1
2024-08-24,S007,ready_to_eat,C7971,free_delivery,0.192,0
2024-08-27,S007,ready_to_eat,C3793,coupon,0.116,1
2024-08-31,S007,ready_to_eat,C4388,free_delivery,0.226,1
2024-09-11,S007,ready_to_eat,C5383,coupon,0.05,0
2024-09-20,S007,ready_to_eat,C7816,discount,0.257,1
2024-09-24,S007,ready_to_eat,C5442,discount,0.177,0
2024-09-25,S007,ready_to_eat,C6465,free_delivery,0.149,0
2024-09-30,S007,ready_to_eat,C2290,discount,0.239,0
2024-10-01,S007,ready_to_eat,C2179,discount,0.098,1
2024-10-16,S007,ready_to_eat,C5182,coupon,-0.1,1
2024-10-25,S007,ready_to_eat,C1858,bundle,0.138,1
2024-11-02,S007,ready_to_eat,C7480,discount,0.147,0
2024-12-01,S007,ready_to_eat,C8072,discount,0.24,1
2024-12-02,S007,ready_to_eat,C3018,coupon,0.162,1
2024-12-04,S007,ready_to_eat,C3492,coupon,0.185,0
2024-12-08,S007,ready_to_eat,C7329,coupon,0.191,0
2024-12-24,S007,ready_to_eat,C2963,free_delivery,0.302,0
2024-12-25,S007,ready_to_eat,C7844,coupon,0.15,0
2025-01-01,S007,ready_to_eat,C6856,discount,0.17,0
2025-01-10,S007,ready_to_eat,C9541,discount,0.187,0
2025-01-23,S007,ready_to_eat,C1218,discount,0.118,0
2025-01-27,S007,ready_to_eat,C1909,discount,0.083,1
2024-01-18,S007,personal_care,C3334,discount,0.05,0
2024-01-21,S007,personal_care,C6201,bundle,0.199,1
2024-01-23,S007,personal_care,C8945,free_delivery,0.154,1
2024-01-29,S007,personal_care,C4146,coupon,0.11,0
2024-02-07,S007,personal_care,C8420,discount,0.146,1
2024-02-10,S007,personal_care,C8673,coupon,0.213,1
2024-02-22,S007,personal_care,C3755,bundle,0.161,0
2024-04-02,S007,personal_care,C5560,coupon,0.137,1
2024-04-05,S007,personal_care,C5160,free_delivery,0.235,0
2024-04-25,S007,personal_care,C1359,bundle,0.185,0
2024-05-09,S007,personal_care,C4006,bundle,0.157,0
2024-05-16,S007,personal_care,C4045,discount,0.168,1
2024-06-07,S007,personal_care,C4361,discount,0.258,0
2024-07-15,S007,personal_care,C7564,free_delivery,0.249,0
2024-07-20,S007,personal_care,C9207,discount,0.074,0
2024-08-09,S007,personal_care,C5084,discount,0.125,0
2024-08-19,S007,personal_care,C9274,coupon,0.36,0
2024-10-06,S007,personal_care,C6263,discount,0.143,0
2024-10-12,S007,personal_care,C6810,discount,0.177,1
2024-10-16,S007,personal_care,C3034,discount,0.059,0
2024-10-17,S007,personal_care,C5644,discount,0.176,1
2024-10-21,S007,personal_care,C9641,free_delivery,0.22,0
2024-10-30,S007,personal_care,C4158,discount,0.323,1
2024-11-04,S007,personal_care,C6616,discount,0.282,0
2024-11-09,S007,personal_care,C8870,bundle,0.157,0
2024-11-13,S007,personal_care,C5005,coupon,0.279,1
2024-11-18,S007,personal_care,C4549,discount,0.199,0
2024-11-27,S007,personal_care,C2987,discount,0.126,1
2024-12-04,S007,personal_care,C8011,bundle,0.175,0
2024-12-06,S007,personal_care,C9351,discount,0.143,1
2024-12-09,S007,personal_care,C9503,coupon,0.162,0
2024-12-11,S007,personal_care,C3002,coupon,0.102,0
2024-12-28,S007,personal_care,C2398,discount,0.174,1
2025-01-02,S007,personal_care,C6799,bundle,0.127,1
2025-01-05,S007,personal_care,C2957,discount,0.136,1
2024-01-23,S008,beverages,C2150,discount,0.151,1
2024-01-24,S008,beverages,C2425,coupon,0.209,0
2024-02-02,S008,beverages,C9045,free_delivery,0.254,0
2024-02-05,S008,beverages,C3067,discount,0.147,1
2024-02-09,S008,beverages,C4722,free_delivery,0.154,1
2024-02-11,S008,beverages,C1740,discount,0.097,0
2024-02-21,S008,beverages,C3311,discount,0.233,0
2024-02-23,S008,beverages,C2432,coupon,0.214,0
2024-03-03,S008,beverages,C2964,coupon,0.312,0
2024-03-06,S008,beverages,C8345,discount,0.129,0
2024-03-10,S008,beverages,C3151,free_delivery,0.158,0
2024-03-18,S008,beverages,C6357,free_delivery,0.12,1
2024-03-19,S008,beverages,C2971,discount,0.231,1
2024-03-24,S008,beverages,C3665,discount,0.176,1
2024-03-31,S008,beverages,C8997,bundle,0.336,0
2024-04-03,S008,beverages,C5744,discount,0.097,1
2024-04-16,S008,beverages,C4454,coupon,0.05,0
2024-04-22,S008,beverages,C3106,coupon,0.05,0
2024-05-04,S008,beverages,C9645,coupon,0.175,1
2024-05-20,S008,beverages,C5485,discount,0.253,0
2024-05-25,S008,beverages,C8083,bundle,0.252,0
2024-05-31,S008,beverages,C2969,discount,0.114,1
2024-06-01,S008,beverages,C5364,discount,0.242,0
2024-06-03,S008,beverages,C3915,coupon,0.079,0
2024-06-09,S008,beverages,C5465,discount,0.186,1
2024-06-10,S008,beverages,C4376,coupon,0.128,1
2024-06-18,S008,beverages,C2414,free_delivery,0.258,1
2024-06-19,S008,beverages,C2976,discount,0.168,1
2024-06-21,S008,beverages,C2015,free_delivery,0.213,0
2024-07-13,S008,beverages,C7441,discount,0.205,1
2024-07-28,S008,beverages,C3217,bundle,0.156,0
2024-08-01,S008,beverages,C5099,discount,0.185,0
2024-08-04,S008,beverages,C3024,discount,0.129,0
2024-08-29,S008,beverages,C3255,discount,0.219,0
2024-08-31,S008,beverages,C3804,bundle,0.292,0
2024-09-24,S008,beverages,C7563,discount,0.218,0
2024-09-27,S008,beverages,C5862,discount,0.222,1
2024-10-02,S008,beverages,C5861,free_delivery,0.126,1
2024-10-13,S008,beverages,C4545,coupon,0.245,0
2024-10-17,S008,beverages,C8796,bundle,0.175,0
2024-10-20,S008,beverages,C7797,bundle,0.089,0
2024-10-25,S008,beverages,C2766,discount,0.144,1
2024-11-05,S008,beverages,C5958,discount,0.174,0
2024-11-20,S008,beverages,C7250,bundle,0.247,0
2024-11-24,S008,beverages,C6683,coupon,0.143,1
2024-11-27,S008,beverages,C2534,discount,0.183,0
2024-11-30,S008,beverages,C8564,discount,0.196,0
2024-12-03,S008,beverages,C8563,discount,0.223,1
2024-12-07,S008,beverages,C1336,free_delivery,0.108,0
2024-12-12,S008,beverages,C4969,discount,0.241,1
2024-12-14,S008,beverages,C7817,discount,0.287,1
2024-12-17,S008,beverages,C7230,coupon,0.167,0
2024-12-22,S008,beverages,C1000,discount,0.074,0
2024-12-27,S008,beverages,C9385,coupon,0.114,1
2025-01-17,S008,beverages,C6377,discount,0.062,0
2025-01-18,S008,beverages,C4521,bundle,0.05,1
2024-01-01,S008,snacks,C2491,discount,0.266,1
2024-01-14,S008,snacks,C5988,discount,0.15,0
2024-01-22,S008,snacks,C3740,free_delivery,0.197,0
2024-01-27,S008,snacks,C7925,bundle,0.105,0
2024-02-02,S008,snacks,C3394,free_delivery,0.272,0
2024-02-09,S008,snacks,C5621,discount,0.187,0
2024-02-13,S008,snacks,C3633,bundle,0.146,0
2024-02-15,S008,snacks,C4186,discount,0.139,0
2024-02-17,S008,snacks,C4759,coupon,0.221,0
2024-02-23,S008,snacks,C8901,discount,0.26,0
2024-02-25,S008,snacks,C7298,coupon,0.175,0
2024-03-08,S008,snacks,C9750,free_delivery,0.244,1
2024-03-10,S008,snacks,C7145,discount,0.216,1
2024-03-14,S008,snacks,C5112,coupon,0.298,0
2024-03-17,S008,snacks,C4479,free_delivery,0.149,1
2024-03-20,S008,snacks,C2975,discount,0.248,1
2024-03-22,S008,snacks,C2281,discount,0.154,0
2024-03-23,S008,snacks,C5108,discount,0.06,0
2024-03-28,S008,snacks,C6300,bundle,0.132,1
2024-03-29,S008,snacks,C4113,coupon,0.194,0
2024-04-06,S008,snacks,C1961,discount,0.186,0
2024-04-09,S008,snacks,C1188,free_delivery,0.24,0
2024-04-11,S008,snacks,C4243,discount,0.171,0
2024-04-26,S008,snacks,C6071,free_delivery,0.34,0
2024-05-02,S008,snacks,C7392,coupon,0.11,1
2024-05-04,S008,snacks,C7859,bundle,0.232,0
2024-05-16,S008,snacks,C3928,free_delivery,0.157,1
2024-05-22,S008,snacks,C5582,discount,0.201,0
2024-05-25,S008,snacks,C8801,coupon,0.169,0
2024-05-27,S008,snacks,C3905,coupon,0.205,0
2024-06-01,S008,snacks,C1562,free_delivery,0.07,0
2024-06-16,S008,snacks,C4220,coupon,0.126,1
2024-06-20,S008,snacks,C7358,discount,0.133,1
2024-06-23,S008,snacks,C3816,discount,0.255,0
2024-07-01,S008,snacks,C3844,discount,0.243,0
2024-07-04,S008,snacks,C3330,discount,0.259,1
2024-07-10,S008,snacks,C2037,coupon,0.106,0
2024-07-12,S008,snacks,C9095,coupon,0.158,1
2024-07-15,S008,snacks,C4244,discount,0.226,0
2024-07-18,S008,snacks,C9066,free_delivery,0.189,0
2024-07-19,S008,snacks,C1651,discount,0.198,0
2024-08-01,S008,snacks,C2547,bundle,0.189,1
2024-08-02,S008,snacks,C5531,bundle,0.159,0
2024-08-09,S008,snacks,C4431,discount,0.142,1
2024-08-14,S008,snacks,C3861,bundle,0.177,1
2024-08-24,S008,snacks,C5403,discount,0.206,0
2024-09-03,S008,snacks,C1316,discount,0.172,0
2024-09-06,S008,snacks,C7212,coupon,0.063,1
2024-09-14,S008,snacks,C6126,discount,0.144,0
2024-09-15,S008,snacks,C7488,free_delivery,0.307,0
2024-09-27,S008,snacks,C8927,coupon,-0.1,1
2024-09-28,S008,snacks,C6340,free_delivery,0.262,0
2024-10-19,S008,snacks,C1569,discount,0.157,0
2024-10-29,S008,snacks,C6429,coupon,0.081,1
2024-11-11,S008,snacks,C5523,bundle,0.092,0
2024-11-25,S008,snacks,C6027,discount,0.222,1
2024-11-29,S008,snacks,C5982,discount,0.183,1
2024-11-30,S008,snacks,C3342,bundle,0.287,0
2024-12-08,S008,snacks,C7240,discount,0.2,0
2024-12-18,S008,snacks,C9421,coupon,0.288,0
2024-12-24,S008,snacks,C3848,discount,0.242,1
2024-12-27,S008,snacks,C6636,discount,0.124,0
2025-01-01,S008,snacks,C3268,free_delivery,0.199,0
2025-01-06,S008,snacks,C3115,free_delivery,0.275,0
2025-01-25,S008,snacks,C9959,discount,0.178,1
2024-01-01,S008,fresh,C5988,coupon,0.222,0
2024-02-03,S008,fresh,C5291,discount,0.326,0
2024-02-05,S008,fresh,C9085,discount,0.263,0
2024-02-07,S008,fresh,C5740,coupon,0.261,0
2024-02-09,S008,fresh,C8800,bundle,0.295,1
2024-02-11,S008,fresh,C1545,bundle,0.153,0
2024-02-26,S008,fresh,C9322,coupon,0.118,1
2024-03-09,S008,fresh,C3778,discount,0.19,0
2024-03-21,S008,fresh,C4965,discount,0.165,1
2024-03-23,S008,fresh,C4040,coupon,0.159,0
2024-04-02,S008,fresh,C2388,discount,0.097,1
2024-04-13,S008,fresh,C8365,coupon,0.199,1
2024-04-20,S008,fresh,C4490,discount,0.112,1
2024-05-10,S008,fresh,C4763,free_delivery,0.204,0
2024-05-22,S008,fresh,C3548,coupon,0.244,0
2024-05-23,S008,fresh,C7325,coupon,0.095,1
2024-06-02,S008,fresh,C1134,coupon,0.198,0
2024-06-03,S008,fresh,C9031,free_delivery,0.136,0
2024-06-05,S008,fresh,C3762,discount,0.213,0
2024-06-11,S008,fresh,C7281,coupon,0.176,1
2024-07-13,S008,fresh,C4516,discount,0.209,0
2024-07-21,S008,fresh,C5899,coupon,0.276,0
2024-08-04,S008,fresh,C5971,free_delivery,0.173,0
2024-09-07,S008,fresh,C5838,free_delivery,0.197,1
2024-09-11,S008,fresh,C7389,discount,0.279,0
2024-09-24,S008,fresh,C6388,free_delivery,0.209,1
2024-09-27,S008,fresh,C9828,discount,0.137,0
2024-10-02,S008,fresh,C9705,free_delivery,0.244,0
2024-10-09,S008,fresh,C5665,discount,0.222,1
2024-11-08,S008,fresh,C6115,bundle,0.14,1
2024-11-25,S008,fresh,C5305,bundle,0.21,0
2024-12-14,S008,fresh,C7573,free_delivery,0.134,0
2024-12-18,S008,fresh,C7547,discount,0.187,1
2024-12-24,S008,fresh,C9229,discount,0.167,0
2025-01-09,S008,fresh,C5677,free_delivery,0.27,0
2025-01-18,S008,fresh,C6458,coupon,0.181,0
2025-01-23,S008,fresh,C4385,discount,0.202,1
2025-01-26,S008,fresh,C9328,bundle,0.198,1
2024-01-24,S008,household,C8294,bundle,0.221,0
2024-02-10,S008,household,C3002,discount,0.189,0
2024-02-11,S008,household,C4600,discount,0.257,0
2024-02-14,S008,household,C4899,bundle,0.191,0
2024-02-17,S008,household,C8736,coupon,0.2,0
2024-04-14,S008,household,C5144,coupon,0.172,0
2024-04-27,S008,household,C3887,discount,0.162,1
2024-07-19,S008,household,C7221,bundle,0.161,0
2024-07-21,S008,household,C5801,coupon,0.189,1
2024-08-03,S008,household,C9064,discount,0.133,0
2024-08-28,S008,household,C8085,coupon,0.097,0
2024-08-30,S008,household,C5601,coupon,0.136,0
2024-09-01,S008,household,C8867,coupon,0.107,1
2024-09-09,S008,household,C4002,discount,0.053,0
2024-09-15,S008,household,C2136,discount,0.176,0
2024-09-17,S008,household,C9549,bundle,0.247,1
2024-10-04,S008,household,C9269,discount,0.152,1
2024-10-10,S008,household,C7699,discount,0.204,1
2024-10-12,S008,household,C3747,coupon,0.097,0
2024-10-14,S008,household,C3145,discount,0.293,0
2024-10-19,S008,household,C8013,discount,0.212,0
2024-11-02,S008,household,C9010,coupon,0.29,1
2024-11-07,S008,household,C5743,discount,0.183,1
2024-11-15,S008,household,C6019,discount,0.209,0
2024-11-17,S008,household,C8598,discount,0.091,0
2024-11-23,S008,household,C2649,free_delivery,0.133,1
2024-12-08,S008,household,C1928,bundle,0.101,1
2024-01-08,S008,ready_to_eat,C4926,bundle,0.19,0
2024-01-13,S008,ready_to_eat,C4733,coupon,0.202,0
2024-01-14,S008,ready_to_eat,C4522,discount,0.241,0
2024-01-20,S008,ready_to_eat,C1191,coupon,0.151,1
2024-01-27,S008,ready_to_eat,C2654,coupon,0.191,0
2024-01-30,S008,ready_to_eat,C5120,bundle,0.108,0
2024-02-02,S008,ready_to_eat,C4358,coupon,0.18,0
2024-02-03,S008,ready_to_eat,C7040,discount,0.127,0
2024-02-07,S008,ready_to_eat,C4047,bundle,0.165,0
2024-02-08,S008,ready_to_eat,C4044,free_delivery,0.205,1
2024-02-14,S008,ready_to_eat,C3973,bundle,0.187,1
2024-02-18,S008,ready_to_eat,C9724,discount,0.103,1
2024-03-02,S008,ready_to_eat,C4023,coupon,0.317,1
2024-03-05,S008,ready_to_eat,C2115,discount,0.234,0
2024-03-06,S008,ready_to_eat,C8070,discount,0.168,1
2024-03-09,S008,ready_to_eat,C5081,free_delivery,0.309,1
2024-04-07,S008,ready_to_eat,C5875,free_delivery,0.118,0
2024-04-09,S008,ready_to_eat,C1575,free_delivery,0.182,1
2024-04-16,S008,ready_to_eat,C6005,bundle,0.073,0
2024-04-20,S008,ready_to_eat,C8782,bundle,0.166,0
2024-05-01,S008,ready_to_eat,C6864,bundle,0.229,1
2024-05-11,S008,ready_to_eat,C4361,discount,0.212,0
2024-05-20,S008,ready_to_eat,C8087,discount,0.209,0
2024-05-27,S008,ready_to_eat,C2126,coupon,0.107,0
2024-06-02,S008,ready_to_eat,C7756,free_delivery,0.117,0
2024-06-11,S008,ready_to_eat,C8008,bundle,0.137,0
2024-06-27,S008,ready_to_eat,C1353,free_delivery,0.21,0
2024-07-04,S008,ready_to_eat,C8142,discount,0.142,0
2024-07-14,S008,ready_to_eat,C4177,coupon,0.215,0
2024-07-16,S008,ready_to_eat,C4707,free_delivery,0.183,0
2024-07-25,S008,ready_to_eat,C4554,coupon,0.18,1
2024-08-09,S008,ready_to_eat,C4094,free_delivery,0.14,0
2024-08-14,S008,ready_to_eat,C6303,bundle,0.124,0
2024-08-17,S008,ready_to_eat,C5128,free_delivery,0.21,0
2024-08-18,S008,ready_to_eat,C9071,discount,0.322,1
2024-08-21,S008,ready_to_eat,C1186,discount,0.204,0
2024-08-24,S008,ready_to_eat,C4188,discount,0.223,1
2024-08-30,S008,ready_to_eat,C4228,free_delivery,0.123,1
2024-09-02,S008,ready_to_eat,C6239,free_delivery,0.266,0
2024-09-06,S008,ready_to_eat,C4184,discount,0.151,0
2024-09-27,S008,ready_to_eat,C9812,coupon,0.242,1
2024-09-29,S008,ready_to_eat,C5058,coupon,0.188,0
2024-10-25,S008,ready_to_eat,C9127,free_delivery,0.194,1
2024-10-27,S008,ready_to_eat,C1807,discount,0.287,0
2024-11-23,S008,ready_to_eat,C3117,coupon,0.182,1
2024-11-24,S008,ready_to_eat,C6131,bundle,0.133,1
2024-12-05,S008,ready_to_eat,C3367,discount,0.258,0
2024-12-19,S008,ready_to_eat,C9093,discount,0.225,0
2024-12-27,S008,ready_to_eat,C4989,discount,0.153,0
2025-01-01,S008,ready_to_eat,C4334,free_delivery,0.069,1
2025-01-20,S008,ready_to_eat,C7721,free_delivery,0.135,0
2025-01-22,S008,ready_to_eat,C4652,discount,0.189,0
2024-01-01,S008,personal_care,C1870,bundle,0.124,0
2024-01-10,S008,personal_care,C8050,discount,0.1,0
2024-01-21,S008,personal_care,C2688,discount,0.123,1
2024-01-31,S008,personal_care,C3117,coupon,0.224,1
2024-02-10,S008,personal_care,C2848,discount,0.148,1
2024-02-13,S008,personal_care,C4308,coupon,0.199,1
2024-03-03,S008,personal_care,C2879,coupon,0.233,1
2024-03-08,S008,personal_care,C6131,discount,0.148,1
2024-03-12,S008,personal_care,C1669,coupon,0.193,1
2024-03-24,S008,personal_care,C9944,coupon,0.05,1
2024-04-09,S008,personal_care,C9451,discount,0.193,0
2024-04-29,S008,personal_care,C9900,coupon,0.294,0
2024-05-22,S008,personal_care,C7447,free_delivery,0.05,0
2024-05-27,S008,personal_care,C4512,coupon,0.137,0
2024-06-23,S008,personal_care,C8548,coupon,0.05,0
2024-07-01,S008,personal_care,C9278,discount,0.137,0
2024-07-06,S008,personal_care,C8022,discount,0.189,0
2024-07-27,S008,personal_care,C7581,coupon,0.183,0
2024-07-28,S008,personal_care,C7799,discount,0.231,0
2024-07-29,S008,personal_care,C8098,free_delivery,0.265,0
2024-08-11,S008,personal_care,C5663,coupon,0.05,0
2024-09-03,S008,personal_care,C7760,bundle,0.197,1
2024-09-29,S008,personal_care,C1871,discount,0.196,0
2024-10-03,S008,personal_care,C1455,discount,0.08,0
2024-10-15,S008,personal_care,C9274,free_delivery,0.179,0
2024-10-27,S008,personal_care,C8580,bundle,0.237,1
2024-10-29,S008,personal_care,C5548,discount,0.05,0
2024-10-31,S008,personal_care,C7077,bundle,0.159,1
2024-11-10,S008,personal_care,C5152,free_delivery,0.146,0
2024-11-14,S008,personal_care,C8205,discount,0.23,1
2024-12-08,S008,personal_care,C5983,coupon,0.09,0
2024-12-17,S008,personal_care,C4376,coupon,0.191,1
2024-12-22,S008,personal_care,C6168,coupon,0.178,0
2025-01-20,S008,personal_care,C5498,discount,0.18,1
2024-01-01,S009,beverages,C3050,discount,0.072,0
2024-01-09,S009,beverages,C7773,free_delivery,0.263,1
2024-01-10,S009,beverages,C1581,discount,0.274,0
2024-01-19,S009,beverages,C6146,bundle,0.246,1
2024-01-20,S009,beverages,C9468,discount,0.1,1
2024-02-01,S009,beverages,C8465,bundle,0.062,0
2024-02-05,S009,beverages,C5773,discount,0.288,1
2024-02-17,S009,beverages,C4902,coupon,0.253,0
2024-02-24,S009,beverages,C1478,coupon,0.316,0
2024-03-15,S009,beverages,C1409,coupon,0.129,1
2024-03-16,S009,beverages,C3484,discount,0.206,1
2024-03-20,S009,beverages,C6843,discount,0.148,0
2024-03-26,S009,beverages,C6468,discount,0.108,1
2024-04-04,S009,beverages,C5321,discount,0.125,0
2024-04-18,S009,beverages,C1042,discount,0.203,1
2024-05-03,S009,beverages,C7440,free_delivery,0.224,1
2024-05-04,S009,beverages,C2280,bundle,0.289,0
2024-05-08,S009,beverages,C6194,discount,0.156,0
2024-05-17,S009,beverages,C8299,free_delivery,0.266,0
2024-05-27,S009,beverages,C3396,free_delivery,0.154,0
2024-06-22,S009,beverages,C8145,free_delivery,0.09,0
2024-07-09,S009,beverages,C3677,discount,0.154,0
2024-07-24,S009,beverages,C4787,discount,0.261,1
2024-07-28,S009,beverages,C6862,discount,0.171,0
2024-07-30,S009,beverages,C3550,coupon,0.216,1
2024-08-01,S009,beverages,C7689,coupon,0.125,0
2024-08-07,S009,beverages,C9712,discount,0.145,0
2024-08-08,S009,beverages,C6185,discount,0.21,0
2024-08-10,S009,beverages,C9667,discount,0.248,0
2024-08-13,S009,beverages,C8326,discount,0.09,0
2024-08-17,S009,beverages,C6539,discount,0.148,0
2024-09-03,S009,beverages,C8387,coupon,0.182,0
2024-10-02,S009,beverages,C2254,bundle,0.076,1
2024-10-04,S009,beverages,C9601,discount,0.228,1
2024-10-07,S009,beverages,C8079,discount,0.116,1
2024-10-16,S009,beverages,C4394,bundle,0.325,0
2024-10-22,S009,beverages,C2259,bundle,0.249,1
2024-10-30,S009,beverages,C7974,discount,0.276,1
2024-10-31,S009,beverages,C3422,free_delivery,0.155,1
2024-11-04,S009,beverages,C9008,discount,0.193,0
2024-11-14,S009,beverages,C4605,coupon,0.199,1
2024-11-15,S009,beverages,C4935,coupon,0.106,0
2024-11-23,S009,beverages,C1208,coupon,0.137,0
2024-12-10,S009,beverages,C8659,discount,0.165,0
2024-12-13,S009,beverages,C8434,coupon,0.248,0
2024-12-18,S009,beverages,C1087,bundle,0.173,1
2025-01-05,S009,beverages,C5576,discount,0.337,0
2025-01-07,S009,beverages,C2848,discount,0.143,1
2025-01-19,S009,beverages,C4159,coupon,0.349,0
2025-01-20,S009,beverages,C2775,discount,0.348,0
2025-01-24,S009,beverages,C7396,discount,0.326,0
2025-01-26,S009,beverages,C3318,free_delivery,0.169,1
2024-01-09,S009,snacks,C2712,discount,0.248,0
2024-01-10,S009,snacks,C9890,discount,0.305,0
2024-01-20,S009,snacks,C5061,coupon,0.18,0
2024-01-24,S009,snacks,C1031,free_delivery,0.203,0
2024-02-11,S009,snacks,C8367,discount,0.216,0
2024-02-18,S009,snacks,C8583,bundle,0.131,0
2024-02-20,S009,snacks,C9192,discount,0.227,0
2024-03-05,S009,snacks,C2438,discount,0.213,0
2024-03-09,S009,snacks,C4602,bundle,0.283,1
2024-03-13,S009,snacks,C8052,free_delivery,0.2,1
2024-03-18,S009,snacks,C5747,coupon,0.089,1
2024-03-19,S009,snacks,C1868,discount,0.181,0
2024-04-04,S009,snacks,C7981,coupon,0.204,0
2024-04-06,S009,snacks,C9153,discount,0.085,0
2024-05-01,S009,snacks,C7431,bundle,0.212,1
2024-05-23,S009,snacks,C3884,discount,0.193,1
2024-06-08,S009,snacks,C3811,coupon,0.183,1
2024-06-13,S009,snacks,C6997,discount,0.173,1
2024-06-14,S009,snacks,C8156,discount,0.118,0
2024-06-20,S009,snacks,C2033,discount,0.213,1
2024-06-23,S009,snacks,C1687,free_delivery,0.147,1
2024-06-25,S009,snacks,C3556,bundle,0.31,1
2024-07-19,S009,snacks,C7558,coupon,0.134,1
2024-07-21,S009,snacks,C7460,coupon,0.192,0
2024-07-27,S009,snacks,C6068,bundle,0.175,0
2024-07-30,S009,snacks,C5577,coupon,0.05,0
2024-08-07,S009,snacks,C5255,discount,0.05,1
2024-08-08,S009,snacks,C1529,coupon,0.163,0
2024-08-26,S009,snacks,C6230,discount,0.196,0
2024-09-21,S009,snacks,C6375,coupon,0.166,0
2024-09-29,S009,snacks,C7258,bundle,0.292,1
2024-10-02,S009,snacks,C1243,bundle,0.126,0
2024-10-04,S009,snacks,C4181,coupon,0.092,0
2024-10-14,S009,snacks,C7823,discount,0.149,0
2024-10-19,S009,snacks,C9935,coupon,0.146,1
2024-10-25,S009,snacks,C4981,coupon,0.218,0
2024-11-07,S009,snacks,C2538,discount,0.151,0
2024-11-09,S009,snacks,C7347,coupon,0.247,1
2024-11-22,S009,snacks,C3313,coupon,0.334,0
2024-12-01,S009,snacks,C4874,free_delivery,0.21,1
2024-12-17,S009,snacks,C4571,coupon,-0.1,0
2024-12-19,S009,snacks,C8245,discount,0.188,1
2024-12-24,S009,snacks,C3243,free_delivery,0.122,1
2024-12-25,S009,snacks,C6621,coupon,0.268,0
2024-12-28,S009,snacks,C5603,coupon,0.17,1
2025-01-14,S009,snacks,C3924,discount,0.053,1
2024-01-04,S009,fresh,C1286,discount,0.165,1
2024-01-10,S009,fresh,C1753,coupon,0.196,0
2024-01-20,S009,fresh,C4361,coupon,0.153,1
2024-01-24,S009,fresh,C1564,discount,0.072,1
2024-02-04,S009,fresh,C4657,coupon,0.25,0
2024-02-13,S009,fresh,C4715,bundle,0.129,0
2024-02-27,S009,fresh,C2586,discount,0.281,0
2024-02-29,S009,fresh,C4132,coupon,0.258,0
2024-03-02,S009,fresh,C6875,discount,0.308,0
2024-03-03,S009,fresh,C1781,coupon,0.091,0
2024-03-09,S009,fresh,C6206,bundle,0.076,0
2024-03-16,S009,fresh,C2688,coupon,0.237,0
2024-03-22,S009,fresh,C3727,discount,0.211,0
2024-03-24,S009,fresh,C7994,discount,0.155,0
2024-03-27,S009,fresh,C9119,coupon,0.148,1
2024-04-01,S009,fresh,C1450,bundle,0.281,1
2024-04-04,S009,fresh,C5996,coupon,0.05,0
2024-05-05,S009,fresh,C8264,discount,0.161,1
2024-05-09,S009,fresh,C4879,free_delivery,0.101,0
2024-05-20,S009,fresh,C7618,coupon,0.064,0
2024-05-23,S009,fresh,C1138,discount,0.207,0
2024-06-06,S009,fresh,C4872,bundle,0.196,1
2024-06-29,S009,fresh,C2489,free_delivery,0.11,0
2024-07-05,S009,fresh,C1281,discount,0.171,0
2024-07-28,S009,fresh,C9289,coupon,0.215,1
2024-08-11,S009,fresh,C9618,free_delivery,0.122,1
2024-08-16,S009,fresh,C9732,discount,0.05,1
2024-08-25,S009,fresh,C9298,discount,0.05,0
2024-08-26,S009,fresh,C6443,discount,0.123,0
2024-08-27,S009,fresh,C7952,free_delivery,0.158,1
2024-09-08,S009,fresh,C4692,coupon,0.079,0
2024-09-14,S009,fresh,C1680,discount,0.244,0
2024-09-15,S009,fresh,C9841,discount,0.216,0
2024-10-02,S009,fresh,C3635,discount,0.175,0
2024-10-05,S009,fresh,C2116,free_delivery,0.117,1
2024-10-07,S009,fresh,C4333,coupon,0.216,0
2024-10-21,S009,fresh,C6001,bundle,0.325,0
2024-10-29,S009,fresh,C6042,discount,0.18,1
2024-11-10,S009,fresh,C8422,discount,0.131,0
2024-11-24,S009,fresh,C7447,discount,0.269,1
2024-01-07,S009,household,C4292,free_delivery,0.208,0
2024-02-01,S009,household,C9095,bundle,0.062,0
2024-03-13,S009,household,C2971,discount,0.248,1
2024-03-23,S009,household,C8784,coupon,0.299,1
2024-03-28,S009,household,C4231,discount,0.07,1
2024-04-27,S009,household,C6421,discount,0.181,1
2024-04-28,S009,household,C2334,discount,0.096,1
2024-05-01,S009,household,C8680,coupon,0.09,1
2024-05-07,S009,household,C1230,discount,0.135,0
2024-05-15,S009,household,C7291,bundle,0.178,0
2024-05-16,S009,household,C5648,discount,0.182,0
2024-05-25,S009,household,C7993,free_delivery,0.09,0
2024-05-31,S009,household,C8097,coupon,0.124,0
2024-06-09,S009,household,C8441,discount,0.197,0
2024-06-12,S009,household,C2256,discount,0.207,0
2024-06-14,S009,household,C3853,coupon,0.17,0
2024-07-04,S009,household,C7447,free_delivery,0.109,0
2024-07-05,S009,household,C8816,free_delivery,0.103,1
2024-07-10,S009,household,C2075,free_delivery,0.102,1
2024-08-04,S009,household,C6784,discount,0.142,0
2024-08-24,S009,household,C5933,coupon,0.236,0
2024-08-29,S009,household,C6609,free_delivery,0.231,0
2024-08-31,S009,household,C6193,coupon,0.29,0
2024-09-02,S009,household,C9772,free_delivery,0.238,1
2024-09-03,S009,household,C6298,coupon,0.098,0
2024-09-13,S009,household,C5969,discount,0.05,0
2024-09-15,S009,household,C9086,free_delivery,0.195,0
2024-10-04,S009,household,C5652,discount,0.287,1
2024-10-06,S009,household,C9043,coupon,0.213,0
2024-11-01,S009,household,C9540,free_delivery,0.114,0
2024-11-07,S009,household,C5739,discount,0.309,1
2024-11-08,S009,household,C3975,coupon,0.217,0
2024-12-20,S009,household,C8621,coupon,0.05,0
2024-12-21,S009,household,C1762,discount,0.265,0
2025-01-01,S009,household,C8476,coupon,0.273,0
2025-01-20,S009,household,C5521,coupon,0.304,0
2024-01-02,S009,ready_to_eat,C3026,coupon,0.142,0
2024-01-07,S009,ready_to_eat,C2407,coupon,0.125,0
2024-01-09,S009,ready_to_eat,C8891,bundle,0.205,1
2024-01-23,S009,ready_to_eat,C3264,coupon,0.099,0
2024-02-05,S009,ready_to_eat,C9555,discount,0.05,0
2024-02-11,S009,ready_to_eat,C5965,discount,0.168,1
2024-02-17,S009,ready_to_eat,C8244,discount,0.188,0
2024-03-07,S009,ready_to_eat,C1675,bundle,0.165,0
2024-03-11,S009,ready_to_eat,C3625,discount,0.096,0
2024-03-12,S009,ready_to_eat,C4472,free_delivery,0.315,0
2024-03-15,S009,ready_to_eat,C9962,free_delivery,0.244,0
2024-03-18,S009,ready_to_eat,C4792,bundle,0.155,1
2024-03-23,S009,ready_to_eat,C2822,free_delivery,0.185,1
2024-04-05,S009,ready_to_eat,C5465,coupon,0.07,0
2024-05-04,S009,ready_to_eat,C7439,discount,0.071,0
2024-05-08,S009,ready_to_eat,C8907,bundle,0.108,0
2024-05-18,S009,ready_to_eat,C6912,discount,0.133,0
2024-06-01,S009,ready_to_eat,C6177,free_delivery,0.198,0
2024-06-06,S009,ready_to_eat,C9673,discount,0.167,1
2024-06-08,S009,ready_to_eat,C1645,free_delivery,0.171,0
2024-06-13,S009,ready_to_eat,C7994,discount,0.159,0
2024-06-17,S009,ready_to_eat,C5934,bundle,0.156,0
2024-06-18,S009,ready_to_eat,C9254,free_delivery,0.244,1
2024-06-22,S009,ready_to_eat,C3226,coupon,0.211,1
2024-06-30,S009,ready_to_eat,C2008,coupon,0.159,1
2024-07-14,S009,ready_to_eat,C4927,discount,0.102,0
2024-07-26,S009,ready_to_eat,C4955,discount,0.269,0
2024-07-29,S009,ready_to_eat,C6501,free_delivery,0.134,1
2024-08-16,S009,ready_to_eat,C1413,coupon,0.186,1
2024-09-06,S009,ready_to_eat,C2061,coupon,0.251,0
2024-09-24,S009,ready_to_eat,C1302,discount,0.122,1
2024-09-28,S009,ready_to_eat,C8084,discount,0.27,0
2024-09-29,S009,ready_to_eat,C8826,coupon,0.177,1
2024-10-05,S009,ready_to_eat,C4713,free_delivery,0.235,1
2024-10-06,S009,ready_to_eat,C8797,coupon,0.134,1
2024-10-12,S009,ready_to_eat,C1589,coupon,0.206,0
2024-10-24,S009,ready_to_eat,C8903,discount,0.208,0
2024-10-27,S009,ready_to_eat,C1155,bundle,0.247,1
2024-10-30,S009,ready_to_eat,C7249,discount,0.256,1
2024-11-06,S009,ready_to_eat,C1664,discount,0.149,1
2024-11-07,S009,ready_to_eat,C4619,bundle,0.139,1
2024-11-11,S009,ready_to_eat,C8492,free_delivery,0.093,1
2024-12-15,S009,ready_to_eat,C9183,discount,0.234,0
2024-12-28,S009,ready_to_eat,C9183,bundle,0.261,1
2025-01-16,S009,ready_to_eat,C3633,free_delivery,0.14,1
2024-02-04,S009,personal_care,C4307,discount,0.222,0
2024-02-18,S009,personal_care,C4396,coupon,0.174,1
2024-03-02,S009,personal_care,C5773,discount,0.127,0
2024-03-16,S009,personal_care,C1050,discount,0.147,0
2024-03-19,S009,personal_care,C1864,bundle,0.095,0
2024-03-20,S009,personal_care,C5564,coupon,0.195,1
2024-03-25,S009,personal_care,C6864,coupon,0.22,0
2024-04-05,S009,personal_care,C3944,discount,0.186,0
2024-04-06,S009,personal_care,C3554,free_delivery,0.155,1
2024-04-14,S009,personal_care,C6706,coupon,0.197,0
2024-04-23,S009,personal_care,C9694,coupon,0.059,1
2024-04-30,S009,personal_care,C8887,coupon,0.223,0
2024-05-02,S009,personal_care,C6776,discount,0.16,0
2024-05-22,S009,personal_care,C6729,discount,0.281,0
2024-06-05,S009,personal_care,C4950,coupon,0.168,0
2024-06-09,S009,personal_care,C9837,free_delivery,0.115,0
2024-06-16,S009,personal_care,C8917,discount,0.203,0
2024-06-18,S009,personal_care,C9087,bundle,0.236,0
2024-07-01,S009,personal_care,C8325,coupon,0.05,0
2024-07-05,S009,personal_care,C5066,coupon,0.152,0
2024-07-19,S009,personal_care,C8019,discount,0.058,1
2024-07-20,S009,personal_care,C7902,free_delivery,0.281,0
2024-08-19,S009,personal_care,C1219,discount,0.161,1
2024-09-28,S009,personal_care,C2063,bundle,0.184,0
2024-10-01,S009,personal_care,C8023,free_delivery,0.116,1
2024-10-12,S009,personal_care,C4863,discount,0.106,0
2024-10-31,S009,personal_care,C4649,bundle,0.233,0
2024-11-24,S009,personal_care,C3846,discount,0.225,1
2024-11-29,S009,personal_care,C9582,discount,0.088,0
2024-12-15,S009,personal_care,C3255,coupon,0.188,1
2024-01-08,S010,beverages,C4654,free_delivery,0.08,1
2024-01-20,S010,beverages,C4255,free_delivery,0.204,0
2024-01-28,S010,beverages,C4413,coupon,0.2,1
2024-02-20,S010,beverages,C6140,free_delivery,0.246,0
2024-02-22,S010,beverages,C7701,discount,0.232,0
2024-02-24,S010,beverages,C9619,coupon,0.208,0
2024-03-10,S010,beverages,C5736,free_delivery,0.29,1
2024-03-29,S010,beverages,C9368,discount,0.284,0
2024-03-30,S010,beverages,C9156,discount,0.071,0
2024-04-04,S010,beverages,C1867,free_delivery,0.066,0
2024-04-05,S010,beverages,C7085,discount,0.179,0
2024-04-07,S010,beverages,C1126,discount,0.129,0
2024-04-11,S010,beverages,C6360,free_delivery,0.206,1
2024-04-25,S010,beverages,C6028,discount,0.211,1
2024-04-27,S010,beverages,C9918,discount,0.189,0
2024-05-13,S010,beverages,C9982,coupon,0.252,1
2024-05-31,S010,beverages,C3278,free_delivery,0.171,0
2024-07-07,S010,beverages,C1202,coupon,0.05,0
2024-07-09,S010,beverages,C3162,discount,0.164,1
2024-07-22,S010,beverages,C8438,discount,0.122,0
2024-07-27,S010,beverages,C7721,discount,0.236,0
2024-08-03,S010,beverages,C4975,discount,0.183,0
2024-08-18,S010,beverages,C5384,free_delivery,0.288,0
2024-08-23,S010,beverages,C9548,free_delivery,0.154,1
2024-09-09,S010,beverages,C1084,discount,0.252,0
2024-09-18,S010,beverages,C7486,discount,0.198,0
2024-09-19,S010,beverages,C3893,discount,0.299,1
2024-09-21,S010,beverages,C3726,discount,0.195,0
2024-10-01,S010,beverages,C8539,coupon,0.248,0
2024-10-06,S010,beverages,C2593,discount,0.119,0
2024-10-11,S010,beverages,C2117,coupon,0.304,1
2024-10-20,S010,beverages,C8087,discount,0.298,0
2024-10-30,S010,beverages,C4214,discount,0.129,1
2024-11-10,S010,beverages,C2520,coupon,0.138,0
2024-11-11,S010,beverages,C6738,bundle,0.05,0
2024-11-25,S010,beverages,C1819,free_delivery,0.282,0
2024-11-27,S010,beverages,C6756,discount,0.195,0
2024-11-30,S010,beverages,C6774,discount,0.15,1
2024-12-03,S010,beverages,C7431,coupon,0.05,0
2024-12-09,S010,beverages,C4504,free_delivery,0.182,1
2024-12-10,S010,beverages,C7037,discount,0.291,1
2024-12-20,S010,beverages,C6875,free_delivery,0.2,0
2024-12-26,S010,beverages,C2224,discount,0.05,0
2024-12-31,S010,beverages,C4426,bundle,0.231,0
2025-01-15,S010,beverages,C4959,bundle,0.337,0
2025-01-17,S010,beverages,C2490,coupon,0.147,0
2024-01-02,S010,snacks,C9711,discount,0.197,0
2024-01-05,S010,snacks,C1995,discount,0.159,0
2024-01-20,S010,snacks,C1649,bundle,0.112,1
2024-01-24,S010,snacks,C4061,free_delivery,0.15,0
2024-01-26,S010,snacks,C9183,bundle,0.245,1
2024-01-27,S010,snacks,C3671,coupon,0.081,1
2024-01-31,S010,snacks,C7533,coupon,0.162,0
2024-02-02,S010,snacks,C3670,discount,0.081,0
2024-02-04,S010,snacks,C1930,free_delivery,0.277,0
2024-02-05,S010,snacks,C2173,bundle,0.175,1
2024-02-10,S010,snacks,C4386,coupon,0.127,1
2024-02-11,S010,snacks,C6371,bundle,0.306,0
2024-02-12,S010,snacks,C7097,discount,0.05,1
2024-02-23,S010,snacks,C8673,discount,0.257,0
2024-02-25,S010,snacks,C8413,coupon,0.279,0
2024-03-01,S010,snacks,C8659,discount,0.146,1
2024-03-09,S010,snacks,C6591,discount,0.237,0
2024-03-12,S010,snacks,C7921,bundle,0.176,1
2024-03-16,S010,snacks,C9193,coupon,0.082,1
2024-03-22,S010,snacks,C4521,discount,0.122,1
2024-03-30,S010,snacks,C7320,coupon,0.159,0
2024-04-19,S010,snacks,C2215,coupon,0.07,0
2024-05-01,S010,snacks,C4369,free_delivery,0.057,0
2024-05-02,S010,snacks,C2158,discount,0.211,1
2024-05-03,S010,snacks,C8742,bundle,0.188,1
2024-05-07,S010,snacks,C3074,discount,0.119,0
2024-05-16,S010,snacks,C5854,free_delivery,0.161,0
2024-05-18,S010,snacks,C4539,discount,0.139,0
2024-05-30,S010,snacks,C1564,discount,0.2,0
2024-06-02,S010,snacks,C2222,coupon,0.219,0
2024-06-15,S010,snacks,C6783,discount,0.15,0
2024-06-29,S010,snacks,C1853,discount,0.173,0
2024-07-09,S010,snacks,C6382,bundle,0.279,0
2024-07-18,S010,snacks,C5993,bundle,0.314,0
2024-07-21,S010,snacks,C4721,discount,0.16,1
2024-07-24,S010,snacks,C7633,coupon,0.253,0
2024-07-29,S010,snacks,C3078,bundle,0.141,0
2024-08-16,S010,snacks,C3577,bundle,0.165,0
2024-08-17,S010,snacks,C9733,coupon,0.223,0
2024-08-28,S010,snacks,C1981,discount,0.192,0
2024-09-03,S010,snacks,C8434,discount,0.063,0
2024-09-19,S010,snacks,C6777,coupon,0.05,1
2024-09-22,S010,snacks,C7355,coupon,0.15,0
2024-09-25,S010,snacks,C4013,discount,0.072,1
2024-09-27,S010,snacks,C7189,free_delivery,0.247,1
2024-10-03,S010,snacks,C2687,discount,0.121,1
2024-10-19,S010,snacks,C8812,coupon,0.24,0
2024-10-25,S010,snacks,C2544,free_delivery,0.25,0
2024-11-19,S010,snacks,C6989,bundle,0.05,0
2024-11-24,S010,snacks,C3668,coupon,0.086,1
2024-11-26,S010,snacks,C7026,coupon,0.139,0
2024-12-03,S010,snacks,C4092,discount,0.143,0
2024-12-14,S010,snacks,C6853,discount,0.123,1
2024-12-15,S010,snacks,C2198,free_delivery,0.314,0
2024-12-18,S010,snacks,C1094,free_delivery,0.142,0
2025-01-01,S010,snacks,C5463,discount,0.209,0
2025-01-08,S010,snacks,C6001,coupon,0.154,0
2025-01-10,S010,snacks,C4069,coupon,0.147,1
2025-01-14,S010,snacks,C2867,discount,0.145,1
2025-01-22,S010,snacks,C4119,discount,0.05,0
2025-01-26,S010,snacks,C8140,bundle,0.248,1
2024-02-05,S010,fresh,C5004,coupon,0.283,0
2024-02-14,S010,fresh,C6792,coupon,0.05,1
2024-02-15,S010,fresh,C9921,discount,0.222,0
2024-02-25,S010,fresh,C8945,discount,0.261,1
2024-03-10,S010,fresh,C8939,bundle,0.225,0
2024-03-12,S010,fresh,C8563,discount,0.124,0
2024-04-09,S010,fresh,C3634,discount,0.051,1
2024-04-14,S010,fresh,C9492,free_delivery,0.278,0
2024-04-19,S010,fresh,C7316,bundle,0.153,0
2024-04-28,S010,fresh,C8831,bundle,0.248,0
2024-05-01,S010,fresh,C3897,discount,0.147,0
2024-06-01,S010,fresh,C1020,discount,0.05,1
2024-06-17,S010,fresh,C4714,coupon,0.096,0
2024-06-22,S010,fresh,C4138,discount,0.229,1
2024-07-05,S010,fresh,C1940,bundle,0.094,1
2024-07-17,S010,fresh,C1916,coupon,0.195,0
2024-07-28,S010,fresh,C1639,bundle,0.289,0
2024-08-17,S010,fresh,C5237,coupon,0.199,0
2024-08-22,S010,fresh,C5033,discount,0.165,0
2024-08-26,S010,fresh,C6915,discount,0.152,1
2024-08-30,S010,fresh,C3679,coupon,0.291,0
2024-08-31,S010,fresh,C1715,coupon,0.229,0
2024-09-13,S010,fresh,C2779,bundle,0.239,0
2024-09-19,S010,fresh,C1298,discount,0.197,1
2024-09-22,S010,fresh,C3610,bundle,1.2,0
2024-09-27,S010,fresh,C7471,coupon,0.081,1
2024-10-02,S010,fresh,C1431,coupon,0.29,1
2024-10-03,S010,fresh,C6526,discount,0.174,0
2024-10-05,S010,fresh,C6128,coupon,0.089,0
2024-10-14,S010,fresh,C1382,discount,0.079,1
2024-10-19,S010,fresh,C3664,coupon,0.122,0
2024-10-24,S010,fresh,C8602,free_delivery,0.172,0
2024-10-31,S010,fresh,C3773,bundle,0.206,0
2024-11-12,S010,fresh,C9630,free_delivery,0.111,1
2024-11-15,S010,fresh,C7723,discount,0.143,1
2024-11-18,S010,fresh,C7791,bundle,0.287,1
2024-11-23,S010,fresh,C4594,free_delivery,0.187,1
2024-11-26,S010,fresh,C5604,bundle,0.309,1
2024-12-04,S010,fresh,C8796,coupon,0.094,0
2024-12-21,S010,fresh,C3530,coupon,0.116,0
2024-12-22,S010,fresh,C6852,discount,0.149,1
2025-01-18,S010,fresh,C1545,discount,0.283,1
2024-01-14,S010,household,C6544,discount,0.095,1
2024-01-20,S010,household,C9310,discount,0.069,1
2024-02-13,S010,household,C4139,discount,0.122,0
2024-03-10,S010,household,C8839,bundle,0.111,0
2024-03-16,S010,household,C5594,discount,0.099,1
2024-03-21,S010,household,C8590,discount,0.163,0
2024-04-10,S010,household,C9036,coupon,0.095,0
2024-04-21,S010,household,C6642,discount,0.176,0
2024-04-26,S010,household,C8392,bundle,0.159,1
2024-05-04,S010,household,C7133,free_delivery,0.118,0
2024-05-05,S010,household,C3713,discount,0.09,0
2024-05-10,S010,household,C3161,discount,0.209,0
2024-05-17,S010,household,C4147,bundle,0.238,0
2024-06-14,S010,household,C6940,discount,0.151,0
2024-06-20,S010,household,C2246,discount,0.235,0
2024-06-28,S010,household,C8534,coupon,0.158,0
2024-07-11,S010,household,C9544,free_delivery,0.218,0
2024-07-12,S010,household,C1387,discount,0.131,0
2024-07-27,S010,household,C9791,discount,0.32,0
2024-08-12,S010,household,C5172,coupon,0.266,0
2024-08-15,S010,household,C6692,discount,0.178,1
2024-09-05,S010,household,C4317,coupon,0.061,0
2024-09-14,S010,household,C1253,discount,0.171,0
2024-09-22,S010,household,C8806,discount,0.279,0
2024-10-06,S010,household,C7519,coupon,0.141,0
2024-10-18,S010,household,C9105,discount,0.151,0
2024-10-19,S010,household,C6372,free_delivery,0.22,0
2024-10-24,S010,household,C4620,discount,0.116,0
2024-11-10,S010,household,C1317,discount,0.072,0
2024-11-16,S010,household,C8395,free_delivery,0.157,1
2024-12-01,S010,household,C7631,discount,0.207,0
2024-12-03,S010,household,C9728,coupon,0.254,0
2024-12-05,S010,household,C2095,coupon,0.232,0
2025-01-06,S010,household,C9498,discount,0.078,1
2025-01-16,S010,household,C6160,discount,0.056,0
2024-01-06,S010,ready_to_eat,C6675,discount,0.135,1
2024-02-07,S010,ready_to_eat,C8092,discount,0.243,1
2024-02-08,S010,ready_to_eat,C5532,free_delivery,0.159,0
2024-02-12,S010,ready_to_eat,C9209,free_delivery,0.233,0
2024-02-15,S010,ready_to_eat,C1931,bundle,0.136,0
2024-02-21,S010,ready_to_eat,C2730,discount,0.095,0
2024-03-06,S010,ready_to_eat,C3128,coupon,0.168,0
2024-03-17,S010,ready_to_eat,C1875,free_delivery,0.19,0
2024-03-29,S010,ready_to_eat,C9586,discount,0.239,1
2024-03-31,S010,ready_to_eat,C1082,discount,0.139,1
2024-04-08,S010,ready_to_eat,C1093,coupon,0.192,1
2024-05-05,S010,ready_to_eat,C4951,discount,0.125,0
2024-05-23,S010,ready_to_eat,C6403,discount,0.125,0
2024-05-24,S010,ready_to_eat,C9115,free_delivery,0.189,1
2024-05-25,S010,ready_to_eat,C3270,bundle,0.194,0
2024-05-26,S010,ready_to_eat,C7272,discount,0.165,0
2024-05-29,S010,ready_to_eat,C5786,bundle,0.188,1
2024-06-03,S010,ready_to_eat,C3431,discount,0.172,0
2024-06-18,S010,ready_to_eat,C7972,bundle,0.163,0
2024-06-20,S010,ready_to_eat,C2271,free_delivery,0.125,1
2024-06-23,S010,ready_to_eat,C5926,coupon,0.12,0
2024-06-27,S010,ready_to_eat,C2192,free_delivery,0.172,1
2024-06-29,S010,ready_to_eat,C6408,discount,0.107,0
2024-07-14,S010,ready_to_eat,C6605,coupon,0.206,0
2024-07-25,S010,ready_to_eat,C2733,discount,0.173,1
2024-07-27,S010,ready_to_eat,C8900,discount,0.085,0
2024-09-15,S010,ready_to_eat,C5186,free_delivery,0.18,1
2024-09-16,S010,ready_to_eat,C2587,discount,0.219,0
2024-09-23,S010,ready_to_eat,C9739,free_delivery,0.113,0
2024-09-24,S010,ready_to_eat,C6940,discount,0.216,1
2024-09-26,S010,ready_to_eat,C6316,coupon,0.164,1
2024-10-05,S010,ready_to_eat,C6509,coupon,0.17,0
2024-10-06,S010,ready_to_eat,C8614,free_delivery,0.205,0
2024-10-22,S010,ready_to_eat,C9082,discount,0.129,0
2024-11-05,S010,ready_to_eat,C1424,discount,0.252,0
2024-11-13,S010,ready_to_eat,C1950,discount,0.2,0
2024-11-14,S010,ready_to_eat,C7120,discount,0.178,1
2024-11-17,S010,ready_to_eat,C9770,bundle,0.159,1
2024-12-05,S010,ready_to_eat,C5308,coupon,0.142,1
2024-12-08,S010,ready_to_eat,C4641,coupon,0.266,0
2024-12-12,S010,ready_to_eat,C2234,discount,0.21,1
2025-01-09,S010,ready_to_eat,C2681,discount,0.187,1
2025-01-12,S010,ready_to_eat,C7616,coupon,0.186,0
2025-01-27,S010,ready_to_eat,C5015,coupon,0.125,1
2024-01-01,S010,personal_care,C1135,discount,0.218,0
2024-01-05,S010,personal_care,C1724,discount,0.098,0
2024-01-11,S010,personal_care,C8628,coupon,0.229,0
2024-01-21,S010,personal_care,C8732,discount,0.128,1
2024-01-30,S010,personal_care,C7515,discount,0.05,1
2024-02-01,S010,personal_care,C5733,discount,0.113,0
2024-02-04,S010,personal_care,C5745,coupon,0.177,0
2024-02-10,S010,personal_care,C4624,discount,0.136,0
2024-03-16,S010,personal_care,C1704,discount,0.05,0
2024-04-06,S010,personal_care,C3071,discount,0.091,0
2024-04-12,S010,personal_care,C7315,discount,0.158,0
2024-04-14,S010,personal_care,C1100,discount,0.05,1
2024-04-27,S010,personal_care,C3555,discount,0.152,0
2024-05-01,S010,personal_care,C7428,free_delivery,0.076,0
2024-05-05,S010,personal_care,C1968,coupon,0.115,1
2024-05-18,S010,personal_care,C6497,coupon,0.259,0
2024-05-28,S010,personal_care,C8877,coupon,0.151,0
2024-06-14,S010,personal_care,C6815,bundle,0.145,1
2024-06-18,S010,personal_care,C3815,free_delivery,0.091,0
2024-07-17,S010,personal_care,C1148,discount,0.224,1
2024-08-01,S010,personal_care,C7605,discount,0.151,1
2024-08-03,S010,personal_care,C7554,free_delivery,0.101,1
2024-08-04,S010,personal_care,C5541,free_delivery,0.265,0
2024-08-25,S010,personal_care,C1758,discount,0.127,1
2024-08-27,S010,personal_care,C2189,discount,0.227,1
2024-09-14,S010,personal_care,C6073,discount,0.075,0
2024-09-16,S010,personal_care,C7399,bundle,0.062,1
2024-10-03,S010,personal_care,C4004,discount,0.152,0
2024-10-04,S010,personal_care,C3459,coupon,0.22,0
2024-10-09,S010,personal_care,C8419,discount,0.249,0
2024-10-18,S010,personal_care,C4842,coupon,0.338,1
2024-10-22,S010,personal_care,C6768,discount,0.068,1
2024-10-23,S010,personal_care,C1510,discount,0.187,1
2024-11-05,S010,personal_care,C7264,coupon,0.054,0
2024-12-06,S010,personal_care,C4276,bundle,0.347,0
2024-12-19,S010,personal_care,C5692,discount,0.218,1
2024-12-28,S010,personal_care,C6482,discount,0.05,1
2024-12-29,S010,personal_care,C6286,coupon,0.266,0
2025-01-05,S010,personal_care,C6247,coupon,0.26,0
2025-01-16,S010,personal_care,C7901,bundle,0.172,0
2025-01-18,S010,personal_care,C6102,discount,0.131,0
2024-01-12,S011,beverages,C7650,free_delivery,0.162,1
2024-01-13,S011,beverages,C9792,discount,0.105,0
2024-01-21,S011,beverages,C6115,free_delivery,0.367,1
2024-01-25,S011,beverages,C8685,free_delivery,0.153,0
2024-01-26,S011,beverages,C3853,discount,0.165,0
2024-01-30,S011,beverages,C1106,coupon,0.194,0
2024-02-05,S011,beverages,C9233,bundle,0.136,0
2024-02-20,S011,beverages,C4723,discount,0.08,0
2024-02-21,S011,beverages,C4537,bundle,0.248,1
2024-02-25,S011,beverages,C7299,coupon,0.195,0
2024-02-28,S011,beverages,C9966,coupon,0.105,0
2024-03-08,S011,beverages,C9193,discount,0.163,0
2024-03-11,S011,beverages,C1557,discount,0.084,1
2024-03-12,S011,beverages,C3692,discount,0.16,0
2024-03-16,S011,beverages,C7477,bundle,0.212,0
2024-03-18,S011,beverages,C8352,coupon,0.093,1
2024-04-08,S011,beverages,C4872,bundle,0.186,0
2024-04-12,S011,beverages,C3207,coupon,0.222,1
2024-04-17,S011,beverages,C2446,discount,0.105,0
2024-04-18,S011,beverages,C7968,discount,0.189,1
2024-04-22,S011,beverages,C3419,discount,0.18,1
2024-04-28,S011,beverages,C4152,discount,0.199,1
2024-05-15,S011,beverages,C1015,bundle,0.192,0
2024-05-18,S011,beverages,C1339,coupon,0.356,0
2024-06-04,S011,beverages,C6736,discount,0.113,0
2024-06-19,S011,beverages,C3332,discount,0.05,1
2024-07-02,S011,beverages,C5570,free_delivery,0.134,0
2024-07-05,S011,beverages,C7684,discount,0.148,0
2024-07-20,S011,beverages,C6004,coupon,0.093,1
2024-07-25,S011,beverages,C1994,coupon,0.199,1
2024-07-30,S011,beverages,C4469,coupon,0.13,1
2024-08-08,S011,beverages,C2552,discount,0.079,0
2024-08-10,S011,beverages,C9410,discount,0.161,0
2024-08-16,S011,beverages,C7769,coupon,0.166,1
2024-08-17,S011,beverages,C8864,coupon,0.132,1
2024-08-22,S011,beverages,C7734,bundle,0.208,1
2024-09-09,S011,beverages,C4319,bundle,0.238,0
2024-09-10,S011,beverages,C1370,coupon,0.207,0
2024-09-15,S011,beverages,C2976,free_delivery,0.164,1
2024-09-20,S011,beverages,C4102,discount,0.162,0
2024-09-22,S011,beverages,C1445,free_delivery,0.207,0
2024-10-11,S011,beverages,C5613,discount,0.102,0
2024-10-12,S011,beverages,C8978,discount,0.202,1
2024-10-19,S011,beverages,C2629,bundle,0.153,1
2024-10-24,S011,beverages,C3469,discount,0.196,0
2024-10-26,S011,beverages,C5162,coupon,0.2,1
2024-10-27,S011,beverages,C5063,discount,0.105,1
2024-10-31,S011,beverages,C9947,discount,0.05,1
2024-11-01,S011,beverages,C9222,free_delivery,0.179,0
2024-11-22,S011,beverages,C8105,free_delivery,0.176,0
2024-11-30,S011,beverages,C5402,bundle,0.241,0
2024-12-04,S011,beverages,C9531,discount,0.196,1
2024-12-10,S011,beverages,C7329,discount,0.118,1
2024-12-11,S011,beverages,C2763,free_delivery,0.169,1
2024-12-20,S011,beverages,C4768,free_delivery,0.195,1
2024-12-25,S011,beverages,C7306,coupon,0.162,1
2025-01-18,S011,beverages,C2052,free_delivery,0.145,0
2025-01-25,S011,beverages,C2864,discount,0.229,1
2024-01-06,S011,snacks,C3546,discount,0.245,0
2024-01-08,S011,snacks,C6079,coupon,0.276,1
2024-01-12,S011,snacks,C4207,free_delivery,0.45,0
2024-01-20,S011,snacks,C9003,coupon,0.136,1
2024-01-22,S011,snacks,C6262,coupon,0.356,1
2024-01-29,S011,snacks,C6672,bundle,0.097,1
2024-02-01,S011,snacks,C3254,bundle,0.261,0
2024-02-04,S011,snacks,C3126,discount,0.092,0
2024-02-09,S011,snacks,C5661,coupon,0.161,1
2024-02-12,S011,snacks,C9171,discount,0.16,0
2024-02-14,S011,snacks,C8387,bundle,0.178,0
2024-03-01,S011,snacks,C7760,discount,0.271,1
2024-03-02,S011,snacks,C9476,free_delivery,0.075,0
2024-03-05,S011,snacks,C4072,discount,0.186,0
2024-03-09,S011,snacks,C8243,discount,0.143,1
2024-03-10,S011,snacks,C5257,coupon,0.147,1
2024-03-19,S011,snacks,C3966,discount,0.199,0
2024-03-22,S011,snacks,C3452,free_delivery,0.133,1
2024-03-28,S011,snacks,C9327,discount,0.093,1
2024-03-29,S011,snacks,C9881,discount,0.146,0
2024-04-26,S011,snacks,C2466,bundle,0.053,0
2024-05-02,S011,snacks,C5335,discount,0.218,1
2024-05-03,S011,snacks,C5399,discount,0.168,0
2024-05-18,S011,snacks,C1731,coupon,0.229,0
2024-05-19,S011,snacks,C7448,discount,0.188,0
2024-05-25,S011,snacks,C5557,discount,0.234,0
2024-05-26,S011,snacks,C9702,bundle,0.191,1
2024-06-01,S011,snacks,C1817,free_delivery,0.269,0
2024-06-04,S011,snacks,C5334,bundle,0.173,0
2024-06-05,S011,snacks,C3342,discount,0.155,1
2024-06-12,S011,snacks,C7284,coupon,0.172,0
2024-06-26,S011,snacks,C9494,coupon,0.285,1
2024-07-08,S011,snacks,C5449,discount,0.361,1
2024-07-15,S011,snacks,C8178,discount,0.125,0
2024-07-20,S011,snacks,C8359,bundle,0.087,1
2024-07-23,S011,snacks,C2420,coupon,0.27,0
2024-07-24,S011,snacks,C6911,discount,0.305,1
2024-07-30,S011,snacks,C9484,discount,0.204,0
2024-08-15,S011,snacks,C4852,coupon,0.153,1
2024-08-27,S011,snacks,C2004,coupon,0.22,1
2024-09-12,S011,snacks,C7829,coupon,0.132,0
2024-09-14,S011,snacks,C8288,coupon,0.26,1
2024-09-15,S011,snacks,C6349,discount,0.185,0
2024-09-20,S011,snacks,C8868,coupon,0.05,0
2024-09-28,S011,snacks,C5122,bundle,0.247,1
2024-10-03,S011,snacks,C1648,free_delivery,0.143,0
2024-10-04,S011,snacks,C9338,free_delivery,0.139,1
2024-10-05,S011,snacks,C8758,discount,0.05,0
2024-10-13,S011,snacks,C1212,free_delivery,0.273,1
2024-10-14,S011,snacks,C6354,coupon,0.072,1
2024-10-19,S011,snacks,C8260,bundle,0.129,0
2024-10-31,S011,snacks,C2353,bundle,0.117,0
2024-11-03,S011,snacks,C2041,free_delivery,0.164,0
2024-11-06,S011,snacks,C3924,discount,0.148,0
2024-11-09,S011,snacks,C7930,bundle,0.241,1
2024-11-15,S011,snacks,C3399,bundle,0.254,1
2024-11-16,S011,snacks,C2129,discount,0.193,1
2024-11-20,S011,snacks,C7737,discount,0.082,1
2024-11-24,S011,snacks,C4640,discount,0.235,0
2024-11-27,S011,snacks,C3310,bundle,0.255,0
2024-12-06,S011,snacks,C3888,coupon,0.117,1
2024-12-07,S011,snacks,C5445,discount,0.1,0
2024-12-26,S011,snacks,C9337,bundle,0.175,0
2024-12-31,S011,snacks,C7298,bundle,0.217,1
2025-01-02,S011,snacks,C5979,bundle,0.208,0
2025-01-07,S011,snacks,C3925,discount,0.195,1
2024-01-01,S011,fresh,C8659,bundle,0.083,0
2024-01-03,S011,fresh,C9108,coupon,0.186,0
2024-01-23,S011,fresh,C4836,discount,0.143,1
2024-02-20,S011,fresh,C7058,coupon,0.128,1
2024-02-28,S011,fresh,C1549,discount,0.083,0
2024-03-03,S011,fresh,C1555,coupon,0.25,1
2024-03-30,S011,fresh,C5332,coupon,0.214,1
2024-04-10,S011,fresh,C9686,discount,0.232,0
2024-04-19,S011,fresh,C5711,discount,0.252,0
2024-05-02,S011,fresh,C3054,discount,0.212,0
2024-05-18,S011,fresh,C9443,coupon,0.231,1
2024-05-24,S011,fresh,C2489,coupon,0.157,0
2024-05-25,S011,fresh,C5813,discount,0.306,0
2024-06-05,S011,fresh,C1819,discount,0.172,1
2024-06-10,S011,fresh,C6761,discount,0.242,0
2024-06-23,S011,fresh,C1885,free_delivery,0.282,1
2024-07-20,S011,fresh,C9911,discount,0.242,0
2024-07-24,S011,fresh,C9095,coupon,0.152,0
2024-08-09,S011,fresh,C3763,discount,0.197,0
2024-08-19,S011,fresh,C7846,discount,0.23,1
2024-09-12,S011,fresh,C8237,discount,0.129,0
2024-09-16,S011,fresh,C2322,coupon,0.145,1
2024-09-22,S011,fresh,C8351,discount,0.086,1
2024-10-05,S011,fresh,C9181,coupon,0.179,0
2024-10-24,S011,fresh,C1622,coupon,0.128,0
2024-10-30,S011,fresh,C1053,coupon,0.142,0
2024-11-01,S011,fresh,C1265,coupon,0.128,0
2024-11-29,S011,fresh,C6684,discount,0.224,0
2024-02-10,S011,household,C9562,coupon,0.159,1
2024-02-11,S011,household,C6014,discount,0.136,0
2024-02-13,S011,household,C8220,bundle,0.259,0
2024-04-27,S011,household,C1868,bundle,0.062,1
2024-05-26,S011,household,C4733,free_delivery,0.142,0
2024-05-31,S011,household,C4131,discount,0.08,0
2024-06-09,S011,household,C2398,bundle,0.216,1
2024-06-23,S011,household,C6934,coupon,0.153,1
2024-07-18,S011,household,C1422,discount,0.079,0
2024-08-17,S011,household,C5813,discount,0.204,0
2024-09-13,S011,household,C2600,bundle,0.212,1
2024-10-15,S011,household,C7174,coupon,0.11,0
2024-10-19,S011,household,C7873,discount,0.111,0
2024-11-01,S011,household,C8402,discount,0.212,0
2024-11-05,S011,household,C2985,discount,0.232,1
2024-11-09,S011,household,C5530,bundle,0.189,1
2024-11-22,S011,household,C6841,bundle,0.313,0
2024-12-15,S011,household,C8943,free_delivery,0.092,0
2024-01-01,S011,ready_to_eat,C3915,discount,0.166,1
2024-01-07,S011,ready_to_eat,C4663,coupon,0.246,0
2024-01-13,S011,ready_to_eat,C4703,discount,0.067,0
2024-01-19,S011,ready_to_eat,C9383,discount,0.244,1
2024-01-30,S011,ready_to_eat,C2679,free_delivery,0.375,0
2024-02-03,S011,ready_to_eat,C4304,bundle,0.134,0
2024-02-04,S011,ready_to_eat,C6737,discount,0.058,0
2024-02-10,S011,ready_to_eat,C1092,coupon,0.242,0
2024-02-11,S011,ready_to_eat,C7391,bundle,0.103,0
2024-02-13,S011,ready_to_eat,C9593,coupon,0.182,0
2024-02-19,S011,ready_to_eat,C6205,discount,0.149,0
2024-02-25,S011,ready_to_eat,C3589,coupon,0.131,0
2024-03-20,S011,ready_to_eat,C5618,discount,0.099,1
2024-03-28,S011,ready_to_eat,C8238,discount,0.1,1
2024-04-07,S011,ready_to_eat,C8911,discount,0.096,0
2024-04-19,S011,ready_to_eat,C8276,coupon,0.187,0
2024-04-25,S011,ready_to_eat,C9804,discount,0.209,1
2024-05-05,S011,ready_to_eat,C3565,bundle,0.218,1
2024-05-18,S011,ready_to_eat,C4241,coupon,0.178,1
2024-05-26,S011,ready_to_eat,C3091,bundle,0.45,1
2024-05-31,S011,ready_to_eat,C5766,bundle,0.237,0
2024-06-03,S011,ready_to_eat,C5449,coupon,0.165,1
2024-06-16,S011,ready_to_eat,C4460,discount,0.25,0
2024-06-19,S011,ready_to_eat,C5450,discount,0.195,0
2024-06-23,S011,ready_to_eat,C1865,discount,0.103,1
2024-06-30,S011,ready_to_eat,C6656,coupon,0.16,0
2024-07-01,S011,ready_to_eat,C1342,coupon,0.203,0
2024-07-06,S011,ready_to_eat,C6036,free_delivery,0.18,0
2024-07-09,S011,ready_to_eat,C2225,discount,0.148,1
2024-07-14,S011,ready_to_eat,C5184,free_delivery,0.281,0
2024-07-15,S011,ready_to_eat,C9277,discount,0.231,0
2024-07-27,S011,ready_to_eat,C9288,discount,0.252,1
2024-08-16,S011,ready_to_eat,C4690,coupon,0.203,1
2024-08-29,S011,ready_to_eat,C9583,discount,0.144,1
2024-09-08,S011,ready_to_eat,C6980,discount,0.148,0
2024-09-09,S011,ready_to_eat,C8121,free_delivery,0.146,0
2024-09-19,S011,ready_to_eat,C7638,coupon,0.121,0
2024-09-28,S011,ready_to_eat,C1087,bundle,0.262,1
2024-10-06,S011,ready_to_eat,C2000,discount,0.075,0
2024-10-09,S011,ready_to_eat,C4305,discount,0.253,0
2024-10-16,S011,ready_to_eat,C3924,free_delivery,0.161,1
2024-10-31,S011,ready_to_eat,C7706,free_delivery,0.12,0
2024-11-27,S011,ready_to_eat,C3015,free_delivery,0.05,0
2024-11-29,S011,ready_to_eat,C7556,discount,0.206,1
2024-12-05,S011,ready_to_eat,C4554,discount,0.202,0
2024-12-10,S011,ready_to_eat,C5322,bundle,0.117,1
2024-12-20,S011,ready_to_eat,C2635,coupon,0.154,0
2024-12-25,S011,ready_to_eat,C4868,bundle,0.124,1
2024-12-30,S011,ready_to_eat,C4132,coupon,0.118,0
2024-12-31,S011,ready_to_eat,C6476,bundle,0.12,0
2025-01-21,S011,ready_to_eat,C7487,discount,0.223,0
2025-01-25,S011,ready_to_eat,C5904,discount,0.105,1
2024-01-08,S011,personal_care,C4354,discount,0.188,1
2024-01-10,S011,personal_care,C4582,bundle,0.177,0
2024-01-13,S011,personal_care,C9238,discount,0.217,0
2024-01-19,S011,personal_care,C4483,discount,0.058,0
2024-01-21,S011,personal_care,C2777,discount,0.242,0
2024-02-05,S011,personal_care,C8648,discount,0.05,0
2024-02-13,S011,personal_care,C9459,free_delivery,0.103,0
2024-02-17,S011,personal_care,C3407,discount,0.161,0
2024-02-25,S011,personal_care,C8503,discount,0.124,0
2024-03-04,S011,personal_care,C9342,discount,0.241,0
2024-04-24,S011,personal_care,C9096,discount,0.204,1
2024-05-05,S011,personal_care,C6500,discount,0.248,0
2024-06-01,S011,personal_care,C9912,coupon,0.201,1
2024-06-07,S011,personal_care,C6699,coupon,0.171,1
2024-06-10,S011,personal_care,C6884,bundle,0.156,1
2024-07-22,S011,personal_care,C2090,discount,0.221,0
2024-07-30,S011,personal_care,C6512,bundle,0.217,1
2024-08-03,S011,personal_care,C4456,free_delivery,0.179,0
2024-08-04,S011,personal_care,C7471,discount,0.222,0
2024-08-25,S011,personal_care,C3308,coupon,0.178,1
2024-08-31,S011,personal_care,C4096,coupon,0.195,0
2024-09-01,S011,personal_care,C3292,coupon,0.105,0
2024-09-04,S011,personal_care,C2614,discount,0.139,1
2024-09-13,S011,personal_care,C5106,discount,0.224,0
2024-09-23,S011,personal_care,C5813,free_delivery,0.172,0
2024-09-30,S011,personal_care,C7391,bundle,0.236,0
2024-10-10,S011,personal_care,C9333,bundle,0.123,1
2024-10-14,S011,personal_care,C8578,bundle,0.05,0
2024-10-25,S011,personal_care,C4403,bundle,0.224,1
2024-11-08,S011,personal_care,C1843,coupon,0.224,0
2024-11-11,S011,personal_care,C3313,discount,0.172,0
2024-11-20,S011,personal_care,C4119,coupon,0.263,1
2024-11-23,S011,personal_care,C9426,discount,0.122,0
2024-11-27,S011,personal_care,C3157,bundle,0.13,0
2024-11-30,S011,personal_care,C5017,bundle,0.24,0
2024-12-05,S011,personal_care,C6390,discount,0.334,0
2024-12-10,S011,personal_care,C8131,coupon,0.198,1
2024-12-15,S011,personal_care,C5151,discount,0.234,1
2025-01-21,S011,personal_care,C4368,discount,0.235,0
2025-01-23,S011,personal_care,C2908,coupon,0.171,0
2024-01-05,S012,beverages,C3926,discount,0.147,0
2024-01-08,S012,beverages,C5004,coupon,0.268,0
2024-01-10,S012,beverages,C3549,discount,0.248,0
2024-01-13,S012,beverages,C6793,discount,0.176,0
2024-02-24,S012,beverages,C4737,discount,0.179,0
2024-03-03,S012,beverages,C9227,discount,0.272,1
2024-03-09,S012,beverages,C9951,free_delivery,0.232,1
2024-03-23,S012,beverages,C5227,free_delivery,0.22,1
2024-03-26,S012,beverages,C6301,discount,0.19,1
2024-03-30,S012,beverages,C3918,discount,0.204,1
2024-04-05,S012,beverages,C9453,coupon,0.108,0
2024-04-09,S012,beverages,C2902,bundle,0.225,1
2024-04-30,S012,beverages,C5349,discount,0.264,0
2024-05-01,S012,beverages,C3426,coupon,0.084,0
2024-05-15,S012,beverages,C9149,bundle,0.33,1
2024-06-10,S012,beverages,C1937,coupon,0.053,0
2024-06-12,S012,beverages,C1487,coupon,0.292,0
2024-06-17,S012,beverages,C4724,discount,0.139,0
2024-06-23,S012,beverages,C7686,coupon,0.212,1
2024-07-02,S012,beverages,C3318,discount,0.166,1
2024-07-07,S012,beverages,C6898,bundle,0.14,1
2024-07-10,S012,beverages,C6592,coupon,0.083,1
2024-07-15,S012,beverages,C9390,bundle,0.076,1
2024-07-25,S012,beverages,C7819,coupon,0.223,0
2024-08-13,S012,beverages,C7877,discount,0.177,1
2024-08-16,S012,beverages,C4583,coupon,0.137,0
2024-08-20,S012,beverages,C9849,free_delivery,0.068,0
2024-08-22,S012,beverages,C1208,free_delivery,0.211,0
2024-09-03,S012,beverages,C1591,discount,0.063,0
2024-09-17,S012,beverages,C6182,coupon,0.19,0
2024-09-26,S012,beverages,C9424,discount,0.197,0
2024-10-05,S012,beverages,C5936,discount,0.065,1
2024-10-24,S012,beverages,C9405,coupon,0.12,0
2024-11-03,S012,beverages,C1650,discount,0.059,0
2024-11-06,S012,beverages,C7600,bundle,0.161,0
2024-11-07,S012,beverages,C5187,free_delivery,0.24,1
2024-11-08,S012,beverages,C2430,coupon,0.176,0
2024-11-16,S012,beverages,C8062,discount,0.147,0
2024-11-24,S012,beverages,C9940,coupon,0.242,0
2024-11-30,S012,beverages,C7349,discount,0.142,1
2024-12-01,S012,beverages,C6564,discount,0.153,0
2024-12-03,S012,beverages,C2665,coupon,0.05,1
2024-12-23,S012,beverages,C6690,discount,0.181,0
2024-12-25,S012,beverages,C3696,discount,0.174,0
2025-01-25,S012,beverages,C4505,discount,0.276,0
2024-01-05,S012,snacks,C1014,free_delivery,0.212,0
2024-01-09,S012,snacks,C2543,coupon,0.12,0
2024-01-11,S012,snacks,C6960,coupon,0.243,1
2024-01-14,S012,snacks,C3055,free_delivery,0.094,0
2024-01-16,S012,snacks,C1433,discount,0.261,1
2024-01-17,S012,snacks,C8722,bundle,0.179,0
2024-01-27,S012,snacks,C6022,discount,0.233,1
2024-02-05,S012,snacks,C7963,discount,0.084,0
2024-02-07,S012,snacks,C3995,free_delivery,0.227,0
2024-02-18,S012,snacks,C2703,bundle,0.194,0
2024-03-12,S012,snacks,C7551,free_delivery,0.137,0
2024-03-14,S012,snacks,C4669,discount,0.187,0
2024-03-16,S012,snacks,C2109,discount,0.226,0
2024-03-27,S012,snacks,C4057,bundle,0.121,0
2024-04-10,S012,snacks,C1320,coupon,0.296,1
2024-04-13,S012,snacks,C4582,discount,0.249,0
2024-04-21,S012,snacks,C4939,discount,0.209,0
2024-05-01,S012,snacks,C3346,coupon,0.062,0
2024-05-02,S012,snacks,C7509,bundle,0.123,0
2024-05-14,S012,snacks,C5019,discount,0.123,1
2024-05-15,S012,snacks,C4907,discount,0.254,1
2024-05-26,S012,snacks,C8504,bundle,0.159,1
2024-05-27,S012,snacks,C4493,discount,0.171,0
2024-06-08,S012,snacks,C3362,coupon,0.05,0
2024-06-09,S012,snacks,C1373,coupon,0.189,0
2024-06-11,S012,snacks,C4888,coupon,0.186,0
2024-06-14,S012,snacks,C3205,discount,0.208,1
2024-06-21,S012,snacks,C8139,free_delivery,0.162,0
2024-06-23,S012,snacks,C7467,coupon,0.176,0
2024-06-29,S012,snacks,C6468,free_delivery,0.2,1
2024-07-11,S012,snacks,C3234,coupon,0.333,1
2024-07-12,S012,snacks,C2064,coupon,0.143,0
2024-07-18,S012,snacks,C7635,coupon,0.166,0
2024-07-28,S012,snacks,C2497,discount,0.226,1
2024-08-03,S012,snacks,C9378,coupon,0.282,1
2024-08-09,S012,snacks,C8692,discount,0.153,1
2024-08-25,S012,snacks,C6711,coupon,0.117,0
2024-09-01,S012,snacks,C7106,bundle,0.122,0
2024-09-03,S012,snacks,C6388,discount,0.122,1
2024-09-13,S012,snacks,C6359,coupon,0.252,1
2024-09-15,S012,snacks,C4775,coupon,0.053,1
2024-09-17,S012,snacks,C4457,discount,0.166,0
2024-09-19,S012,snacks,C6139,discount,0.177,0
2024-10-07,S012,snacks,C5144,discount,0.199,1
2024-10-17,S012,snacks,C9198,free_delivery,0.264,0
2024-10-20,S012,snacks,C2637,discount,0.12,0
2024-10-21,S012,snacks,C7936,bundle,0.14,0
2024-10-23,S012,snacks,C5305,bundle,0.234,0
2024-10-25,S012,snacks,C5038,discount,0.181,0
2024-11-15,S012,snacks,C4215,coupon,0.099,0
2024-12-08,S012,snacks,C2745,bundle,0.266,0
2024-12-12,S012,snacks,C3591,discount,0.284,1
2024-12-14,S012,snacks,C3512,discount,0.172,0
2024-12-16,S012,snacks,C6612,coupon,0.076,1
2024-12-17,S012,snacks,C4394,free_delivery,0.179,0
2024-12-21,S012,snacks,C9505,discount,0.235,1
2024-12-28,S012,snacks,C1461,discount,0.189,0
2025-01-02,S012,snacks,C5501,bundle,0.05,0
2025-01-13,S012,snacks,C9233,discount,0.21,1
2025-01-17,S012,snacks,C8912,discount,0.232,0
2025-01-26,S012,snacks,C7199,discount,0.249,0
2025-01-27,S012,snacks,C6629,free_delivery,0.115,1
2024-01-02,S012,fresh,C3647,discount,0.15,1
2024-01-17,S012,fresh,C3324,discount,0.05,0
2024-01-19,S012,fresh,C1519,discount,0.298,1
2024-02-01,S012,fresh,C5144,discount,0.22,0
2024-02-18,S012,fresh,C5478,bundle,0.176,0
2024-03-28,S012,fresh,C2248,coupon,0.168,1
2024-03-30,S012,fresh,C8844,bundle,0.131,1
2024-04-05,S012,fresh,C2276,discount,0.177,0
2024-04-18,S012,fresh,C5422,coupon,0.219,0
2024-04-21,S012,fresh,C4711,discount,0.237,0
2024-04-25,S012,fresh,C1029,discount,0.321,0
2024-05-05,S012,fresh,C6706,discount,0.17,0
2024-05-11,S012,fresh,C6087,bundle,0.144,1
2024-05-25,S012,fresh,C7593,discount,0.141,0
2024-06-03,S012,fresh,C3416,discount,0.201,0
2024-06-05,S012,fresh,C5636,free_delivery,0.244,0
2024-06-13,S012,fresh,C6581,discount,0.121,0
2024-07-01,S012,fresh,C9896,discount,0.05,0
2024-07-07,S012,fresh,C7977,discount,0.17,0
2024-07-13,S012,fresh,C9767,coupon,0.286,1
2024-07-14,S012,fresh,C9348,coupon,0.172,0
2024-07-15,S012,fresh,C3941,discount,0.337,0
2024-08-12,S012,fresh,C6741,coupon,0.211,1
2024-08-24,S012,fresh,C8030,discount,0.218,0
2024-09-03,S012,fresh,C7233,discount,0.148,0
2024-09-05,S012,fresh,C8838,discount,0.27,1
2024-09-13,S012,fresh,C4595,discount,0.123,0
2024-09-15,S012,fresh,C2411,discount,0.359,0
2024-09-19,S012,fresh,C1479,discount,0.207,1
2024-10-06,S012,fresh,C6908,discount,0.164,1
2024-10-17,S012,fresh,C1206,discount,0.191,0
2024-11-03,S012,fresh,C1896,coupon,0.092,0
2024-11-06,S012,fresh,C3781,discount,0.301,1
2024-11-22,S012,fresh,C2329,bundle,0.229,1
2024-12-06,S012,fresh,C8150,discount,0.103,0
2024-12-12,S012,fresh,C9482,discount,0.078,0
2024-02-07,S012,household,C6876,free_delivery,0.099,1
2024-02-09,S012,household,C5473,free_delivery,0.125,0
2024-02-14,S012,household,C5857,discount,0.163,1
2024-02-26,S012,household,C2948,coupon,0.205,0
2024-03-04,S012,household,C4132,discount,0.186,1
2024-03-27,S012,household,C5428,free_delivery,0.179,0
2024-04-02,S012,household,C4746,discount,0.106,1
2024-04-06,S012,household,C2975,discount,0.16,0
2024-05-12,S012,household,C4591,discount,0.235,1
2024-07-07,S012,household,C2632,coupon,0.293,1
2024-07-08,S012,household,C3023,free_delivery,0.224,1
2024-07-21,S012,household,C7746,bundle,0.164,1
2024-07-27,S012,household,C2224,coupon,0.256,0
2024-08-02,S012,household,C5454,free_delivery,0.103,0
2024-09-20,S012,household,C2860,bundle,0.11,0
2024-10-06,S012,household,C6571,free_delivery,0.28,0
2024-11-04,S012,household,C2949,free_delivery,0.23,0
2024-12-05,S012,household,C8784,coupon,0.162,0
2024-12-13,S012,household,C4620,discount,0.205,1
2024-12-23,S012,household,C2833,coupon,0.133,0
2025-01-08,S012,household,C7072,free_delivery,0.089,0
2024-01-05,S012,ready_to_eat,C7383,discount,0.134,1
2024-01-10,S012,ready_to_eat,C3901,coupon,0.094,1
2024-01-12,S012,ready_to_eat,C4636,discount,0.244,1
2024-01-31,S012,ready_to_eat,C4223,discount,0.272,0
2024-02-12,S012,ready_to_eat,C3434,discount,0.087,0
2024-02-23,S012,ready_to_eat,C6384,coupon,0.179,0
2024-02-25,S012,ready_to_eat,C1873,discount,0.188,1
2024-03-03,S012,ready_to_eat,C3170,coupon,0.264,0
2024-03-31,S012,ready_to_eat,C2140,bundle,0.054,0
2024-04-03,S012,ready_to_eat,C1542,coupon,0.061,0
2024-04-05,S012,ready_to_eat,C2542,bundle,0.061,0
2024-04-07,S012,ready_to_eat,C3773,free_delivery,0.05,1
2024-04-16,S012,ready_to_eat,C2741,bundle,0.218,1
2024-04-21,S012,ready_to_eat,C5646,discount,0.056,0
2024-04-26,S012,ready_to_eat,C8159,coupon,0.194,0
2024-05-02,S012,ready_to_eat,C9690,coupon,0.118,1
2024-05-05,S012,ready_to_eat,C9355,coupon,0.148,0
2024-05-07,S012,ready_to_eat,C1228,discount,0.307,1
2024-05-15,S012,ready_to_eat,C4596,bundle,0.153,0
2024-05-17,S012,ready_to_eat,C9774,discount,0.252,0
2024-06-13,S012,ready_to_eat,C3070,bundle,0.173,0
2024-07-04,S012,ready_to_eat,C9209,discount,0.24,0
2024-07-19,S012,ready_to_eat,C6765,coupon,0.213,1
2024-07-24,S012,ready_to_eat,C4071,discount,0.145,1
2024-08-18,S012,ready_to_eat,C3893,free_delivery,0.21,1
2024-08-25,S012,ready_to_eat,C3870,discount,0.236,0
2024-08-30,S012,ready_to_eat,C8951,free_delivery,0.238,1
2024-09-12,S012,ready_to_eat,C9679,free_delivery,0.154,1
2024-09-15,S012,ready_to_eat,C4322,discount,0.087,0
2024-09-20,S012,ready_to_eat,C6560,discount,0.095,1
2024-09-21,S012,ready_to_eat,C9212,coupon,0.216,0
2024-09-28,S012,ready_to_eat,C3887,coupon,0.19,1
2024-10-03,S012,ready_to_eat,C3115,discount,0.19,0
2024-10-17,S012,ready_to_eat,C9486,discount,0.243,0
2024-11-02,S012,ready_to_eat,C9790,discount,0.146,0
2024-11-23,S012,ready_to_eat,C7612,bundle,0.263,0
2024-11-26,S012,ready_to_eat,C9801,discount,0.215,0
2024-12-09,S012,ready_to_eat,C6463,discount,0.25,0
2024-12-13,S012,ready_to_eat,C8015,discount,0.145,0
2024-12-17,S012,ready_to_eat,C2710,discount,0.213,0
2024-12-25,S012,ready_to_eat,C9466,free_delivery,0.117,1
2025-01-02,S012,ready_to_eat,C6921,coupon,0.195,0
2025-01-04,S012,ready_to_eat,C8230,discount,0.149,0
2025-01-16,S012,ready_to_eat,C8350,discount,0.169,1
2024-01-06,S012,personal_care,C2366,discount,0.214,0
2024-01-07,S012,personal_care,C1294,coupon,0.224,0
2024-01-12,S012,personal_care,C9364,discount,0.21,1
2024-01-17,S012,personal_care,C9762,discount,0.219,1
2024-01-28,S012,personal_care,C8171,coupon,0.236,1
2024-02-06,S012,personal_care,C3414,coupon,0.355,0
2024-02-07,S012,personal_care,C7531,discount,0.123,0
2024-02-14,S012,personal_care,C1437,discount,0.151,1
2024-02-23,S012,personal_care,C9499,discount,0.29,0
2024-02-26,S012,personal_care,C8323,discount,0.139,0
2024-03-03,S012,personal_care,C3085,discount,0.172,1
2024-03-06,S012,personal_care,C8047,discount,0.213,1
2024-03-07,S012,personal_care,C9019,coupon,0.118,1
2024-03-22,S012,personal_care,C3829,discount,0.177,1
2024-03-23,S012,personal_care,C5699,bundle,0.169,1
2024-03-24,S012,personal_care,C4875,coupon,0.208,1
2024-04-09,S012,personal_care,C7015,discount,0.114,0
2024-05-08,S012,personal_care,C2905,bundle,0.236,0
2024-05-15,S012,personal_care,C2561,bundle,0.151,0
2024-06-01,S012,personal_care,C1016,discount,0.296,0
2024-06-22,S012,personal_care,C6701,bundle,0.22,1
2024-07-02,S012,personal_care,C2770,bundle,-0.1,0
2024-07-03,S012,personal_care,C5551,discount,0.267,1
2024-07-06,S012,personal_care,C2254,discount,0.118,0
2024-07-08,S012,personal_care,C6917,bundle,0.218,0
2024-07-11,S012,personal_care,C5515,discount,0.273,1
2024-07-13,S012,personal_care,C4159,bundle,0.13,1
2024-07-20,S012,personal_care,C8815,discount,0.25,1
2024-08-10,S012,personal_care,C3104,free_delivery,0.283,1
2024-08-12,S012,personal_care,C1551,coupon,0.12,0
2024-09-08,S012,personal_care,C1563,discount,0.233,0
2024-09-11,S012,personal_care,C6094,discount,0.183,0
2024-09-24,S012,personal_care,C6226,discount,0.368,1
2024-09-28,S012,personal_care,C8690,discount,0.219,0
2024-10-02,S012,personal_care,C9274,bundle,0.112,0
2024-10-03,S012,personal_care,C2924,discount,0.216,0
2024-11-23,S012,personal_care,C3190,discount,0.297,0
2024-11-28,S012,personal_care,C9354,discount,0.155,1
2024-12-11,S012,personal_care,C6292,coupon,0.144,0
2024-12-29,S012,personal_care,C3890,free_delivery,0.137,0
2025-01-06,S012,personal_care,C2072,coupon,0.24,1
2025-01-10,S012,personal_care,C9112,discount,0.233,1
2025-01-22,S012,personal_care,C3200,discount,0.22,0
2024-01-02,S013,beverages,C5327,coupon,0.158,0
2024-01-16,S013,beverages,C3807,discount,0.143,0
2024-01-26,S013,beverages,C3220,bundle,0.322,1
2024-01-28,S013,beverages,C7255,discount,0.249,0
2024-02-02,S013,beverages,C5882,bundle,0.329,1
2024-02-18,S013,beverages,C4177,free_delivery,0.285,0
2024-02-23,S013,beverages,C3123,bundle,0.285,1
2024-03-02,S013,beverages,C4523,discount,0.191,0
2024-03-09,S013,beverages,C6560,free_delivery,0.181,0
2024-03-12,S013,beverages,C5099,free_delivery,0.1,1
2024-04-05,S013,beverages,C4605,coupon,0.288,0
2024-04-07,S013,beverages,C1592,coupon,0.185,0
2024-04-21,S013,beverages,C7267,bundle,0.183,0
2024-04-27,S013,beverages,C6076,coupon,0.136,0
2024-05-01,S013,beverages,C5719,bundle,0.179,0
2024-05-02,S013,beverages,C6764,free_delivery,0.089,1
2024-05-10,S013,beverages,C7728,discount,0.134,0
2024-05-17,S013,beverages,C2202,discount,0.123,0
2024-05-18,S013,beverages,C8549,discount,0.05,0
2024-06-12,S013,beverages,C8421,coupon,0.248,1
2024-06-13,S013,beverages,C9598,coupon,0.138,0
2024-06-25,S013,beverages,C7695,discount,0.165,0
2024-06-30,S013,beverages,C3515,discount,0.153,1
2024-07-05,S013,beverages,C2069,discount,0.2,1
2024-07-06,S013,beverages,C6641,bundle,0.119,1
2024-07-10,S013,beverages,C4557,bundle,0.073,0
2024-07-17,S013,beverages,C5666,coupon,0.179,0
2024-07-23,S013,beverages,C8581,bundle,0.17,1
2024-07-31,S013,beverages,C4500,free_delivery,0.212,1
2024-08-10,S013,beverages,C8393,discount,0.166,1
2024-08-24,S013,beverages,C4378,bundle,0.163,0
2024-08-25,S013,beverages,C9361,bundle,0.192,1
2024-08-27,S013,beverages,C9459,coupon,0.272,0
2024-08-30,S013,beverages,C6246,free_delivery,0.153,1
2024-09-01,S013,beverages,C9685,free_delivery,0.097,1
2024-09-03,S013,beverages,C5261,discount,0.159,1
2024-09-21,S013,beverages,C7933,free_delivery,0.285,1
2024-10-03,S013,beverages,C3828,discount,0.28,1
2024-10-06,S013,beverages,C5131,discount,0.238,1
2024-10-14,S013,beverages,C4647,discount,0.209,0
2024-10-18,S013,beverages,C6419,bundle,0.355,1
2024-10-21,S013,beverages,C8563,free_delivery,0.268,0
2024-10-24,S013,beverages,C1568,coupon,0.099,0
2024-10-26,S013,beverages,C3146,discount,0.211,0
2024-10-29,S013,beverages,C1149,discount,0.293,0
2024-10-30,S013,beverages,C3532,discount,0.183,1
2024-10-31,S013,beverages,C9936,free_delivery,0.173,0
2024-11-05,S013,beverages,C4833,discount,0.251,0
2024-11-16,S013,beverages,C3366,coupon,0.218,0
2024-11-19,S013,beverages,C6104,free_delivery,0.297,0
2024-12-01,S013,beverages,C8030,discount,0.23,0
2024-12-05,S013,beverages,C5552,free_delivery,0.186,1
2024-12-15,S013,beverages,C5477,coupon,0.154,0
2024-12-26,S013,beverages,C2354,discount,0.156,0
2024-12-30,S013,beverages,C1505,discount,0.193,0
2025-01-02,S013,beverages,C9460,discount,0.164,1
2025-01-03,S013,beverages,C9411,bundle,0.162,1
2025-01-16,S013,beverages,C2506,coupon,0.142,0
2025-01-21,S013,beverages,C5388,coupon,0.187,1
2025-01-25,S013,beverages,C1537,free_delivery,0.181,1
2024-01-12,S013,snacks,C7879,coupon,0.125,0
2024-01-27,S013,snacks,C7897,discount,0.082,0
2024-02-07,S013,snacks,C6763,discount,0.173,0
2024-02-13,S013,snacks,C7037,discount,0.214,0
2024-02-14,S013,snacks,C5447,discount,0.142,1
2024-02-17,S013,snacks,C1925,discount,0.172,0
2024-02-23,S013,snacks,C2337,coupon,0.155,0
2024-03-08,S013,snacks,C9895,coupon,0.074,0
2024-03-17,S013,snacks,C7062,discount,0.239,0
2024-04-20,S013,snacks,C3872,discount,0.114,0
2024-04-29,S013,snacks,C8010,coupon,0.111,1
2024-05-02,S013,snacks,C5841,discount,0.194,0
2024-05-03,S013,snacks,C5220,discount,0.228,1
2024-05-10,S013,snacks,C2153,discount,0.238,1
2024-05-19,S013,snacks,C2456,discount,0.21,0
2024-05-28,S013,snacks,C4678,coupon,0.261,0
2024-05-31,S013,snacks,C1459,bundle,0.208,1
2024-06-06,S013,snacks,C2974,discount,0.096,0
2024-06-09,S013,snacks,C9488,discount,0.058,1
2024-06-13,S013,snacks,C2144,coupon,0.201,1
2024-06-16,S013,snacks,C9735,coupon,0.194,1
2024-08-03,S013,snacks,C6329,discount,0.256,1
2024-08-05,S013,snacks,C4828,discount,0.05,0
2024-08-09,S013,snacks,C2961,discount,0.242,0
2024-09-17,S013,snacks,C5903,coupon,0.196,0
2024-09-19,S013,snacks,C5412,coupon,0.278,0
2024-09-24,S013,snacks,C3506,discount,0.247,1
2024-10-01,S013,snacks,C1775,bundle,0.219,1
2024-10-04,S013,snacks,C3423,bundle,0.219,0
2024-10-06,S013,snacks,C3741,coupon,0.108,0
2024-10-16,S013,snacks,C7886,bundle,0.141,1
2024-10-19,S013,snacks,C6152,discount,0.225,1
2024-10-23,S013,snacks,C8729,discount,0.157,1
2024-11-09,S013,snacks,C6864,discount,0.249,1
2024-11-19,S013,snacks,C3380,coupon,0.173,1
2024-11-20,S013,snacks,C7863,discount,0.227,1
2024-12-02,S013,snacks,C6456,bundle,0.113,1
2024-12-03,S013,snacks,C2238,discount,0.05,0
2024-12-09,S013,snacks,C1419,bundle,0.228,1
2024-12-19,S013,snacks,C8939,discount,0.146,1
2024-12-24,S013,snacks,C2751,free_delivery,0.165,1
2024-12-25,S013,snacks,C9345,discount,0.263,0
2024-12-28,S013,snacks,C4700,discount,0.222,1
2024-12-29,S013,snacks,C3703,discount,0.228,0
2024-12-31,S013,snacks,C1987,discount,0.242,0
2025-01-06,S013,snacks,C5529,discount,0.221,1
2025-01-26,S013,snacks,C5280,discount,0.208,0
2024-02-09,S013,fresh,C5933,bundle,0.162,1
2024-02-10,S013,fresh,C7500,discount,0.062,0
2024-03-04,S013,fresh,C4460,discount,0.05,0
2024-04-03,S013,fresh,C7568,discount,0.136,0
2024-04-05,S013,fresh,C5298,bundle,0.16,0
2024-04-15,S013,fresh,C5624,coupon,0.125,1
2024-04-23,S013,fresh,C9213,bundle,0.195,0
2024-05-02,S013,fresh,C5234,discount,0.136,0
2024-05-03,S013,fresh,C4580,discount,0.173,0
2024-05-15,S013,fresh,C5350,discount,0.143,1
2024-05-27,S013,fresh,C7306,discount,0.212,0
2024-06-26,S013,fresh,C5010,coupon,0.094,0
2024-07-04,S013,fresh,C1076,free_delivery,0.372,1
2024-07-18,S013,fresh,C4393,coupon,0.151,1
2024-07-21,S013,fresh,C5191,bundle,0.26,0
2024-08-07,S013,fresh,C8675,coupon,0.205,0
2024-08-18,S013,fresh,C5636,discount,0.182,0
2024-08-26,S013,fresh,C3405,discount,0.185,0
2024-09-01,S013,fresh,C8552,discount,0.152,0
2024-09-12,S013,fresh,C1691,discount,0.201,0
2024-09-14,S013,fresh,C9167,bundle,0.16,0
2024-09-15,S013,fresh,C9489,discount,0.272,1
2024-09-17,S013,fresh,C6294,free_delivery,0.188,0
2024-09-23,S013,fresh,C5925,discount,0.257,0
2024-09-27,S013,fresh,C5569,discount,0.129,0
2024-10-05,S013,fresh,C5162,discount,0.215,0
2024-10-10,S013,fresh,C1776,coupon,0.144,1
2024-10-12,S013,fresh,C6461,discount,0.073,1
2024-10-18,S013,fresh,C7685,discount,0.21,0
2024-10-25,S013,fresh,C7747,discount,0.278,0
2024-10-26,S013,fresh,C6341,coupon,0.189,0
2024-11-07,S013,fresh,C1960,bundle,0.247,1
2024-12-30,S013,fresh,C5759,free_delivery,0.19,0
2025-01-10,S013,fresh,C8635,discount,0.196,0
2025-01-24,S013,fresh,C8212,free_delivery,0.247,1
2025-01-26,S013,fresh,C8930,bundle,0.324,1
2024-01-20,S013,household,C7186,coupon,0.114,1
2024-01-24,S013,household,C9308,discount,0.188,0
2024-02-06,S013,household,C8547,free_delivery,0.215,0
2024-02-11,S013,household,C6805,discount,0.121,0
2024-02-14,S013,household,C3839,free_delivery,0.059,1
2024-04-06,S013,household,C9810,discount,0.05,0
2024-04-23,S013,household,C3839,free_delivery,0.191,0
2024-05-07,S013,household,C2226,free_delivery,0.151,1
2024-05-17,S013,household,C8666,discount,0.251,0
2024-05-18,S013,household,C8296,discount,0.201,1
2024-05-28,S013,household,C4901,bundle,0.212,1
2024-06-26,S013,household,C1505,bundle,0.167,0
2024-07-06,S013,household,C6922,free_delivery,0.05,0
2024-07-15,S013,household,C3791,discount,0.147,0
2024-07-16,S013,household,C6813,free_delivery,0.117,1
2024-08-11,S013,household,C9704,coupon,0.113,0
2024-08-17,S013,household,C2256,bundle,0.135,0
2024-08-18,S013,household,C2043,discount,0.177,0
2024-09-08,S013,household,C2378,coupon,0.223,0
2024-09-25,S013,household,C4973,bundle,0.114,1
2024-10-04,S013,household,C7786,coupon,0.178,0
2024-10-16,S013,household,C5037,discount,0.127,0
2024-10-17,S013,household,C7072,discount,0.259,0
2024-10-20,S013,household,C5003,coupon,0.135,1
2024-10-23,S013,household,C3178,discount,0.154,0
2024-11-03,S013,household,C1584,discount,0.05,0
2024-11-19,S013,household,C2442,discount,0.227,0
2024-12-02,S013,household,C2633,discount,0.103,0
2024-12-07,S013,household,C1030,bundle,0.194,0
2024-12-25,S013,household,C7234,discount,0.214,1
2024-12-28,S013,household,C9170,coupon,0.327,0
2025-01-04,S013,household,C3979,discount,0.106,1
2025-01-19,S013,household,C6374,coupon,0.188,1
2025-01-20,S013,household,C6850,discount,0.178,0
2024-01-01,S013,ready_to_eat,C4328,bundle,0.104,1
2024-01-13,S013,ready_to_eat,C1981,free_delivery,0.19,0
2024-01-22,S013,ready_to_eat,C7478,discount,0.122,1
2024-01-25,S013,ready_to_eat,C6476,discount,0.146,0
2024-01-28,S013,ready_to_eat,C3396,coupon,0.171,1
2024-02-14,S013,ready_to_eat,C5640,coupon,0.24,0
2024-03-21,S013,ready_to_eat,C1270,bundle,0.05,0
2024-03-23,S013,ready_to_eat,C7613,discount,0.206,0
2024-04-13,S013,ready_to_eat,C9977,coupon,0.226,0
2024-04-18,S013,ready_to_eat,C2917,bundle,0.274,1
2024-05-08,S013,ready_to_eat,C2712,discount,0.167,1
2024-05-11,S013,ready_to_eat,C5427,discount,0.117,0
2024-05-18,S013,ready_to_eat,C7145,coupon,0.277,0
2024-05-24,S013,ready_to_eat,C5083,discount,0.156,0
2024-06-06,S013,ready_to_eat,C9651,free_delivery,0.172,0
2024-06-22,S013,ready_to_eat,C9656,discount,0.255,0
2024-06-29,S013,ready_to_eat,C1777,discount,0.273,1
2024-07-06,S013,ready_to_eat,C6150,coupon,0.23,0
2024-09-07,S013,ready_to_eat,C9246,free_delivery,0.206,0
2024-09-16,S013,ready_to_eat,C8303,coupon,0.231,1
2024-10-25,S013,ready_to_eat,C9799,coupon,0.184,1
2024-11-15,S013,ready_to_eat,C9122,bundle,0.163,1
2024-11-17,S013,ready_to_eat,C3369,discount,0.13,1
2024-11-19,S013,ready_to_eat,C2336,discount,0.145,0
2024-11-23,S013,ready_to_eat,C4050,discount,0.251,0
2024-11-30,S013,ready_to_eat,C1011,discount,0.212,1
2024-12-28,S013,ready_to_eat,C9030,coupon,0.191,1
2024-12-29,S013,ready_to_eat,C6886,free_delivery,0.277,0
2024-12-30,S013,ready_to_eat,C8138,discount,0.171,0
2024-01-03,S013,personal_care,C7938,coupon,0.271,1
2024-01-22,S013,personal_care,C5201,coupon,0.207,0
2024-01-28,S013,personal_care,C4489,discount,0.091,0
2024-02-03,S013,personal_care,C7053,discount,0.186,0
2024-02-05,S013,personal_care,C5620,discount,0.253,0
2024-02-11,S013,personal_care,C7164,coupon,0.264,0
2024-02-15,S013,personal_care,C1294,bundle,0.263,0
2024-02-25,S013,personal_care,C1776,coupon,0.212,1
2024-02-27,S013,personal_care,C4871,discount,0.085,1
2024-02-29,S013,personal_care,C5956,discount,0.225,1
2024-03-05,S013,personal_care,C1348,coupon,0.247,1
2024-03-12,S013,personal_care,C5332,coupon,0.199,0
2024-05-26,S013,personal_care,C9032,bundle,0.261,0
2024-06-11,S013,personal_care,C2239,discount,0.188,1
2024-08-01,S013,personal_care,C7629,coupon,0.098,0
2024-08-18,S013,personal_care,C7983,free_delivery,0.096,0
2024-09-02,S013,personal_care,C3798,free_delivery,0.108,0
2024-09-17,S013,personal_care,C7203,bundle,0.181,0
2024-09-27,S013,personal_care,C1823,free_delivery,0.22,1
2024-10-11,S013,personal_care,C1919,coupon,0.081,0
2024-10-30,S013,personal_care,C6466,coupon,0.273,0
2024-11-02,S013,personal_care,C2525,discount,0.168,0
2024-11-07,S013,personal_care,C5020,coupon,0.156,0
2024-11-10,S013,personal_care,C7757,discount,0.276,1
2024-11-12,S013,personal_care,C1943,discount,0.149,0
2024-12-19,S013,personal_care,C5637,discount,0.114,0
2025-01-20,S013,personal_care,C9294,discount,0.209,0
2024-01-02,S014,beverages,C7145,bundle,0.155,0
2024-01-06,S014,beverages,C8969,discount,0.134,0
2024-01-18,S014,beverages,C2920,discount,0.153,0
2024-01-21,S014,beverages,C7671,discount,0.327,0
2024-01-29,S014,beverages,C2386,discount,0.329,1
2024-02-02,S014,beverages,C9289,discount,0.232,0
2024-02-14,S014,beverages,C5696,bundle,0.186,0
2024-02-18,S014,beverages,C6662,coupon,0.166,0
2024-02-21,S014,beverages,C9030,bundle,0.065,0
2024-03-04,S014,beverages,C6914,discount,0.267,0
2024-03-06,S014,beverages,C8022,free_delivery,0.127,0
2024-03-13,S014,beverages,C9954,bundle,0.262,0
2024-04-12,S014,beverages,C9621,discount,0.223,0
2024-04-20,S014,beverages,C4949,discount,0.174,1
2024-04-25,S014,beverages,C6572,discount,0.209,0
2024-05-07,S014,beverages,C6484,discount,0.16,0
2024-05-10,S014,beverages,C8612,coupon,0.303,0
2024-05-16,S014,beverages,C3088,discount,0.226,1
2024-05-30,S014,beverages,C2134,bundle,0.174,1
2024-05-31,S014,beverages,C8184,bundle,0.278,1
2024-06-16,S014,beverages,C7291,free_delivery,0.116,0
2024-06-18,S014,beverages,C9287,discount,0.159,0
2024-06-20,S014,beverages,C4992,discount,0.05,0
2024-06-22,S014,beverages,C9855,coupon,0.141,1
2024-06-29,S014,beverages,C3849,discount,0.131,0
2024-06-30,S014,beverages,C1186,discount,0.125,0
2024-07-02,S014,beverages,C6850,discount,0.098,1
2024-07-10,S014,beverages,C4188,discount,0.16,1
2024-07-12,S014,beverages,C6789,coupon,0.081,0
2024-08-06,S014,beverages,C3013,bundle,0.21,1
2024-08-30,S014,beverages,C2314,discount,0.157,1
2024-09-02,S014,beverages,C6877,discount,0.284,0
2024-09-05,S014,beverages,C7907,discount,0.213,0
2024-09-09,S014,beverages,C9182,coupon,0.26,0
2024-09-14,S014,beverages,C8413,discount,0.131,1
2024-09-21,S014,beverages,C1974,bundle,0.281,1
2024-09-22,S014,beverages,C4179,free_delivery,0.101,1
2024-09-26,S014,beverages,C8926,discount,0.146,1
2024-10-10,S014,beverages,C5216,discount,0.125,0
2024-10-31,S014,beverages,C8104,coupon,0.257,1
2024-11-15,S014,beverages,C9274,bundle,0.22,0
2024-11-22,S014,beverages,C4866,coupon,0.137,1
2024-11-23,S014,beverages,C3424,coupon,0.103,0
2024-11-29,S014,beverages,C4614,coupon,0.161,0
2024-12-06,S014,beverages,C9743,coupon,0.195,0
2024-12-11,S014,beverages,C1809,discount,0.09,0
2024-12-19,S014,beverages,C5078,free_delivery,0.181,0
2024-12-24,S014,beverages,C6585,discount,0.127,1
2024-12-27,S014,beverages,C3423,coupon,0.131,0
2025-01-01,S014,beverages,C5108,discount,0.05,0
2025-01-18,S014,beverages,C3346,discount,0.278,0
2025-01-25,S014,beverages,C5387,discount,0.331,1
2024-01-08,S014,snacks,C7628,free_delivery,0.199,0
2024-01-10,S014,snacks,C1640,discount,0.21,0
2024-01-11,S014,snacks,C5721,bundle,0.171,1
2024-01-13,S014,snacks,C2232,coupon,0.205,1
2024-01-21,S014,snacks,C6444,discount,0.138,1
2024-01-23,S014,snacks,C9447,discount,0.062,1
2024-01-26,S014,snacks,C9313,coupon,0.29,1
2024-02-02,S014,snacks,C8441,discount,0.241,1
2024-02-03,S014,snacks,C2240,discount,0.135,0
2024-02-13,S014,snacks,C1998,coupon,0.055,0
2024-02-14,S014,snacks,C8416,bundle,0.166,1
2024-03-13,S014,snacks,C5452,discount,0.179,1
2024-03-14,S014,snacks,C8262,coupon,0.167,0
2024-03-16,S014,snacks,C7431,discount,0.058,1
2024-03-17,S014,snacks,C1978,coupon,0.132,1
2024-03-19,S014,snacks,C6241,discount,0.213,1
2024-03-21,S014,snacks,C3378,coupon,0.158,0
2024-03-23,S014,snacks,C2816,discount,0.147,0
2024-04-11,S014,snacks,C4160,discount,0.083,0
2024-04-16,S014,snacks,C2925,discount,0.069,1
2024-04-29,S014,snacks,C4423,coupon,0.211,1
2024-05-02,S014,snacks,C8380,discount,0.324,1
2024-05-05,S014,snacks,C4279,coupon,0.221,1
2024-05-06,S014,snacks,C1401,discount,0.264,1
2024-05-08,S014,snacks,C3858,free_delivery,0.128,0
2024-05-09,S014,snacks,C4295,discount,0.37,0
2024-05-18,S014,snacks,C2724,discount,0.05,1
2024-05-21,S014,snacks,C7820,bundle,0.076,0
2024-05-30,S014,snacks,C1649,coupon,0.228,0
2024-06-15,S014,snacks,C7651,discount,0.237,1
2024-06-27,S014,snacks,C5904,bundle,0.155,0
2024-07-01,S014,snacks,C9401,free_delivery,0.212,0
2024-07-02,S014,snacks,C5874,free_delivery,0.173,0
2024-07-23,S014,snacks,C7021,free_delivery,0.165,0
2024-07-30,S014,snacks,C5824,coupon,0.245,1
2024-08-10,S014,snacks,C8253,discount,0.295,1
2024-08-13,S014,snacks,C1526,coupon,0.111,0
2024-09-02,S014,snacks,C2862,coupon,0.304,0
2024-09-14,S014,snacks,C9191,free_delivery,0.09,0
2024-09-16,S014,snacks,C2961,free_delivery,0.151,1
2024-09-20,S014,snacks,C3735,bundle,0.18,1
2024-10-03,S014,snacks,C4086,free_delivery,0.238,0
2024-10-06,S014,snacks,C4467,discount,0.178,0
2024-10-08,S014,snacks,C2010,bundle,0.199,0
2024-10-11,S014,snacks,C6627,discount,0.05,1
2024-11-14,S014,snacks,C1012,free_delivery,0.142,1
2024-11-15,S014,snacks,C8526,discount,0.162,0
2024-11-17,S014,snacks,C6635,discount,0.166,0
2024-11-25,S014,snacks,C2435,bundle,0.18,1
2024-12-06,S014,snacks,C3275,discount,0.137,0
2024-12-07,S014,snacks,C8489,discount,0.32,0
2024-12-09,S014,snacks,C9580,bundle,0.182,0
2024-12-13,S014,snacks,C2846,coupon,0.191,1
2024-12-14,S014,snacks,C1061,coupon,0.209,0
2024-12-20,S014,snacks,C5029,free_delivery,0.164,0
2024-12-27,S014,snacks,C2731,free_delivery,0.192,1
2024-12-31,S014,snacks,C1148,coupon,0.242,1
2025-01-06,S014,snacks,C5397,free_delivery,0.178,0
2025-01-21,S014,snacks,C8965,free_delivery,0.169,0
2025-01-24,S014,snacks,C1202,coupon,0.276,1
2025-01-27,S014,snacks,C5329,discount,0.143,1
2024-01-07,S014,fresh,C4482,discount,0.17,0
2024-01-20,S014,fresh,C3337,bundle,0.197,0
2024-01-21,S014,fresh,C9457,free_delivery,0.277,0
2024-01-23,S014,fresh,C5661,bundle,0.05,1
2024-02-04,S014,fresh,C5611,discount,0.142,1
2024-02-17,S014,fresh,C8753,discount,0.131,0
2024-03-03,S014,fresh,C1227,bundle,0.171,1
2024-03-07,S014,fresh,C9767,coupon,0.106,0
2024-03-14,S014,fresh,C8035,coupon,0.236,0
2024-03-15,S014,fresh,C7251,bundle,0.18,0
2024-03-27,S014,fresh,C5386,coupon,0.207,1
2024-03-30,S014,fresh,C6562,bundle,0.215,0
2024-05-17,S014,fresh,C1871,free_delivery,0.162,1
2024-05-18,S014,fresh,C1873,discount,0.1,0
2024-05-20,S014,fresh,C4239,discount,0.188,0
2024-06-07,S014,fresh,C4578,bundle,0.172,0
2024-06-10,S014,fresh,C6437,free_delivery,0.135,1
2024-06-23,S014,fresh,C6604,discount,0.119,0
2024-06-26,S014,fresh,C9645,bundle,0.05,0
2024-06-28,S014,fresh,C3753,discount,0.172,1
2024-07-05,S014,fresh,C2495,bundle,0.114,1
2024-07-09,S014,fresh,C2252,discount,0.21,1
2024-07-18,S014,fresh,C8007,discount,0.192,0
2024-07-20,S014,fresh,C6723,bundle,0.13,0
2024-08-05,S014,fresh,C6146,discount,0.106,1
2024-08-07,S014,fresh,C2194,coupon,0.071,1
2024-08-16,S014,fresh,C5111,discount,0.154,0
2024-08-28,S014,fresh,C9383,discount,0.104,0
2024-09-11,S014,fresh,C8138,discount,0.156,0
2024-09-15,S014,fresh,C1499,free_delivery,0.203,1
2024-09-21,S014,fresh,C3074,discount,0.133,0
2024-09-25,S014,fresh,C1896,discount,0.166,0
2024-10-03,S014,fresh,C1004,coupon,0.194,1
2024-10-28,S014,fresh,C2229,bundle,0.271,0
2024-10-30,S014,fresh,C7635,coupon,0.276,0
2024-11-05,S014,fresh,C7861,coupon,0.225,0
2024-12-08,S014,fresh,C2145,free_delivery,0.176,1
2024-12-13,S014,fresh,C9628,discount,0.083,0
2025-01-12,S014,fresh,C6194,discount,0.206,0
2025-01-20,S014,fresh,C9445,bundle,0.214,1
2024-01-19,S014,household,C9267,bundle,0.145,1
2024-01-22,S014,household,C9223,discount,0.173,1
2024-01-26,S014,household,C3743,discount,0.233,0
2024-02-16,S014,household,C3198,discount,0.144,0
2024-02-18,S014,household,C5030,coupon,0.135,0
2024-02-20,S014,household,C9695,discount,0.189,1
2024-03-28,S014,household,C8841,bundle,0.098,1
2024-05-19,S014,household,C1262,coupon,0.139,0
2024-05-29,S014,household,C5805,discount,0.128,0
2024-07-16,S014,household,C1890,discount,0.175,1
2024-08-21,S014,household,C7299,coupon,0.258,0
2024-09-22,S014,household,C4046,discount,0.162,1
2024-10-02,S014,household,C3756,coupon,0.083,1
2024-10-03,S014,household,C6860,bundle,0.18,0
2024-10-06,S014,household,C9493,discount,0.158,1
2024-10-23,S014,household,C1189,coupon,0.162,1
2024-10-26,S014,household,C2697,free_delivery,0.248,0
2025-01-19,S014,household,C5708,discount,0.184,0
2024-01-06,S014,ready_to_eat,C7907,free_delivery,0.235,0
2024-01-10,S014,ready_to_eat,C7333,discount,0.207,0
2024-01-16,S014,ready_to_eat,C4724,bundle,0.146,0
2024-01-24,S014,ready_to_eat,C8713,coupon,0.232,0
2024-01-27,S014,ready_to_eat,C6458,discount,0.182,0
2024-01-29,S014,ready_to_eat,C4237,discount,0.274,0
2024-02-10,S014,ready_to_eat,C9054,coupon,0.113,0
2024-02-11,S014,ready_to_eat,C2246,free_delivery,0.285,0
2024-02-20,S014,ready_to_eat,C1165,coupon,0.347,0
2024-02-26,S014,ready_to_eat,C4396,bundle,0.169,0
2024-03-21,S014,ready_to_eat,C1176,free_delivery,0.087,1
2024-03-22,S014,ready_to_eat,C7401,discount,0.05,0
2024-04-08,S014,ready_to_eat,C6164,discount,0.109,1
2024-04-09,S014,ready_to_eat,C5510,coupon,0.243,1
2024-04-10,S014,ready_to_eat,C1327,bundle,1.2,0
2024-04-17,S014,ready_to_eat,C9408,coupon,0.297,1
2024-04-20,S014,ready_to_eat,C6178,coupon,0.087,1
2024-04-25,S014,ready_to_eat,C5162,bundle,0.125,0
2024-04-26,S014,ready_to_eat,C6999,free_delivery,0.197,1
2024-05-04,S014,ready_to_eat,C4357,discount,0.178,0
2024-05-16,S014,ready_to_eat,C1216,free_delivery,0.132,0
2024-05-21,S014,ready_to_eat,C1822,discount,0.214,0
2024-06-06,S014,ready_to_eat,C3778,discount,0.05,1
2024-06-08,S014,ready_to_eat,C3282,discount,0.133,1
2024-06-13,S014,ready_to_eat,C4671,discount,0.091,0
2024-06-18,S014,ready_to_eat,C9877,coupon,0.111,0
2024-06-25,S014,ready_to_eat,C2137,free_delivery,0.15,0
2024-06-29,S014,ready_to_eat,C3439,coupon,0.186,0
2024-07-02,S014,ready_to_eat,C9515,free_delivery,0.129,0
2024-07-03,S014,ready_to_eat,C2673,discount,0.207,1
2024-07-04,S014,ready_to_eat,C5875,coupon,0.126,0
2024-07-05,S014,ready_to_eat,C4071,bundle,0.267,1
2024-07-25,S014,ready_to_eat,C2580,discount,0.216,1
2024-08-01,S014,ready_to_eat,C3195,discount,0.144,1
2024-08-06,S014,ready_to_eat,C2176,discount,0.154,0
2024-08-20,S014,ready_to_eat,C5529,discount,0.139,1
2024-08-22,S014,ready_to_eat,C7067,discount,0.19,0
2024-08-25,S014,ready_to_eat,C4376,discount,0.173,1
2024-09-22,S014,ready_to_eat,C6594,bundle,0.175,1
2024-10-15,S014,ready_to_eat,C7296,coupon,0.248,1
2024-10-19,S014,ready_to_eat,C2288,bundle,0.112,1
2024-10-22,S014,ready_to_eat,C2333,free_delivery,0.194,0
2024-11-09,S014,ready_to_eat,C7587,discount,0.212,0
2024-11-17,S014,ready_to_eat,C1282,discount,0.086,1
2024-11-22,S014,ready_to_eat,C9067,discount,0.253,0
2024-11-23,S014,ready_to_eat,C3513,discount,0.152,1
2024-12-04,S014,ready_to_eat,C4145,discount,0.097,0
2024-12-08,S014,ready_to_eat,C3124,bundle,0.271,0
2024-12-13,S014,ready_to_eat,C7371,discount,0.111,0
2024-12-20,S014,ready_to_eat,C1056,coupon,0.147,0
2024-12-28,S014,ready_to_eat,C1314,bundle,0.105,1
2024-12-29,S014,ready_to_eat,C4831,coupon,0.234,0
2025-01-03,S014,ready_to_eat,C9895,free_delivery,0.179,0
2025-01-05,S014,ready_to_eat,C4224,coupon,0.184,0
2025-01-16,S014,ready_to_eat,C2606,free_delivery,0.113,0
2024-01-03,S014,personal_care,C7191,bundle,0.265,1
2024-01-04,S014,personal_care,C4495,bundle,0.074,0
2024-01-13,S014,personal_care,C2789,free_delivery,0.202,0
2024-01-27,S014,personal_care,C3004,free_delivery,0.138,0
2024-02-09,S014,personal_care,C8316,bundle,0.182,1
2024-02-23,S014,personal_care,C4920,coupon,0.075,0
2024-03-17,S014,personal_care,C6545,free_delivery,0.275,0
2024-04-02,S014,personal_care,C7810,bundle,0.207,0
2024-05-12,S014,personal_care,C4204,discount,0.195,1
2024-05-16,S014,personal_care,C9877,discount,0.317,0
2024-05-19,S014,personal_care,C2657,discount,0.297,0
2024-05-28,S014,personal_care,C5636,bundle,0.249,1
2024-06-20,S014,personal_care,C1719,coupon,0.214,1
2024-07-10,S014,personal_care,C4441,coupon,0.216,0
2024-07-17,S014,personal_care,C1496,discount,0.189,1
2024-07-21,S014,personal_care,C3911,bundle,0.348,0
2024-08-24,S014,personal_care,C1036,coupon,0.08,1
2024-09-13,S014,personal_care,C1845,coupon,0.174,1
2024-09-14,S014,personal_care,C7716,free_delivery,0.314,0
2024-09-18,S014,personal_care,C7932,coupon,0.108,0
2024-09-19,S014,personal_care,C4395,discount,0.133,0
2024-09-24,S014,personal_care,C9136,coupon,0.149,1
2024-09-26,S014,personal_care,C8131,discount,0.153,1
2024-10-02,S014,personal_care,C2865,discount,0.214,0
2024-10-06,S014,personal_care,C7838,discount,0.183,0
2024-10-15,S014,personal_care,C7707,discount,0.157,0
2024-10-19,S014,personal_care,C4494,free_delivery,0.232,1
2024-10-21,S014,personal_care,C6809,free_delivery,0.257,1
2024-10-24,S014,personal_care,C7223,discount,0.098,0
2024-11-12,S014,personal_care,C3862,free_delivery,0.06,0
2024-12-08,S014,personal_care,C5148,coupon,0.122,1
2024-12-26,S014,personal_care,C9971,discount,0.175,0
2024-12-28,S014,personal_care,C3044,bundle,0.158,0
2025-01-26,S014,personal_care,C1212,discount,0.108,0
2024-01-07,S015,beverages,C3874,discount,0.246,1
2024-01-14,S015,beverages,C1841,bundle,0.146,1
2024-01-16,S015,beverages,C2328,coupon,0.166,1
2024-01-21,S015,beverages,C9769,free_delivery,0.154,0
2024-01-23,S015,beverages,C4164,bundle,0.212,1
2024-01-31,S015,beverages,C4024,coupon,0.195,0
2024-02-03,S015,beverages,C6124,discount,0.067,0
2024-02-04,S015,beverages,C4920,discount,0.263,0
2024-02-11,S015,beverages,C5710,bundle,0.345,1
2024-02-24,S015,beverages,C7433,coupon,0.105,0
2024-02-28,S015,beverages,C9096,discount,0.114,1
2024-03-07,S015,beverages,C4744,bundle,0.2,1
2024-03-08,S015,beverages,C8792,discount,0.311,0
2024-03-16,S015,beverages,C5129,discount,0.054,0
2024-03-24,S015,beverages,C3580,coupon,0.25,1
2024-03-25,S015,beverages,C8240,discount,0.207,0
2024-03-26,S015,beverages,C9132,coupon,0.241,0
2024-03-28,S015,beverages,C8373,discount,0.195,0
2024-04-12,S015,beverages,C5666,discount,0.251,0
2024-04-17,S015,beverages,C2290,bundle,0.14,1
2024-04-22,S015,beverages,C7413,bundle,0.094,1
2024-05-03,S015,beverages,C5761,free_delivery,0.063,0
2024-05-05,S015,beverages,C7337,free_delivery,0.206,1
2024-05-21,S015,beverages,C2763,free_delivery,0.148,1
2024-05-22,S015,beverages,C6661,coupon,0.194,0
2024-05-28,S015,beverages,C6143,discount,0.197,0
2024-06-04,S015,beverages,C3070,free_delivery,0.146,1
2024-06-10,S015,beverages,C9647,free_delivery,0.251,1
2024-07-06,S015,beverages,C4328,discount,0.136,1
2024-07-19,S015,beverages,C1287,coupon,0.158,0
2024-07-27,S015,beverages,C6095,coupon,0.127,1
2024-08-12,S015,beverages,C3014,discount,0.294,0
2024-08-14,S015,beverages,C2222,discount,0.212,0
2024-08-23,S015,beverages,C9906,bundle,0.243,1
2024-08-30,S015,beverages,C7627,discount,0.149,0
2024-09-04,S015,beverages,C2996,discount,0.205,1
2024-09-15,S015,beverages,C7628,discount,0.269,0
2024-09-23,S015,beverages,C8406,coupon,0.167,0
2024-09-29,S015,beverages,C6670,free_delivery,0.225,0
2024-10-09,S015,beverages,C5930,discount,0.206,1
2024-10-17,S015,beverages,C6413,discount,0.116,0
2024-10-19,S015,beverages,C2905,discount,0.23,1
2024-11-05,S015,beverages,C3242,bundle,0.122,0
2024-11-10,S015,beverages,C2539,free_delivery,0.151,1
2024-11-19,S015,beverages,C8471,discount,0.224,1
2024-11-21,S015,beverages,C7760,discount,0.194,0
2024-12-04,S015,beverages,C1989,coupon,0.239,1
2024-12-29,S015,beverages,C9886,discount,0.305,1
2025-01-02,S015,beverages,C7457,discount,0.062,0
2025-01-12,S015,beverages,C5604,free_delivery,0.258,1
2025-01-14,S015,beverages,C6212,free_delivery,0.133,0
2025-01-16,S015,beverages,C6039,discount,0.235,1
2024-01-04,S015,snacks,C8139,free_delivery,0.215,1
2024-01-12,S015,snacks,C9144,discount,0.187,1
2024-01-19,S015,snacks,C3480,discount,0.186,1
2024-01-28,S015,snacks,C6188,discount,0.387,0
2024-02-13,S015,snacks,C3147,bundle,0.252,0
2024-02-20,S015,snacks,C3546,bundle,0.175,0
2024-02-21,S015,snacks,C7410,discount,0.15,0
2024-02-27,S015,snacks,C8231,bundle,0.254,0
2024-02-29,S015,snacks,C8392,discount,0.176,0
2024-03-08,S015,snacks,C3713,bundle,0.159,1
2024-03-14,S015,snacks,C3518,coupon,0.215,0
2024-03-16,S015,snacks,C7734,coupon,0.148,1
2024-03-24,S015,snacks,C6255,discount,0.189,0
2024-03-26,S015,snacks,C6969,coupon,0.206,0
2024-04-01,S015,snacks,C4005,coupon,0.104,0
2024-04-06,S015,snacks,C8527,discount,0.254,1
2024-04-08,S015,snacks,C5514,coupon,0.108,0
2024-04-09,S015,snacks,C6929,free_delivery,0.064,0
2024-04-20,S015,snacks,C4112,coupon,0.186,0
2024-04-30,S015,snacks,C3771,free_delivery,0.253,1
2024-05-03,S015,snacks,C3890,free_delivery,0.137,0
2024-05-05,S015,snacks,C3662,discount,0.172,1
2024-05-09,S015,snacks,C2244,discount,0.184,0
2024-05-18,S015,snacks,C5934,discount,0.084,0
2024-06-08,S015,snacks,C2273,free_delivery,0.228,0
2024-06-09,S015,snacks,C1528,discount,0.287,0
2024-06-19,S015,snacks,C3342,coupon,0.127,1
2024-06-26,S015,snacks,C5099,discount,0.079,0
2024-07-04,S015,snacks,C6356,discount,0.238,1
2024-07-08,S015,snacks,C4211,discount,0.133,0
2024-07-17,S015,snacks,C6016,discount,0.244,0
2024-07-22,S015,snacks,C6512,discount,0.121,1
2024-07-29,S015,snacks,C9190,free_delivery,0.203,1
2024-08-04,S015,snacks,C6462,bundle,0.084,0
2024-08-05,S015,snacks,C4001,discount,0.055,0
2024-08-06,S015,snacks,C8942,discount,0.197,1
2024-08-07,S015,snacks,C1968,discount,0.125,1
2024-08-13,S015,snacks,C9012,discount,0.13,1
2024-08-14,S015,snacks,C4650,coupon,0.139,1
2024-08-20,S015,snacks,C2689,coupon,0.183,0
2024-08-22,S015,snacks,C8621,bundle,0.199,1
2024-09-18,S015,snacks,C1289,free_delivery,0.107,0
2024-09-19,S015,snacks,C4518,discount,0.228,0
2024-09-24,S015,snacks,C7214,coupon,0.242,0
2024-10-08,S015,snacks,C4126,free_delivery,0.208,1
2024-10-19,S015,snacks,C6205,coupon,0.223,0
2024-10-26,S015,snacks,C5538,discount,0.153,1
2024-10-27,S015,snacks,C6039,discount,0.257,1
2024-11-20,S015,snacks,C6598,discount,0.2,0
2024-11-25,S015,snacks,C8131,discount,0.246,1
2024-12-14,S015,snacks,C7815,coupon,0.235,1
2024-12-16,S015,snacks,C6827,coupon,0.09,1
2024-12-21,S015,snacks,C4969,discount,0.179,0
2024-12-28,S015,snacks,C8864,coupon,0.05,0
2025-01-03,S015,snacks,C6083,coupon,0.207,0
2025-01-08,S015,snacks,C9400,coupon,0.225,1
2025-01-17,S015,snacks,C3863,free_delivery,0.227,1
2025-01-23,S015,snacks,C9195,discount,0.23,1
2024-01-01,S015,fresh,C1938,discount,0.234,0
2024-01-13,S015,fresh,C5170,discount,0.328,0
2024-01-21,S015,fresh,C1062,coupon,0.114,1
2024-02-10,S015,fresh,C7494,bundle,0.186,0
2024-03-24,S015,fresh,C4196,discount,0.174,1
2024-04-06,S015,fresh,C1862,discount,0.204,1
2024-04-09,S015,fresh,C8179,discount,0.163,0
2024-04-11,S015,fresh,C7418,discount,0.133,0
2024-05-01,S015,fresh,C5369,discount,0.196,0
2024-05-02,S015,fresh,C5551,coupon,0.064,0
2024-05-03,S015,fresh,C9619,coupon,0.168,0
2024-05-05,S015,fresh,C5587,discount,0.121,0
2024-05-14,S015,fresh,C7121,discount,0.155,1
2024-05-18,S015,fresh,C9876,discount,0.241,0
2024-05-30,S015,fresh,C6063,free_delivery,0.29,0
2024-06-09,S015,fresh,C9665,bundle,0.101,1
2024-06-10,S015,fresh,C5832,free_delivery,0.16,1
2024-06-16,S015,fresh,C1088,discount,0.187,1
2024-06-17,S015,fresh,C3935,coupon,0.255,0
2024-07-03,S015,fresh,C1975,discount,0.221,0
2024-07-16,S015,fresh,C3472,discount,0.169,0
2024-07-24,S015,fresh,C4837,bundle,0.158,0
2024-08-11,S015,fresh,C2222,bundle,0.135,0
2024-08-12,S015,fresh,C1356,bundle,0.09,0
2024-08-25,S015,fresh,C6228,discount,0.198,1
2024-09-02,S015,fresh,C2357,free_delivery,0.159,0
2024-09-08,S015,fresh,C5386,discount,0.268,0
2024-09-15,S015,fresh,C6376,bundle,0.05,0
2024-09-27,S015,fresh,C4533,free_delivery,0.31,1
2024-10-11,S015,fresh,C2979,bundle,0.357,1
2024-10-23,S015,fresh,C5749,discount,0.136,0
2024-10-26,S015,fresh,C9771,coupon,0.123,0
2024-11-09,S015,fresh,C9070,bundle,0.272,1
2024-11-17,S015,fresh,C4264,free_delivery,0.182,0
2024-12-08,S015,fresh,C6788,discount,0.188,1
2024-12-22,S015,fresh,C8398,discount,0.249,1
2024-12-26,S015,fresh,C6694,free_delivery,0.087,1
2025-01-14,S015,fresh,C3389,coupon,0.262,1
2025-01-17,S015,fresh,C8237,coupon,0.075,0
2024-01-14,S015,household,C8302,bundle,0.198,0
2024-01-21,S015,household,C6104,discount,0.165,0
2024-02-03,S015,household,C4018,discount,0.308,1
2024-02-13,S015,household,C6480,discount,0.318,1
2024-02-15,S015,household,C9483,discount,0.252,0
2024-03-17,S015,household,C8907,discount,0.05,0
2024-03-30,S015,household,C7155,discount,0.232,0
2024-05-01,S015,household,C5282,discount,0.129,1
2024-05-05,S015,household,C6878,bundle,0.301,0
2024-05-08,S015,household,C5023,discount,0.219,0
2024-05-16,S015,household,C1762,bundle,0.109,0
2024-05-18,S015,household,C2636,free_delivery,0.175,0
2024-05-26,S015,household,C4462,coupon,0.335,0
2024-06-03,S015,household,C7035,discount,0.242,1
2024-06-04,S015,household,C5252,discount,0.266,1
2024-07-05,S015,household,C8241,discount,0.26,0
2024-07-12,S015,household,C9102,discount,0.127,0
2024-07-17,S015,household,C1660,coupon,0.08,0
2024-08-06,S015,household,C3088,discount,0.134,0
2024-09-02,S015,household,C8953,discount,0.098,1
2024-09-16,S015,household,C2950,discount,0.205,0
2024-09-23,S015,household,C2749,bundle,0.102,0
2024-09-29,S015,household,C5794,discount,0.195,1
2024-10-24,S015,household,C1148,coupon,0.153,0
2024-11-02,S015,household,C7709,discount,0.092,1
2024-12-29,S015,household,C8127,coupon,0.275,1
2025-01-01,S015,household,C4889,discount,0.152,0
2025-01-21,S015,household,C2897,bundle,0.102,0
2025-01-25,S015,household,C8911,coupon,0.315,1
2025-01-26,S015,household,C3840,discount,0.143,1
2024-01-06,S015,ready_to_eat,C7755,discount,0.076,0
2024-01-24,S015,ready_to_eat,C8405,discount,0.242,0
2024-02-10,S015,ready_to_eat,C5051,coupon,0.169,0
2024-02-14,S015,ready_to_eat,C1416,free_delivery,0.05,0
2024-02-20,S015,ready_to_eat,C3297,bundle,0.224,1
2024-02-21,S015,ready_to_eat,C8226,coupon,0.186,0
2024-02-27,S015,ready_to_eat,C6944,coupon,0.291,1
2024-03-11,S015,ready_to_eat,C1300,discount,0.234,1
2024-03-16,S015,ready_to_eat,C5170,bundle,0.108,0
2024-03-17,S015,ready_to_eat,C3305,coupon,0.244,1
2024-04-04,S015,ready_to_eat,C9615,free_delivery,0.119,0
2024-04-06,S015,ready_to_eat,C8919,discount,0.183,0
2024-04-10,S015,ready_to_eat,C8117,coupon,0.056,1
2024-04-20,S015,ready_to_eat,C2935,coupon,0.251,0
2024-05-11,S015,ready_to_eat,C5421,coupon,0.146,1
2024-05-14,S015,ready_to_eat,C8759,discount,0.222,1
2024-05-23,S015,ready_to_eat,C2864,coupon,0.086,0
2024-06-06,S015,ready_to_eat,C5606,discount,0.198,0
2024-06-13,S015,ready_to_eat,C7551,discount,0.155,1
2024-06-23,S015,ready_to_eat,C2424,coupon,0.229,1
2024-06-24,S015,ready_to_eat,C2660,discount,0.196,1
2024-06-25,S015,ready_to_eat,C2031,bundle,0.3,1
2024-07-10,S015,ready_to_eat,C8499,discount,0.267,0
2024-07-17,S015,ready_to_eat,C9193,coupon,0.233,1
2024-07-24,S015,ready_to_eat,C8905,coupon,0.223,0
2024-08-07,S015,ready_to_eat,C7646,discount,0.05,0
2024-08-22,S015,ready_to_eat,C3959,discount,0.189,1
2024-08-24,S015,ready_to_eat,C4478,discount,0.177,0
2024-09-02,S015,ready_to_eat,C6025,discount,0.142,1
2024-09-03,S015,ready_to_eat,C9787,discount,0.257,0
2024-09-15,S015,ready_to_eat,C1493,discount,0.059,0
2024-10-06,S015,ready_to_eat,C5995,bundle,0.145,0
2024-10-12,S015,ready_to_eat,C4788,free_delivery,0.117,0
2024-10-28,S015,ready_to_eat,C5613,discount,0.261,0
2024-11-06,S015,ready_to_eat,C6012,bundle,0.265,0
2024-11-20,S015,ready_to_eat,C3245,free_delivery,0.156,1
2024-11-23,S015,ready_to_eat,C5923,discount,0.223,0
2024-11-26,S015,ready_to_eat,C6425,free_delivery,0.158,1
2024-12-11,S015,ready_to_eat,C9511,coupon,0.198,0
2024-12-21,S015,ready_to_eat,C7750,discount,0.217,1
2024-12-25,S015,ready_to_eat,C5185,bundle,0.271,0
2024-12-27,S015,ready_to_eat,C2482,discount,0.184,0
2025-01-04,S015,ready_to_eat,C3325,discount,0.194,1
2025-01-15,S015,ready_to_eat,C3471,coupon,0.243,0
2025-01-26,S015,ready_to_eat,C7659,discount,0.116,0
2024-01-06,S015,personal_care,C2107,free_delivery,0.067,0
2024-01-13,S015,personal_care,C8922,discount,0.21,0
2024-02-04,S015,personal_care,C4914,coupon,0.233,0
2024-02-05,S015,personal_care,C8352,discount,0.213,0
2024-02-23,S015,personal_care,C3541,coupon,0.149,1
2024-03-02,S015,personal_care,C1663,discount,0.188,1
2024-03-04,S015,personal_care,C2470,discount,0.171,1
2024-03-31,S015,personal_care,C5632,discount,1.2,1
2024-04-06,S015,personal_care,C6175,discount,0.161,0
2024-04-15,S015,personal_care,C9841,coupon,0.153,0
2024-05-23,S015,personal_care,C3078,discount,0.172,0
2024-06-04,S015,personal_care,C2021,discount,0.22,1
2024-06-11,S015,personal_care,C8407,discount,0.107,0
2024-06-29,S015,personal_care,C4130,discount,0.111,1
2024-07-02,S015,personal_care,C4909,discount,0.107,1
2024-07-17,S015,personal_care,C3786,discount,0.313,0
2024-07-20,S015,personal_care,C5666,bundle,0.197,1
2024-07-28,S015,personal_care,C8258,coupon,0.177,1
2024-08-02,S015,personal_care,C3041,discount,0.118,0
2024-08-08,S015,personal_care,C8360,discount,0.09,0
2024-08-11,S015,personal_care,C2897,bundle,0.134,0
2024-09-05,S015,personal_care,C5001,free_delivery,0.221,0
2024-09-20,S015,personal_care,C3549,discount,0.256,1
2024-09-22,S015,personal_care,C6668,free_delivery,0.199,1
2024-10-01,S015,personal_care,C6102,free_delivery,0.2,0
2024-10-04,S015,personal_care,C8717,coupon,0.247,1
2024-10-20,S015,personal_care,C2653,bundle,0.199,0
2025-01-09,S015,personal_care,C5716,free_delivery,0.144,0
2025-01-20,S015,personal_care,C7783,coupon,0.265,0
2024-01-05,S016,beverages,C6807,discount,0.311,0
2024-01-06,S016,beverages,C1465,free_delivery,0.142,1
2024-01-07,S016,beverages,C7272,bundle,0.195,0
2024-01-08,S016,beverages,C4626,free_delivery,0.084,0
2024-01-13,S016,beverages,C9084,bundle,0.118,1
2024-01-16,S016,beverages,C7488,coupon,0.151,1
2024-01-21,S016,beverages,C8312,bundle,0.175,0
2024-01-24,S016,beverages,C6460,discount,0.156,1
2024-02-20,S016,beverages,C2537,discount,0.258,0
2024-02-21,S016,beverages,C3100,bundle,0.2,0
2024-02-25,S016,beverages,C8266,coupon,0.183,0
2024-03-15,S016,beverages,C1261,coupon,0.077,1
2024-03-20,S016,beverages,C1024,discount,0.17,1
2024-03-22,S016,beverages,C1542,discount,0.184,0
2024-03-28,S016,beverages,C5121,discount,0.099,0
2024-04-02,S016,beverages,C7156,bundle,0.321,1
2024-04-05,S016,beverages,C4763,discount,0.258,1
2024-04-09,S016,beverages,C8567,discount,0.096,0
2024-04-20,S016,beverages,C2062,discount,0.05,1
2024-04-23,S016,beverages,C2353,discount,0.2,0
2024-04-26,S016,beverages,C5567,coupon,0.215,0
2024-05-01,S016,beverages,C1966,coupon,0.168,1
2024-05-04,S016,beverages,C7528,coupon,0.224,1
2024-05-05,S016,beverages,C6401,free_delivery,0.321,1
2024-05-24,S016,beverages,C4802,free_delivery,0.213,0
2024-06-14,S016,beverages,C2849,discount,0.203,0
2024-06-15,S016,beverages,C2391,coupon,0.156,1
2024-06-25,S016,beverages,C3091,bundle,0.124,1
2024-07-23,S016,beverages,C5404,discount,0.258,1
2024-07-25,S016,beverages,C3570,discount,0.201,0
2024-08-05,S016,beverages,C2317,bundle,0.116,1
2024-08-06,S016,beverages,C9127,coupon,0.086,0
2024-08-08,S016,beverages,C6538,discount,0.114,1
2024-08-11,S016,beverages,C8136,free_delivery,0.21,0
2024-08-17,S016,beverages,C2056,discount,0.139,0
2024-08-21,S016,beverages,C6406,bundle,0.05,1
2024-08-23,S016,beverages,C4359,discount,0.1,0
2024-08-26,S016,beverages,C3138,coupon,0.094,0
2024-09-09,S016,beverages,C7284,free_delivery,0.229,1
2024-09-15,S016,beverages,C1365,coupon,0.113,0
2024-09-20,S016,beverages,C5251,discount,0.05,0
2024-09-22,S016,beverages,C6056,discount,0.059,1
2024-09-29,S016,beverages,C9431,discount,0.219,0
2024-10-09,S016,beverages,C7382,discount,0.215,0
2024-10-12,S016,beverages,C7398,coupon,0.194,1
2024-10-17,S016,beverages,C1940,coupon,0.173,0
2024-10-22,S016,beverages,C3546,coupon,0.05,0
2024-10-26,S016,beverages,C7009,free_delivery,0.247,1
2024-10-27,S016,beverages,C2249,bundle,0.238,1
2024-10-31,S016,beverages,C2776,discount,0.292,1
2024-11-04,S016,beverages,C2964,bundle,0.189,0
2024-11-06,S016,beverages,C3166,discount,0.163,0
2024-11-16,S016,beverages,C4935,coupon,0.236,1
2024-11-18,S016,beverages,C2137,coupon,0.225,1
2024-11-21,S016,beverages,C9554,coupon,0.05,1
2024-11-28,S016,beverages,C6495,coupon,0.192,0
2024-11-30,S016,beverages,C1967,free_delivery,0.09,0
2024-12-03,S016,beverages,C1921,discount,0.263,0
2024-12-07,S016,beverages,C6585,discount,0.224,0
2024-12-11,S016,beverages,C8864,coupon,0.187,0
2025-01-14,S016,beverages,C8277,discount,0.182,0
2025-01-20,S016,beverages,C8657,coupon,0.185,1
2025-01-21,S016,beverages,C4229,discount,0.211,1
2025-01-23,S016,beverages,C4957,coupon,0.158,1
2024-01-01,S016,snacks,C1999,discount,0.256,0
2024-01-04,S016,snacks,C3476,discount,0.063,1
2024-01-10,S016,snacks,C9395,bundle,0.05,0
2024-01-23,S016,snacks,C3192,discount,0.125,0
2024-01-24,S016,snacks,C3191,discount,0.213,1
2024-01-27,S016,snacks,C4014,free_delivery,0.17,0
2024-02-12,S016,snacks,C4886,discount,0.207,0
2024-02-13,S016,snacks,C2706,coupon,0.375,1
2024-02-20,S016,snacks,C5414,free_delivery,0.331,1
2024-03-01,S016,snacks,C4219,discount,0.053,0
2024-03-05,S016,snacks,C4380,discount,0.188,1
2024-03-17,S016,snacks,C8188,discount,0.159,1
2024-03-18,S016,snacks,C6697,discount,0.267,1
2024-03-21,S016,snacks,C4323,discount,0.251,1
2024-03-24,S016,snacks,C9320,bundle,0.292,0
2024-03-28,S016,snacks,C6276,discount,0.201,1
2024-03-29,S016,snacks,C3868,discount,0.11,0
2024-04-02,S016,snacks,C5360,discount,0.177,1
2024-04-07,S016,snacks,C7623,discount,0.122,1
2024-04-08,S016,snacks,C1013,bundle,0.357,0
2024-04-28,S016,snacks,C8456,bundle,0.182,0
2024-05-01,S016,snacks,C2256,discount,0.194,0
2024-05-07,S016,snacks,C7309,coupon,0.15,0
2024-05-09,S016,snacks,C3468,discount,0.207,0
2024-05-16,S016,snacks,C7868,free_delivery,0.149,1
2024-05-20,S016,snacks,C7066,coupon,0.334,0
2024-06-15,S016,snacks,C8532,free_delivery,0.079,0
2024-06-17,S016,snacks,C1730,free_delivery,0.276,0
2024-06-19,S016,snacks,C5083,discount,0.145,0
2024-06-23,S016,snacks,C5033,coupon,0.261,1
2024-06-25,S016,snacks,C5544,free_delivery,0.182,1
2024-07-10,S016,snacks,C1697,free_delivery,0.254,1
2024-07-12,S016,snacks,C4695,discount,0.13,1
2024-07-24,S016,snacks,C2329,free_delivery,0.179,1
2024-07-27,S016,snacks,C5917,coupon,0.318,1
2024-08-11,S016,snacks,C1319,discount,0.05,0
2024-08-18,S016,snacks,C6545,bundle,0.311,0
2024-08-26,S016,snacks,C7366,coupon,0.255,0
2024-09-02,S016,snacks,C7403,discount,0.264,0
2024-09-03,S016,snacks,C8638,discount,0.125,0
2024-09-04,S016,snacks,C8769,bundle,0.117,1
2024-09-09,S016,snacks,C4426,discount,0.185,0
2024-09-12,S016,snacks,C3515,discount,0.272,0
2024-09-27,S016,snacks,C7148,discount,0.084,0
2024-09-28,S016,snacks,C9602,discount,0.181,1
2024-10-06,S016,snacks,C3487,bundle,0.195,1
2024-10-07,S016,snacks,C4612,coupon,0.281,0
2024-10-10,S016,snacks,C4979,discount,0.151,1
2024-10-13,S016,snacks,C6567,coupon,0.201,0
2024-10-16,S016,snacks,C9581,bundle,0.255,1
2024-10-19,S016,snacks,C7808,free_delivery,0.136,1
2024-10-23,S016,snacks,C7363,free_delivery,0.098,1
2024-10-26,S016,snacks,C9339,coupon,0.27,1
2024-10-31,S016,snacks,C6430,discount,0.199,1
2024-11-10,S016,snacks,C1685,free_delivery,0.209,1
2024-12-14,S016,snacks,C4878,discount,0.071,0
2024-12-17,S016,snacks,C6041,bundle,0.05,0
2024-12-24,S016,snacks,C5032,coupon,0.233,1
2025-01-01,S016,snacks,C6624,discount,0.233,0
2024-01-29,S016,fresh,C4914,discount,0.104,1
2024-01-30,S016,fresh,C2537,discount,0.281,1
2024-02-08,S016,fresh,C5010,coupon,0.161,1
2024-02-12,S016,fresh,C8777,discount,0.216,1
2024-02-13,S016,fresh,C7231,discount,0.107,1
2024-02-25,S016,fresh,C8800,bundle,0.1,1
2024-03-08,S016,fresh,C9224,coupon,0.226,1
2024-03-22,S016,fresh,C7844,discount,0.14,0
2024-03-30,S016,fresh,C9701,coupon,0.199,1
2024-04-07,S016,fresh,C4801,discount,0.081,0
2024-04-18,S016,fresh,C9350,free_delivery,0.236,0
2024-05-03,S016,fresh,C9302,discount,0.135,0
2024-05-20,S016,fresh,C7481,coupon,0.194,0
2024-06-07,S016,fresh,C4390,coupon,0.232,0
2024-06-08,S016,fresh,C9366,coupon,0.114,1
2024-06-22,S016,fresh,C6177,discount,0.148,0
2024-07-16,S016,fresh,C6989,coupon,0.202,0
2024-07-19,S016,fresh,C6560,discount,0.188,0
2024-08-09,S016,fresh,C6527,discount,0.182,0
2024-08-10,S016,fresh,C4030,discount,0.158,0
2024-08-13,S016,fresh,C6133,discount,0.204,1
2024-08-15,S016,fresh,C4511,free_delivery,0.246,0
2024-08-16,S016,fresh,C2035,discount,0.27,0
2024-08-30,S016,fresh,C4103,bundle,0.251,0
2024-09-26,S016,fresh,C7206,bundle,0.089,0
2024-09-29,S016,fresh,C6971,bundle,0.174,0
2024-10-03,S016,fresh,C3660,coupon,0.208,0
2024-10-07,S016,fresh,C8295,discount,0.382,0
2024-10-20,S016,fresh,C2705,free_delivery,0.209,1
2024-10-24,S016,fresh,C4944,coupon,0.237,0
2024-11-23,S016,fresh,C8474,coupon,0.268,1
2024-11-25,S016,fresh,C1061,coupon,0.067,1
2024-11-29,S016,fresh,C3562,coupon,0.101,1
2024-12-11,S016,fresh,C6262,bundle,0.274,0
2024-12-27,S016,fresh,C5881,coupon,0.181,0
2025-01-04,S016,fresh,C3110,discount,0.148,1
2025-01-23,S016,fresh,C3411,discount,0.173,0
2025-01-26,S016,fresh,C4864,coupon,0.207,0
2024-01-05,S016,household,C5976,discount,0.183,0
2024-01-10,S016,household,C2327,discount,0.14,0
2024-01-12,S016,household,C7454,free_delivery,0.204,0
2024-01-23,S016,household,C1857,coupon,0.115,0
2024-02-10,S016,household,C9113,discount,0.225,0
2024-02-16,S016,household,C3627,discount,0.153,0
2024-03-09,S016,household,C8881,coupon,0.234,1
2024-04-14,S016,household,C9004,coupon,0.122,0
2024-04-27,S016,household,C8810,free_delivery,0.199,0
2024-05-18,S016,household,C1839,discount,0.167,1
2024-05-19,S016,household,C2874,bundle,0.211,0
2024-06-20,S016,household,C1405,discount,0.166,0
2024-07-13,S016,household,C1033,bundle,0.223,0
2024-07-21,S016,household,C5617,coupon,0.11,1
2024-08-14,S016,household,C5006,coupon,0.196,1
2024-08-19,S016,household,C4504,coupon,0.239,0
2024-09-17,S016,household,C3110,free_delivery,0.234,0
2024-09-22,S016,household,C6409,bundle,0.111,0
2024-09-27,S016,household,C1332,free_delivery,0.117,0
2024-09-30,S016,household,C6989,bundle,0.106,0
2024-10-07,S016,household,C8691,bundle,0.184,1
2024-11-01,S016,household,C4149,free_delivery,0.194,1
2024-11-05,S016,household,C8656,discount,0.125,1
2024-11-20,S016,household,C8348,discount,0.216,1
2024-11-21,S016,household,C7409,coupon,0.059,0
2024-12-06,S016,household,C6230,coupon,0.14,1
2024-12-07,S016,household,C7214,coupon,0.167,0
2024-12-17,S016,household,C1143,discount,0.318,1
2024-12-19,S016,household,C9081,coupon,0.267,0
2024-12-28,S016,household,C8453,discount,0.166,1
2025-01-01,S016,household,C8914,discount,0.173,1
2025-01-07,S016,household,C7120,discount,0.123,0
2025-01-22,S016,household,C3721,free_delivery,0.095,0
2024-01-01,S016,ready_to_eat,C8191,discount,0.176,0
2024-01-23,S016,ready_to_eat,C9407,bundle,0.288,0
2024-01-25,S016,ready_to_eat,C3450,coupon,0.138,0
2024-03-09,S016,ready_to_eat,C6717,coupon,0.141,0
2024-03-11,S016,ready_to_eat,C1104,coupon,0.11,1
2024-04-15,S016,ready_to_eat,C2737,discount,0.268,1
2024-04-16,S016,ready_to_eat,C4899,coupon,0.139,1
2024-04-24,S016,ready_to_eat,C3035,discount,0.267,1
2024-05-03,S016,ready_to_eat,C9384,bundle,0.086,0
2024-05-06,S016,ready_to_eat,C8411,coupon,0.078,1
2024-05-09,S016,ready_to_eat,C7227,discount,0.174,0
2024-05-12,S016,ready_to_eat,C6737,discount,0.21,1
2024-05-25,S016,ready_to_eat,C8649,discount,0.144,1
2024-05-27,S016,ready_to_eat,C4748,bundle,0.148,0
2024-06-09,S016,ready_to_eat,C8493,bundle,0.229,0
2024-06-15,S016,ready_to_eat,C1538,free_delivery,0.108,0
2024-06-20,S016,ready_to_eat,C7965,discount,0.177,0
2024-06-22,S016,ready_to_eat,C6361,bundle,0.15,0
2024-07-07,S016,ready_to_eat,C2596,discount,0.098,1
2024-07-14,S016,ready_to_eat,C4985,coupon,0.248,1
2024-08-07,S016,ready_to_eat,C8566,bundle,0.171,1
2024-08-18,S016,ready_to_eat,C1028,coupon,0.202,1
2024-08-23,S016,ready_to_eat,C7887,bundle,0.255,0
2024-08-31,S016,ready_to_eat,C2433,discount,0.157,0
2024-09-10,S016,ready_to_eat,C2441,coupon,0.145,0
2024-09-21,S016,ready_to_eat,C1121,free_delivery,0.186,1
2024-09-28,S016,ready_to_eat,C4305,bundle,0.235,0
2024-09-30,S016,ready_to_eat,C8958,coupon,0.185,1
2024-10-10,S016,ready_to_eat,C7333,coupon,0.153,1
2024-10-14,S016,ready_to_eat,C3478,coupon,0.132,0
2024-10-19,S016,ready_to_eat,C8145,discount,0.152,0
2024-10-26,S016,ready_to_eat,C9926,discount,0.185,0
2024-10-28,S016,ready_to_eat,C8904,coupon,0.22,1
2024-11-03,S016,ready_to_eat,C7286,discount,0.05,1
2024-11-09,S016,ready_to_eat,C4100,bundle,0.246,1
2024-11-14,S016,ready_to_eat,C1505,discount,0.216,1
2024-12-01,S016,ready_to_eat,C4055,discount,0.115,0
2024-12-02,S016,ready_to_eat,C5006,discount,0.227,0
2024-12-08,S016,ready_to_eat,C8382,discount,0.213,1
2024-12-12,S016,ready_to_eat,C6965,discount,0.176,1
2024-12-17,S016,ready_to_eat,C5141,free_delivery,0.093,1
2024-12-21,S016,ready_to_eat,C6659,discount,0.129,0
2024-12-27,S016,ready_to_eat,C5311,coupon,0.134,0
2024-12-31,S016,ready_to_eat,C4957,coupon,0.331,1
2025-01-13,S016,ready_to_eat,C7529,discount,0.188,1
2024-02-24,S016,personal_care,C1363,discount,0.262,0
2024-03-09,S016,personal_care,C1303,discount,0.225,0
2024-03-12,S016,personal_care,C5947,free_delivery,0.285,0
2024-03-13,S016,personal_care,C5793,coupon,0.122,1
2024-04-03,S016,personal_care,C8837,discount,0.234,0
2024-04-09,S016,personal_care,C6134,discount,0.083,1
2024-04-13,S016,personal_care,C9560,discount,0.18,1
2024-05-11,S016,personal_care,C1194,discount,0.184,0
2024-05-28,S016,personal_care,C5297,discount,0.207,1
2024-06-10,S016,personal_care,C4142,discount,0.135,0
2024-06-12,S016,personal_care,C4513,discount,0.137,0
2024-06-28,S016,personal_care,C8712,free_delivery,0.214,0
2024-07-10,S016,personal_care,C5576,coupon,0.236,0
2024-07-28,S016,personal_care,C5364,bundle,0.084,0
2024-08-17,S016,personal_care,C7082,discount,0.101,1
2024-08-18,S016,personal_care,C1409,free_delivery,0.167,0
2024-08-22,S016,personal_care,C6621,free_delivery,0.147,0
2024-08-25,S016,personal_care,C9922,discount,0.136,0
2024-09-01,S016,personal_care,C4278,coupon,0.273,0
2024-09-02,S016,personal_care,C7206,bundle,0.158,0
2024-09-19,S016,personal_care,C2655,coupon,0.175,1
2024-09-22,S016,personal_care,C6266,free_delivery,0.05,0
2024-09-27,S016,personal_care,C1139,discount,0.21,0
2024-10-05,S016,personal_care,C4773,discount,0.174,0
2024-11-13,S016,personal_care,C6753,coupon,0.225,0
2024-11-18,S016,personal_care,C1743,discount,0.218,0
2024-11-30,S016,personal_care,C3889,coupon,0.242,0
2024-12-04,S016,personal_care,C6854,discount,0.197,0
2024-12-10,S016,personal_care,C2217,free_delivery,0.154,0
2025-01-04,S016,personal_care,C6966,coupon,0.417,0
2025-01-17,S016,personal_care,C7072,discount,0.205,1
2025-01-26,S016,personal_care,C2799,free_delivery,0.204,0
2024-01-18,S017,beverages,C6007,discount,0.111,0
2024-01-23,S017,beverages,C6913,bundle,0.136,0
2024-02-01,S017,beverages,C6314,discount,0.227,1
2024-02-04,S017,beverages,C9740,discount,0.144,0
2024-02-06,S017,beverages,C2029,discount,0.194,0
2024-02-25,S017,beverages,C7602,free_delivery,0.152,0
2024-02-27,S017,beverages,C4392,free_delivery,0.348,1
2024-02-28,S017,beverages,C1319,discount,0.24,0
2024-03-11,S017,beverages,C6119,discount,0.251,0
2024-03-21,S017,beverages,C1050,discount,0.237,1
2024-03-23,S017,beverages,C9232,discount,0.188,0
2024-03-26,S017,beverages,C5759,discount,0.233,0
2024-03-29,S017,beverages,C1256,discount,0.124,0
2024-04-03,S017,beverages,C5302,discount,0.117,1
2024-04-05,S017,beverages,C5415,discount,0.154,1
2024-04-15,S017,beverages,C1464,discount,0.213,0
2024-04-20,S017,beverages,C9823,coupon,0.101,1
2024-05-03,S017,beverages,C2791,discount,0.18,1
2024-05-08,S017,beverages,C5788,bundle,0.2,0
2024-05-10,S017,beverages,C9987,coupon,0.115,0
2024-05-27,S017,beverages,C1689,discount,0.184,0
2024-05-29,S017,beverages,C5493,discount,0.142,1
2024-06-04,S017,beverages,C5874,coupon,0.252,0
2024-06-08,S017,beverages,C8700,discount,0.278,0
2024-06-14,S017,beverages,C4509,free_delivery,0.237,1
2024-06-22,S017,beverages,C1681,discount,0.193,0
2024-06-23,S017,beverages,C4510,bundle,0.185,0
2024-07-07,S017,beverages,C2328,discount,0.119,1
2024-07-15,S017,beverages,C5871,discount,0.123,1
2024-07-20,S017,beverages,C3494,coupon,0.242,0
2024-07-23,S017,beverages,C5495,free_delivery,0.123,1
2024-07-30,S017,beverages,C4045,bundle,0.17,0
2024-08-06,S017,beverages,C2436,bundle,0.152,1
2024-08-11,S017,beverages,C6455,free_delivery,0.216,0
2024-09-16,S017,beverages,C4214,free_delivery,0.115,0
2024-09-18,S017,beverages,C5052,coupon,0.313,0
2024-09-20,S017,beverages,C8804,discount,0.07,0
2024-09-21,S017,beverages,C2905,bundle,0.161,1
2024-09-29,S017,beverages,C2092,discount,0.11,0
2024-10-05,S017,beverages,C2479,coupon,0.298,1
2024-10-17,S017,beverages,C5111,coupon,0.214,0
2024-10-20,S017,beverages,C7540,coupon,0.275,0
2024-10-22,S017,beverages,C8914,discount,0.243,0
2024-10-31,S017,beverages,C3789,free_delivery,0.105,1
2024-11-02,S017,beverages,C3199,bundle,0.164,0
2024-11-16,S017,beverages,C1273,discount,0.27,0
2024-11-23,S017,beverages,C5930,discount,0.276,0
2024-11-30,S017,beverages,C7487,discount,0.324,1
2024-12-14,S017,beverages,C2238,free_delivery,0.149,0
2024-12-15,S017,beverages,C5631,discount,0.295,1
2024-12-28,S017,beverages,C2492,coupon,0.267,0
2025-01-10,S017,beverages,C7615,bundle,0.146,1
2025-01-19,S017,beverages,C2471,discount,0.17,1
2025-01-21,S017,beverages,C9000,coupon,0.225,0
2024-01-16,S017,snacks,C7760,coupon,0.156,1
2024-01-18,S017,snacks,C7927,discount,0.232,0
2024-01-23,S017,snacks,C8456,coupon,0.19,0
2024-02-01,S017,snacks,C9204,coupon,0.105,1
2024-02-03,S017,snacks,C4190,coupon,0.177,0
2024-02-04,S017,snacks,C4049,bundle,0.145,0
2024-02-08,S017,snacks,C8922,discount,0.224,0
2024-02-14,S017,snacks,C5010,discount,0.173,0
2024-02-15,S017,snacks,C6941,bundle,0.239,1
2024-02-18,S017,snacks,C8482,discount,0.148,1
2024-02-26,S017,snacks,C2336,bundle,0.27,1
2024-03-02,S017,snacks,C4595,discount,0.213,1
2024-03-10,S017,snacks,C6683,discount,0.157,1
2024-03-17,S017,snacks,C4305,bundle,0.21,0
2024-04-04,S017,snacks,C8361,free_delivery,0.062,0
2024-04-14,S017,snacks,C3154,discount,0.189,0
2024-04-24,S017,snacks,C6764,bundle,0.183,0
2024-04-26,S017,snacks,C8036,bundle,0.163,0
2024-05-02,S017,snacks,C5068,discount,0.234,0
2024-05-03,S017,snacks,C5834,discount,0.246,1
2024-05-11,S017,snacks,C9586,discount,0.072,0
2024-05-20,S017,snacks,C1876,free_delivery,0.142,0
2024-05-21,S017,snacks,C3744,bundle,0.321,1
2024-05-25,S017,snacks,C5139,coupon,0.281,1
2024-05-31,S017,snacks,C5110,discount,0.23,0
2024-06-09,S017,snacks,C9354,coupon,0.265,1
2024-06-10,S017,snacks,C6780,bundle,0.156,0
2024-06-16,S017,snacks,C6070,coupon,0.252,1
2024-06-18,S017,snacks,C9258,coupon,0.072,1
2024-06-19,S017,snacks,C3390,coupon,0.089,0
2024-06-22,S017,snacks,C6066,coupon,0.17,0
2024-07-05,S017,snacks,C7037,discount,0.272,0
2024-07-24,S017,snacks,C9365,free_delivery,0.171,1
2024-07-29,S017,snacks,C4817,discount,0.122,1
2024-08-02,S017,snacks,C9950,coupon,0.263,1
2024-09-17,S017,snacks,C3529,free_delivery,0.076,0
2024-09-20,S017,snacks,C9409,discount,0.171,0
2024-09-27,S017,snacks,C6976,discount,0.248,1
2024-09-28,S017,snacks,C4982,discount,0.161,1
2024-10-01,S017,snacks,C1206,bundle,0.174,1
2024-10-05,S017,snacks,C3548,coupon,0.238,0
2024-10-07,S017,snacks,C5134,bundle,0.148,1
2024-10-17,S017,snacks,C8610,discount,0.199,0
2024-10-20,S017,snacks,C4777,coupon,0.178,1
2024-10-28,S017,snacks,C9067,coupon,0.158,1
2024-11-01,S017,snacks,C1650,discount,0.271,1
2024-11-02,S017,snacks,C7008,discount,0.228,0
2024-11-11,S017,snacks,C1478,bundle,0.059,1
2024-11-13,S017,snacks,C6733,coupon,0.05,1
2024-11-15,S017,snacks,C9566,discount,0.24,1
2024-11-30,S017,snacks,C3183,coupon,0.187,1
2024-12-05,S017,snacks,C1926,coupon,0.164,1
2024-12-22,S017,snacks,C5499,discount,0.11,0
2024-12-31,S017,snacks,C7383,free_delivery,0.226,1
2025-01-03,S017,snacks,C1847,discount,0.079,0
2025-01-18,S017,snacks,C8531,coupon,0.131,1
2025-01-25,S017,snacks,C5715,coupon,0.108,0
2025-01-26,S017,snacks,C8805,coupon,0.163,1
2025-01-27,S017,snacks,C6664,coupon,0.2,0
2024-01-04,S017,fresh,C8600,discount,0.273,0
2024-01-18,S017,fresh,C6578,coupon,0.212,1
2024-01-20,S017,fresh,C3884,discount,0.165,0
2024-01-23,S017,fresh,C4953,coupon,0.159,1
2024-02-05,S017,fresh,C6760,discount,0.113,1
2024-02-10,S017,fresh,C4386,discount,0.154,1
2024-02-21,S017,fresh,C7563,discount,0.242,0
2024-03-02,S017,fresh,C4155,coupon,0.121,0
2024-03-05,S017,fresh,C7120,bundle,0.05,1
2024-03-12,S017,fresh,C9996,discount,0.083,1
2024-03-24,S017,fresh,C6478,discount,0.249,0
2024-05-01,S017,fresh,C5809,coupon,0.212,1
2024-05-02,S017,fresh,C9157,coupon,0.05,1
2024-05-16,S017,fresh,C3030,free_delivery,0.142,0
2024-06-18,S017,fresh,C1693,free_delivery,0.186,1
2024-07-05,S017,fresh,C6724,free_delivery,0.128,1
2024-07-13,S017,fresh,C5634,discount,0.171,1
2024-08-05,S017,fresh,C5527,discount,0.29,0
2024-08-07,S017,fresh,C2767,discount,0.192,1
2024-08-11,S017,fresh,C1437,bundle,0.099,0
2024-08-24,S017,fresh,C4264,bundle,0.18,0
2024-08-30,S017,fresh,C6345,coupon,0.166,1
2024-09-04,S017,fresh,C2376,coupon,0.165,1
2024-09-11,S017,fresh,C6106,coupon,0.331,0
2024-09-15,S017,fresh,C3659,free_delivery,0.135,0
2024-09-17,S017,fresh,C4166,discount,0.224,1
2024-10-11,S017,fresh,C6701,bundle,0.229,0
2024-12-08,S017,fresh,C2292,discount,0.05,1
2024-12-17,S017,fresh,C8650,discount,0.141,1
2024-12-22,S017,fresh,C9307,coupon,0.314,0
2025-01-22,S017,fresh,C2180,bundle,0.294,1
2024-01-05,S017,household,C7903,discount,0.107,0
2024-01-06,S017,household,C6746,discount,0.209,0
2024-02-03,S017,household,C5084,free_delivery,0.303,1
2024-02-11,S017,household,C3292,free_delivery,0.261,1
2024-03-06,S017,household,C8529,bundle,0.295,1
2024-04-01,S017,household,C8190,bundle,0.258,0
2024-04-28,S017,household,C4848,free_delivery,0.154,0
2024-05-03,S017,household,C5014,coupon,0.05,1
2024-05-14,S017,household,C7086,discount,0.09,1
2024-05-25,S017,household,C3586,discount,0.196,0
2024-07-27,S017,household,C1293,coupon,0.242,1
2024-07-30,S017,household,C1350,free_delivery,0.156,1
2024-08-04,S017,household,C3142,bundle,0.194,1
2024-08-08,S017,household,C4814,discount,0.129,1
2024-08-10,S017,household,C8047,discount,0.208,1
2024-08-16,S017,household,C9236,bundle,0.139,0
2024-08-19,S017,household,C6832,coupon,0.05,1
2024-09-08,S017,household,C4638,free_delivery,0.129,0
2024-09-17,S017,household,C1821,discount,0.226,0
2024-10-07,S017,household,C4069,discount,0.174,0
2024-10-19,S017,household,C7056,discount,0.124,1
2024-11-10,S017,household,C5340,free_delivery,0.108,0
2024-11-24,S017,household,C1324,discount,0.233,0
2024-11-28,S017,household,C5497,free_delivery,0.121,1
2024-12-05,S017,household,C5904,coupon,0.207,0
2025-01-14,S017,household,C5634,coupon,0.284,0
2025-01-19,S017,household,C1644,discount,0.071,0
2025-01-21,S017,household,C5013,discount,0.248,1
2024-01-05,S017,ready_to_eat,C4367,discount,0.252,0
2024-01-24,S017,ready_to_eat,C8840,bundle,0.174,0
2024-01-27,S017,ready_to_eat,C8043,discount,0.277,0
2024-01-28,S017,ready_to_eat,C1116,discount,0.116,0
2024-02-12,S017,ready_to_eat,C4262,bundle,0.215,1
2024-03-02,S017,ready_to_eat,C4490,discount,0.188,0
2024-03-03,S017,ready_to_eat,C9220,free_delivery,0.262,0
2024-03-06,S017,ready_to_eat,C3090,bundle,0.05,1
2024-03-08,S017,ready_to_eat,C4217,coupon,0.065,1
2024-03-12,S017,ready_to_eat,C2959,discount,0.214,1
2024-03-17,S017,ready_to_eat,C2738,free_delivery,0.129,0
2024-03-21,S017,ready_to_eat,C9343,discount,0.238,1
2024-04-25,S017,ready_to_eat,C5052,coupon,0.129,1
2024-05-15,S017,ready_to_eat,C6278,coupon,0.117,1
2024-05-18,S017,ready_to_eat,C1416,coupon,0.155,0
2024-05-27,S017,ready_to_eat,C7806,discount,0.256,0
2024-06-06,S017,ready_to_eat,C4036,discount,0.109,1
2024-06-07,S017,ready_to_eat,C5522,coupon,0.244,0
2024-06-12,S017,ready_to_eat,C1375,free_delivery,0.143,0
2024-06-21,S017,ready_to_eat,C5232,discount,0.139,1
2024-06-29,S017,ready_to_eat,C9273,bundle,0.107,0
2024-06-30,S017,ready_to_eat,C6363,discount,0.073,0
2024-07-01,S017,ready_to_eat,C2368,bundle,0.123,1
2024-07-18,S017,ready_to_eat,C8672,free_delivery,0.338,0
2024-07-20,S017,ready_to_eat,C8720,discount,0.083,1
2024-07-24,S017,ready_to_eat,C4514,discount,0.21,1
2024-07-28,S017,ready_to_eat,C4603,discount,0.182,0
2024-08-28,S017,ready_to_eat,C2994,coupon,0.284,0
2024-09-02,S017,ready_to_eat,C1097,coupon,0.178,0
2024-09-06,S017,ready_to_eat,C3071,bundle,0.193,0
2024-09-17,S017,ready_to_eat,C1145,discount,0.119,0
2024-09-22,S017,ready_to_eat,C1917,discount,0.282,1
2024-09-30,S017,ready_to_eat,C9618,coupon,0.269,0
2024-12-18,S017,ready_to_eat,C2365,free_delivery,0.258,0
2024-12-19,S017,ready_to_eat,C3388,discount,0.355,0
2024-12-25,S017,ready_to_eat,C4434,discount,0.157,1
2024-12-26,S017,ready_to_eat,C3171,discount,0.173,1
2024-12-28,S017,ready_to_eat,C6384,coupon,0.204,0
2025-01-11,S017,ready_to_eat,C1610,coupon,0.125,0
2024-01-04,S017,personal_care,C9712,bundle,0.148,0
2024-01-20,S017,personal_care,C8560,discount,0.171,0
2024-01-24,S017,personal_care,C3202,coupon,0.185,1
2024-02-02,S017,personal_care,C6898,coupon,0.296,0
2024-02-10,S017,personal_care,C6976,coupon,0.237,1
2024-02-11,S017,personal_care,C2508,bundle,0.287,0
2024-02-12,S017,personal_care,C9564,free_delivery,0.253,0
2024-02-19,S017,personal_care,C9981,bundle,0.208,1
2024-03-05,S017,personal_care,C8838,coupon,0.163,0
2024-03-11,S017,personal_care,C2119,bundle,0.09,0
2024-03-16,S017,personal_care,C7526,coupon,0.243,1
2024-03-28,S017,personal_care,C2308,bundle,0.201,0
2024-03-29,S017,personal_care,C8093,discount,0.225,0
2024-04-02,S017,personal_care,C9246,coupon,0.188,0
2024-04-23,S017,personal_care,C5996,free_delivery,0.073,1
2024-04-28,S017,personal_care,C4983,discount,0.128,0
2024-05-13,S017,personal_care,C4994,discount,0.172,0
2024-05-25,S017,personal_care,C2602,coupon,0.159,0
2024-06-03,S017,personal_care,C9111,discount,0.209,0
2024-06-18,S017,personal_care,C7538,coupon,0.214,1
2024-06-22,S017,personal_care,C8230,coupon,0.294,1
2024-06-23,S017,personal_care,C3417,discount,0.22,0
2024-07-14,S017,personal_care,C1076,free_delivery,0.207,1
2024-07-18,S017,personal_care,C5535,discount,0.153,0
2024-07-22,S017,personal_care,C2814,free_delivery,0.342,0
2024-09-08,S017,personal_care,C7126,discount,0.171,0
2024-09-12,S017,personal_care,C6249,discount,0.192,0
2024-09-14,S017,personal_care,C8166,discount,0.17,1
2024-09-15,S017,personal_care,C9049,coupon,0.196,0
2024-10-19,S017,personal_care,C1580,discount,0.289,0
2024-11-01,S017,personal_care,C1499,bundle,0.256,0
2024-11-20,S017,personal_care,C3097,discount,0.272,0
2024-11-21,S017,personal_care,C4226,coupon,0.155,1
2024-11-23,S017,personal_care,C5276,coupon,0.158,0
2024-12-01,S017,personal_care,C5485,bundle,0.244,0
2024-12-14,S017,personal_care,C1069,coupon,0.239,0
2024-12-25,S017,personal_care,C6109,coupon,0.119,1
2025-01-05,S017,personal_care,C7976,free_delivery,0.188,0
2025-01-20,S017,personal_care,C8543,coupon,0.202,1
2024-01-22,S018,beverages,C5156,coupon,0.236,0
2024-01-28,S018,beverages,C5470,bundle,0.183,1
2024-02-04,S018,beverages,C9804,discount,0.132,0
2024-02-07,S018,beverages,C1050,coupon,0.267,0
2024-02-12,S018,beverages,C7549,discount,0.117,0
2024-02-17,S018,beverages,C7350,coupon,0.24,0
2024-02-19,S018,beverages,C6122,discount,0.142,0
2024-03-25,S018,beverages,C6261,discount,0.159,0
2024-04-04,S018,beverages,C3381,discount,0.188,1
2024-04-06,S018,beverages,C8883,coupon,0.133,0
2024-04-08,S018,beverages,C5527,coupon,0.103,1
2024-04-19,S018,beverages,C6462,free_delivery,0.139,1
2024-05-21,S018,beverages,C9246,coupon,0.18,1
2024-05-26,S018,beverages,C6626,discount,0.248,0
2024-06-02,S018,beverages,C7696,discount,0.11,0
2024-06-04,S018,beverages,C1371,discount,0.063,0
2024-06-19,S018,beverages,C7711,coupon,0.119,1
2024-06-29,S018,beverages,C1091,discount,0.093,1
2024-07-03,S018,beverages,C6279,free_delivery,0.147,0
2024-07-08,S018,beverages,C8348,free_delivery,0.16,0
2024-07-31,S018,beverages,C4008,discount,0.204,1
2024-08-11,S018,beverages,C7222,free_delivery,0.07,1
2024-08-26,S018,beverages,C9601,discount,0.066,0
2024-08-31,S018,beverages,C9730,discount,0.259,0
2024-09-01,S018,beverages,C9134,discount,0.128,1
2024-09-02,S018,beverages,C6794,discount,0.151,1
2024-09-04,S018,beverages,C4003,bundle,0.15,1
2024-09-13,S018,beverages,C1260,free_delivery,0.174,0
2024-09-16,S018,beverages,C5263,coupon,0.17,0
2024-09-17,S018,beverages,C4286,free_delivery,0.151,1
2024-09-19,S018,beverages,C1551,discount,0.331,0
2024-10-05,S018,beverages,C9302,free_delivery,0.097,0
2024-10-08,S018,beverages,C6582,bundle,0.171,1
2024-10-12,S018,beverages,C8989,discount,0.171,1
2024-10-18,S018,beverages,C7279,discount,0.101,0
2024-10-23,S018,beverages,C2982,discount,0.228,1
2024-10-25,S018,beverages,C6239,discount,0.213,0
2024-11-03,S018,beverages,C8749,discount,0.206,0
2024-11-19,S018,beverages,C9770,bundle,0.062,0
2024-11-27,S018,beverages,C5739,coupon,0.164,0
2024-12-01,S018,beverages,C8735,bundle,0.26,0
2024-12-03,S018,beverages,C1744,discount,0.05,1
2024-12-08,S018,beverages,C7408,coupon,0.086,0
2024-12-09,S018,beverages,C7148,discount,0.299,1
2024-12-16,S018,beverages,C1942,bundle,0.207,1
2024-12-20,S018,beverages,C4593,free_delivery,0.154,0
2024-12-21,S018,beverages,C1209,coupon,0.24,1
2024-12-22,S018,beverages,C7512,discount,0.153,0
2024-12-26,S018,beverages,C5059,discount,0.171,1
2025-01-03,S018,beverages,C5070,coupon,0.149,0
2025-01-20,S018,beverages,C1931,coupon,0.245,0
2025-01-27,S018,beverages,C2383,discount,0.163,1
2024-01-01,S018,snacks,C2907,free_delivery,0.262,0
2024-01-05,S018,snacks,C4400,coupon,0.178,0
2024-01-06,S018,snacks,C1605,discount,0.199,1
2024-01-15,S018,snacks,C5912,discount,0.151,0
2024-01-16,S018,snacks,C6468,discount,0.178,1
2024-01-17,S018,snacks,C4500,discount,0.163,1
2024-01-23,S018,snacks,C8527,coupon,0.263,0
2024-02-03,S018,snacks,C1237,free_delivery,0.197,0
2024-02-13,S018,snacks,C5255,discount,0.128,0
2024-02-14,S018,snacks,C8087,free_delivery,0.236,1
2024-02-16,S018,snacks,C4423,discount,0.266,1
2024-02-18,S018,snacks,C6938,free_delivery,0.133,1
2024-02-20,S018,snacks,C3551,discount,0.224,0
2024-02-21,S018,snacks,C1489,discount,0.12,0
2024-03-13,S018,snacks,C4963,coupon,0.14,0
2024-03-15,S018,snacks,C8409,coupon,0.23,0
2024-03-26,S018,snacks,C8716,discount,0.25,0
2024-04-03,S018,snacks,C8517,coupon,0.129,0
2024-04-17,S018,snacks,C2428,coupon,0.168,1
2024-05-05,S018,snacks,C8590,bundle,0.211,0
2024-05-09,S018,snacks,C7226,free_delivery,0.197,1
2024-05-14,S018,snacks,C5106,discount,0.141,1
2024-05-21,S018,snacks,C5726,discount,0.073,0
2024-05-28,S018,snacks,C2551,discount,0.213,0
2024-06-01,S018,snacks,C8787,discount,0.285,1
2024-06-04,S018,snacks,C1539,discount,0.112,0
2024-06-07,S018,snacks,C4869,discount,0.193,0
2024-06-16,S018,snacks,C5923,free_delivery,0.125,0
2024-06-21,S018,snacks,C1819,free_delivery,0.228,0
2024-06-26,S018,snacks,C1050,discount,0.206,0
2024-07-06,S018,snacks,C4471,free_delivery,0.152,1
2024-07-09,S018,snacks,C4886,discount,0.223,0
2024-07-13,S018,snacks,C4799,coupon,0.191,0
2024-07-16,S018,snacks,C8573,discount,0.191,1
2024-07-19,S018,snacks,C4276,discount,0.17,1
2024-07-21,S018,snacks,C2761,coupon,0.155,0
2024-08-13,S018,snacks,C9177,free_delivery,0.199,0
2024-08-21,S018,snacks,C6065,discount,0.217,0
2024-08-22,S018,snacks,C6621,discount,0.161,1
2024-09-06,S018,snacks,C4302,coupon,0.153,1
2024-09-17,S018,snacks,C8491,coupon,0.155,0
2024-09-19,S018,snacks,C1982,bundle,0.108,0
2024-09-21,S018,snacks,C4226,coupon,0.215,0
2024-10-05,S018,snacks,C1161,coupon,0.145,1
2024-10-12,S018,snacks,C8054,discount,0.203,0
2024-10-13,S018,snacks,C5759,free_delivery,0.126,1
2024-10-21,S018,snacks,C7465,bundle,0.219,1
2024-10-23,S018,snacks,C9923,bundle,0.17,0
2024-10-25,S018,snacks,C1445,discount,0.121,1
2024-11-16,S018,snacks,C2606,coupon,0.208,0
2024-11-24,S018,snacks,C2539,coupon,0.156,0
2024-11-30,S018,snacks,C7271,coupon,0.16,0
2024-12-08,S018,snacks,C8257,coupon,0.122,1
2024-12-17,S018,snacks,C2815,discount,0.136,1
2024-12-20,S018,snacks,C7382,coupon,0.116,0
2025-01-04,S018,snacks,C1211,coupon,0.198,1
2025-01-07,S018,snacks,C5896,coupon,0.161,1
2025-01-12,S018,snacks,C7582,coupon,0.152,1
2024-01-01,S018,fresh,C2842,free_delivery,0.053,1
2024-01-25,S018,fresh,C1704,free_delivery,0.231,1
2024-01-26,S018,fresh,C3493,discount,0.193,1
2024-02-06,S018,fresh,C9396,discount,0.226,0
2024-02-14,S018,fresh,C7542,discount,0.15,0
2024-02-27,S018,fresh,C2417,coupon,0.161,1
2024-03-11,S018,fresh,C7353,discount,0.285,0
2024-03-19,S018,fresh,C9740,discount,0.242,1
2024-04-06,S018,fresh,C2217,discount,0.228,1
2024-05-04,S018,fresh,C3846,discount,0.102,0
2024-05-18,S018,fresh,C9693,discount,0.167,0
2024-05-19,S018,fresh,C2567,coupon,0.123,1
2024-07-02,S018,fresh,C2932,bundle,0.277,0
2024-07-05,S018,fresh,C9087,discount,0.14,1
2024-07-17,S018,fresh,C8767,free_delivery,0.146,1
2024-08-01,S018,fresh,C1769,coupon,0.231,0
2024-08-03,S018,fresh,C3533,discount,0.137,0
2024-08-05,S018,fresh,C3523,discount,0.196,0
2024-08-11,S018,fresh,C3080,coupon,0.141,1
2024-08-14,S018,fresh,C9326,discount,1.2,1
2024-08-18,S018,fresh,C3456,coupon,0.214,1
2024-09-16,S018,fresh,C6169,discount,0.237,1
2024-10-14,S018,fresh,C4025,discount,0.065,0
2024-10-21,S018,fresh,C8645,coupon,0.231,1
2024-12-08,S018,fresh,C8490,bundle,0.287,1
2024-12-13,S018,fresh,C6573,bundle,0.145,0
2024-12-29,S018,fresh,C7545,coupon,0.236,1
2025-01-03,S018,fresh,C2977,discount,0.165,0
2025-01-08,S018,fresh,C7303,discount,0.317,0
2024-01-27,S018,household,C5771,discount,0.123,0
2024-02-03,S018,household,C4792,discount,0.239,1
2024-02-10,S018,household,C6434,discount,0.148,0
2024-02-12,S018,household,C1602,coupon,0.209,1
2024-02-23,S018,household,C3383,discount,0.183,0
2024-02-24,S018,household,C3839,discount,0.121,0
2024-03-04,S018,household,C6284,bundle,0.23,1
2024-03-19,S018,household,C8141,bundle,0.275,1
2024-03-23,S018,household,C5396,discount,0.247,1
2024-04-24,S018,household,C8861,coupon,0.174,1
2024-05-06,S018,household,C3839,free_delivery,0.171,1
2024-05-16,S018,household,C7698,discount,0.169,1
2024-05-20,S018,household,C9563,free_delivery,0.07,1
2024-05-28,S018,household,C5205,free_delivery,0.218,0
2024-05-29,S018,household,C3055,free_delivery,0.209,1
2024-06-10,S018,household,C4436,coupon,0.191,0
2024-06-23,S018,household,C9855,coupon,0.174,1
2024-07-30,S018,household,C7412,discount,0.214,1
2024-08-03,S018,household,C5920,coupon,0.082,1
2024-08-07,S018,household,C6038,bundle,0.265,1
2024-08-23,S018,household,C6828,free_delivery,0.212,1
2024-08-28,S018,household,C4435,discount,0.187,1
2024-09-14,S018,household,C7291,discount,0.122,1
2024-10-10,S018,household,C8681,bundle,0.096,1
2024-10-11,S018,household,C9829,discount,0.126,1
2024-10-12,S018,household,C8172,discount,0.078,0
2024-10-28,S018,household,C1553,discount,0.295,0
2024-11-02,S018,household,C5771,bundle,0.25,0
2024-11-06,S018,household,C9938,discount,0.239,0
2024-11-10,S018,household,C2016,discount,0.221,0
2024-12-25,S018,household,C1147,coupon,0.367,0
2024-12-28,S018,household,C8970,discount,0.22,1
2024-12-31,S018,household,C1619,discount,0.177,1
2025-01-02,S018,household,C8300,coupon,0.173,0
2025-01-04,S018,household,C1779,discount,0.181,1
2025-01-11,S018,household,C5342,coupon,0.291,1
2025-01-16,S018,household,C5051,discount,0.196,1
2024-01-03,S018,ready_to_eat,C8274,coupon,0.171,1
2024-01-06,S018,ready_to_eat,C4620,coupon,0.173,0
2024-01-16,S018,ready_to_eat,C6943,discount,0.144,0
2024-01-19,S018,ready_to_eat,C3226,discount,0.176,0
2024-01-28,S018,ready_to_eat,C3033,bundle,0.203,1
2024-01-29,S018,ready_to_eat,C3075,bundle,0.227,1
2024-02-01,S018,ready_to_eat,C7716,discount,0.204,1
2024-02-10,S018,ready_to_eat,C5383,discount,0.223,0
2024-02-11,S018,ready_to_eat,C5462,bundle,0.078,1
2024-02-12,S018,ready_to_eat,C1745,discount,0.219,0
2024-02-13,S018,ready_to_eat,C2925,coupon,0.145,0
2024-02-27,S018,ready_to_eat,C7763,coupon,0.116,1
2024-02-29,S018,ready_to_eat,C2790,discount,0.233,0
2024-03-22,S018,ready_to_eat,C5860,coupon,0.121,0
2024-03-28,S018,ready_to_eat,C8208,bundle,0.074,1
2024-03-31,S018,ready_to_eat,C8862,discount,0.166,1
2024-04-09,S018,ready_to_eat,C1535,discount,0.114,1
2024-04-19,S018,ready_to_eat,C6014,discount,0.236,0
2024-04-20,S018,ready_to_eat,C1780,discount,0.131,0
2024-04-23,S018,ready_to_eat,C8088,coupon,0.208,1
2024-04-27,S018,ready_to_eat,C8221,coupon,0.185,0
2024-05-05,S018,ready_to_eat,C7560,coupon,0.158,0
2024-05-14,S018,ready_to_eat,C5597,free_delivery,0.106,1
2024-06-03,S018,ready_to_eat,C6019,coupon,0.178,0
2024-06-21,S018,ready_to_eat,C2245,free_delivery,0.245,1
2024-06-24,S018,ready_to_eat,C6897,coupon,0.119,0
2024-06-30,S018,ready_to_eat,C6972,discount,0.221,0
2024-07-09,S018,ready_to_eat,C5231,discount,0.211,0
2024-07-15,S018,ready_to_eat,C4412,coupon,0.248,1
2024-07-21,S018,ready_to_eat,C2992,discount,0.19,0
2024-07-25,S018,ready_to_eat,C7575,bundle,0.09,1
2024-08-01,S018,ready_to_eat,C8384,discount,0.171,0
2024-08-04,S018,ready_to_eat,C5289,discount,0.183,0
2024-08-11,S018,ready_to_eat,C9246,discount,0.13,0
2024-08-29,S018,ready_to_eat,C3134,bundle,0.264,1
2024-08-31,S018,ready_to_eat,C4972,discount,0.1,1
2024-09-08,S018,ready_to_eat,C8686,coupon,0.22,0
2024-09-16,S018,ready_to_eat,C3840,bundle,0.24,0
2024-09-22,S018,ready_to_eat,C5936,discount,0.276,0
2024-09-24,S018,ready_to_eat,C7997,bundle,0.27,0
2024-10-03,S018,ready_to_eat,C3566,bundle,0.125,1
2024-10-15,S018,ready_to_eat,C2429,discount,0.155,0
2024-10-21,S018,ready_to_eat,C2064,discount,0.252,1
2024-10-28,S018,ready_to_eat,C7540,coupon,0.209,0
2024-10-29,S018,ready_to_eat,C9231,coupon,0.237,0
2024-11-13,S018,ready_to_eat,C1534,discount,0.05,1
2024-11-24,S018,ready_to_eat,C1617,coupon,0.162,0
2024-11-25,S018,ready_to_eat,C5162,coupon,0.191,1
2024-12-21,S018,ready_to_eat,C3211,discount,0.15,1
2025-01-07,S018,ready_to_eat,C4531,discount,0.18,1
2025-01-21,S018,ready_to_eat,C8431,discount,0.145,0
2025-01-25,S018,ready_to_eat,C9290,free_delivery,0.156,0
2024-01-03,S018,personal_care,C9461,bundle,0.165,1
2024-01-08,S018,personal_care,C5711,discount,0.096,0
2024-01-14,S018,personal_care,C6848,discount,0.142,1
2024-01-27,S018,personal_care,C8872,coupon,0.199,0
2024-02-13,S018,personal_care,C1746,coupon,0.08,0
2024-02-28,S018,personal_care,C2858,coupon,0.169,1
2024-03-01,S018,personal_care,C3456,discount,0.227,0
2024-03-12,S018,personal_care,C6898,coupon,0.174,1
2024-03-18,S018,personal_care,C1562,discount,0.081,1
2024-03-23,S018,personal_care,C2150,discount,0.126,1
2024-04-14,S018,personal_care,C3459,coupon,0.153,1
2024-04-26,S018,personal_care,C5608,coupon,0.165,1
2024-05-01,S018,personal_care,C1779,discount,0.237,0
2024-05-04,S018,personal_care,C7098,discount,0.158,0
2024-05-14,S018,personal_care,C9944,discount,0.216,0
2024-05-22,S018,personal_care,C4801,free_delivery,0.347,0
2024-05-23,S018,personal_care,C5506,coupon,0.198,1
2024-06-04,S018,personal_care,C4839,discount,0.234,0
2024-06-23,S018,personal_care,C3130,coupon,0.129,0
2024-07-07,S018,personal_care,C3142,free_delivery,0.164,0
2024-07-14,S018,personal_care,C9708,discount,0.188,0
2024-07-21,S018,personal_care,C5710,discount,0.076,0
2024-07-23,S018,personal_care,C1625,free_delivery,0.356,1
2024-07-29,S018,personal_care,C7001,discount,0.149,0
2024-08-01,S018,personal_care,C1480,coupon,0.175,0
2024-08-03,S018,personal_care,C4321,coupon,0.189,1
2024-08-11,S018,personal_care,C9057,discount,0.154,1
2024-08-19,S018,personal_care,C6491,bundle,0.205,1
2024-08-22,S018,personal_care,C1794,discount,0.076,0
2024-09-01,S018,personal_care,C4429,bundle,0.064,1
2024-09-05,S018,personal_care,C5525,discount,0.05,0
2024-09-15,S018,personal_care,C1117,discount,0.072,0
2024-09-21,S018,personal_care,C7525,discount,0.252,0
2024-09-28,S018,personal_care,C7824,bundle,0.109,0
2024-10-07,S018,personal_care,C1655,discount,0.206,0
2024-10-19,S018,personal_care,C5924,coupon,0.173,1
2024-11-02,S018,personal_care,C6107,discount,0.254,0
2024-11-29,S018,personal_care,C1246,bundle,0.138,0
2024-12-11,S018,personal_care,C9938,discount,0.07,1
2025-01-12,S018,personal_care,C8911,bundle,0.145,0
2025-01-15,S018,personal_care,C7465,discount,0.05,0
2024-01-12,S019,beverages,C1536,discount,0.212,1
2024-01-24,S019,beverages,C6257,coupon,0.05,0
2024-01-25,S019,beverages,C1790,discount,0.301,0
2024-01-31,S019,beverages,C4791,discount,0.188,0
2024-02-24,S019,beverages,C3776,discount,0.167,1
2024-03-06,S019,beverages,C4425,coupon,0.164,0
2024-03-26,S019,beverages,C1499,coupon,0.204,0
2024-03-27,S019,beverages,C5001,coupon,0.307,1
2024-03-28,S019,beverages,C3622,discount,0.248,1
2024-04-02,S019,beverages,C3841,bundle,0.106,0
2024-04-20,S019,beverages,C6591,discount,0.092,1
2024-04-23,S019,beverages,C5462,coupon,0.18,1
2024-04-24,S019,beverages,C7608,discount,0.152,1
2024-05-22,S019,beverages,C5298,discount,0.311,0
2024-06-28,S019,beverages,C9846,discount,0.317,0
2024-07-06,S019,beverages,C1444,bundle,0.3,0
2024-07-10,S019,beverages,C2141,discount,0.135,0
2024-07-22,S019,beverages,C2540,bundle,0.276,0
2024-08-18,S019,beverages,C6201,coupon,0.197,0
2024-08-23,S019,beverages,C2171,free_delivery,0.127,0
2024-08-24,S019,beverages,C6531,discount,0.262,1
2024-08-25,S019,beverages,C1766,discount,0.132,0
2024-09-01,S019,beverages,C5032,free_delivery,0.162,1
2024-09-27,S019,beverages,C8570,discount,0.14,0
2024-09-28,S019,beverages,C1032,coupon,0.189,1
2024-09-29,S019,beverages,C4620,coupon,0.21,0
2024-10-01,S019,beverages,C7354,coupon,0.146,1
2024-10-07,S019,beverages,C6036,coupon,0.198,0
2024-11-09,S019,beverages,C8673,free_delivery,0.203,0
2024-11-14,S019,beverages,C5416,coupon,0.16,1
2024-12-09,S019,beverages,C6646,bundle,0.082,0
2024-12-15,S019,beverages,C6288,coupon,0.11,1
2024-12-20,S019,beverages,C5080,coupon,0.251,0
2024-12-28,S019,beverages,C6359,coupon,0.22,0
2025-01-11,S019,beverages,C5887,discount,0.207,0
2025-01-18,S019,beverages,C2373,discount,0.188,0
2025-01-26,S019,beverages,C5826,discount,0.106,0
2024-01-04,S019,snacks,C9139,discount,0.205,1
2024-01-08,S019,snacks,C6382,coupon,0.158,1
2024-01-13,S019,snacks,C3521,discount,0.081,1
2024-01-15,S019,snacks,C2057,discount,0.239,0
2024-02-05,S019,snacks,C2491,coupon,0.17,0
2024-02-07,S019,snacks,C5854,discount,0.095,0
2024-02-20,S019,snacks,C2363,coupon,0.05,1
2024-03-01,S019,snacks,C6774,discount,0.232,1
2024-03-03,S019,snacks,C1623,discount,0.223,0
2024-03-08,S019,snacks,C9641,discount,0.265,1
2024-03-13,S019,snacks,C4252,discount,0.214,0
2024-03-29,S019,snacks,C5826,coupon,0.121,0
2024-04-07,S019,snacks,C8743,discount,0.265,1
2024-04-13,S019,snacks,C8556,discount,0.128,0
2024-04-20,S019,snacks,C8669,discount,0.337,1
2024-04-21,S019,snacks,C1611,coupon,0.263,0
2024-04-26,S019,snacks,C9005,free_delivery,0.18,1
2024-04-27,S019,snacks,C3027,discount,0.177,0
2024-04-28,S019,snacks,C8477,discount,0.244,0
2024-05-03,S019,snacks,C7171,discount,0.265,1
2024-05-05,S019,snacks,C2792,discount,0.138,1
2024-05-07,S019,snacks,C7182,bundle,0.178,1
2024-05-08,S019,snacks,C4033,discount,0.175,0
2024-05-27,S019,snacks,C9185,discount,0.067,0
2024-06-07,S019,snacks,C8267,bundle,0.211,0
2024-06-15,S019,snacks,C1553,discount,0.163,0
2024-06-16,S019,snacks,C5653,free_delivery,0.242,0
2024-06-20,S019,snacks,C9715,bundle,0.159,0
2024-06-27,S019,snacks,C3954,free_delivery,0.149,0
2024-07-08,S019,snacks,C9748,coupon,0.065,0
2024-07-14,S019,snacks,C5576,discount,0.108,1
2024-07-28,S019,snacks,C7658,bundle,0.091,1
2024-08-02,S019,snacks,C7253,coupon,0.195,0
2024-08-06,S019,snacks,C8218,coupon,0.071,1
2024-08-11,S019,snacks,C4756,bundle,0.05,1
2024-09-03,S019,snacks,C8537,discount,0.078,1
2024-09-13,S019,snacks,C7842,discount,0.236,0
2024-09-22,S019,snacks,C2017,free_delivery,0.216,0
2024-09-28,S019,snacks,C9596,coupon,0.183,1
2024-10-12,S019,snacks,C5232,discount,0.213,0
2024-10-29,S019,snacks,C8404,free_delivery,0.276,0
2024-11-04,S019,snacks,C1583,coupon,0.214,1
2024-11-24,S019,snacks,C5263,coupon,0.082,0
2024-12-01,S019,snacks,C6821,discount,0.17,0
2024-12-10,S019,snacks,C3914,discount,0.153,0
2024-12-23,S019,snacks,C9595,discount,0.168,0
2025-01-05,S019,snacks,C9175,coupon,0.125,1
2025-01-10,S019,snacks,C2605,discount,0.208,1
2025-01-13,S019,snacks,C6896,free_delivery,0.111,0
2025-01-18,S019,snacks,C3651,coupon,0.162,0
2025-01-19,S019,snacks,C6716,discount,0.159,0
2025-01-22,S019,snacks,C5263,bundle,0.218,1
2025-01-24,S019,snacks,C8895,free_delivery,0.208,0
2024-01-01,S019,fresh,C4424,bundle,0.217,1
2024-01-07,S019,fresh,C9991,coupon,0.142,0
2024-01-13,S019,fresh,C6954,bundle,0.298,1
2024-01-31,S019,fresh,C6986,free_delivery,0.071,0
2024-04-16,S019,fresh,C4755,coupon,0.272,1
2024-04-20,S019,fresh,C1665,discount,0.189,0
2024-04-30,S019,fresh,C4787,coupon,0.082,0
2024-05-05,S019,fresh,C9238,discount,0.095,0
2024-05-15,S019,fresh,C1973,free_delivery,0.129,0
2024-05-16,S019,fresh,C2407,coupon,0.171,0
2024-06-06,S019,fresh,C3512,discount,0.077,1
2024-06-08,S019,fresh,C4216,discount,0.102,0
2024-06-09,S019,fresh,C6248,discount,0.142,0
2024-06-18,S019,fresh,C8938,free_delivery,0.204,0
2024-06-28,S019,fresh,C3598,coupon,0.249,0
2024-07-04,S019,fresh,C1277,discount,0.216,0
2024-07-07,S019,fresh,C1012,discount,0.222,0
2024-07-09,S019,fresh,C7014,discount,0.194,1
2024-07-28,S019,fresh,C5858,bundle,0.312,1
2024-08-10,S019,fresh,C3396,bundle,0.05,1
2024-08-18,S019,fresh,C7460,free_delivery,0.317,0
2024-08-21,S019,fresh,C9171,discount,0.13,0
2024-08-31,S019,fresh,C5361,discount,0.259,0
2024-09-14,S019,fresh,C6131,coupon,0.123,0
2024-09-17,S019,fresh,C5964,coupon,0.172,0
2024-10-05,S019,fresh,C3195,discount,0.124,1
2024-10-10,S019,fresh,C6417,bundle,0.207,1
2024-10-14,S019,fresh,C6340,bundle,0.262,0
2024-11-05,S019,fresh,C7035,discount,0.16,1
2024-11-06,S019,fresh,C8838,coupon,0.101,0
2024-11-16,S019,fresh,C1222,discount,0.132,1
2024-11-21,S019,fresh,C4866,coupon,0.145,0
2024-12-03,S019,fresh,C1722,coupon,0.178,0
2025-01-07,S019,fresh,C7037,discount,0.09,0
2025-01-13,S019,fresh,C7467,coupon,0.284,0
2024-01-04,S019,household,C3183,discount,0.266,0
2024-01-14,S019,household,C3600,coupon,0.126,0
2024-01-21,S019,household,C9190,coupon,0.244,0
2024-02-01,S019,household,C9007,discount,0.186,1
2024-02-17,S019,household,C8268,coupon,0.222,0
2024-03-02,S019,household,C3101,coupon,0.183,1
2024-03-23,S019,household,C9042,discount,0.191,0
2024-03-25,S019,household,C3663,free_delivery,0.142,0
2024-04-04,S019,household,C4179,coupon,0.129,0
2024-05-12,S019,household,C6338,discount,0.167,0
2024-05-19,S019,household,C5467,coupon,0.175,1
2024-06-03,S019,household,C6723,discount,0.131,0
2024-06-04,S019,household,C3967,coupon,0.103,1
2024-06-10,S019,household,C6485,discount,0.199,0
2024-06-19,S019,household,C6603,coupon,0.05,0
2024-06-22,S019,household,C3810,coupon,0.217,0
2024-06-27,S019,household,C9385,coupon,0.128,1
2024-07-18,S019,household,C1703,free_delivery,0.134,0
2024-08-17,S019,household,C4519,free_delivery,0.185,0
2024-08-24,S019,household,C8686,bundle,0.113,0
2024-08-31,S019,household,C1886,free_delivery,0.097,0
2024-09-07,S019,household,C7525,free_delivery,0.204,1
2024-09-13,S019,household,C2708,coupon,0.123,1
2024-09-15,S019,household,C1500,free_delivery,0.306,0
2024-10-07,S019,household,C8313,coupon,0.185,0
2024-10-14,S019,household,C7206,discount,0.16,0
2024-10-19,S019,household,C2441,coupon,0.134,1
2024-10-25,S019,household,C2688,discount,0.141,0
2024-11-03,S019,household,C9869,discount,0.21,0
2024-11-20,S019,household,C7915,coupon,0.152,1
2024-12-14,S019,household,C6986,free_delivery,0.153,1
2024-01-01,S019,ready_to_eat,C4247,free_delivery,0.213,1
2024-01-09,S019,ready_to_eat,C6367,discount,0.165,0
2024-01-15,S019,ready_to_eat,C6593,discount,0.198,0
2024-01-19,S019,ready_to_eat,C4170,discount,0.371,0
2024-01-20,S019,ready_to_eat,C2487,discount,0.111,0
2024-01-21,S019,ready_to_eat,C7545,coupon,0.091,1
2024-01-25,S019,ready_to_eat,C8087,discount,0.262,0
2024-02-10,S019,ready_to_eat,C8887,discount,0.195,1
2024-02-16,S019,ready_to_eat,C4555,discount,0.21,1
2024-03-03,S019,ready_to_eat,C2558,discount,0.202,1
2024-03-09,S019,ready_to_eat,C7878,coupon,0.181,0
2024-03-16,S019,ready_to_eat,C7675,free_delivery,0.308,1
2024-03-25,S019,ready_to_eat,C3282,bundle,0.252,0
2024-04-04,S019,ready_to_eat,C4782,coupon,0.227,0
2024-04-11,S019,ready_to_eat,C8981,discount,0.311,0
2024-04-15,S019,ready_to_eat,C5046,free_delivery,0.252,0
2024-05-03,S019,ready_to_eat,C5279,free_delivery,0.139,0
2024-05-04,S019,ready_to_eat,C4433,discount,0.05,0
2024-06-12,S019,ready_to_eat,C6323,free_delivery,0.239,0
2024-06-15,S019,ready_to_eat,C9113,discount,0.198,0
2024-06-21,S019,ready_to_eat,C9900,coupon,0.196,1
2024-06-25,S019,ready_to_eat,C6170,discount,0.293,0
2024-06-26,S019,ready_to_eat,C4695,discount,0.199,0
2024-06-29,S019,ready_to_eat,C2166,free_delivery,0.142,0
2024-07-23,S019,ready_to_eat,C9168,bundle,0.185,0
2024-08-09,S019,ready_to_eat,C8400,discount,0.209,0
2024-08-25,S019,ready_to_eat,C5564,bundle,0.305,0
2024-08-30,S019,ready_to_eat,C9538,free_delivery,0.213,0
2024-09-15,S019,ready_to_eat,C4115,bundle,0.204,0
2024-09-19,S019,ready_to_eat,C6624,coupon,0.115,0
2024-10-06,S019,ready_to_eat,C5858,coupon,0.175,0
2024-10-07,S019,ready_to_eat,C5472,bundle,0.302,0
2024-10-21,S019,ready_to_eat,C6620,bundle,0.234,0
2024-11-08,S019,ready_to_eat,C2475,coupon,0.229,1
2024-11-09,S019,ready_to_eat,C4622,free_delivery,0.094,0
2024-11-22,S019,ready_to_eat,C4794,bundle,0.187,1
2024-11-24,S019,ready_to_eat,C1711,free_delivery,0.179,0
2024-12-09,S019,ready_to_eat,C2211,coupon,0.115,1
2024-12-11,S019,ready_to_eat,C9127,coupon,1.2,0
2024-12-15,S019,ready_to_eat,C4515,free_delivery,0.28,1
2024-12-21,S019,ready_to_eat,C3245,discount,0.14,1
2024-12-29,S019,ready_to_eat,C3345,discount,0.263,1
2025-01-07,S019,ready_to_eat,C5555,coupon,0.211,0
2025-01-11,S019,ready_to_eat,C4845,discount,0.266,0
2025-01-12,S019,ready_to_eat,C5925,discount,0.074,0
2025-01-22,S019,ready_to_eat,C7421,discount,0.12,1
2024-01-01,S019,personal_care,C5864,discount,0.107,0
2024-01-19,S019,personal_care,C3559,bundle,0.207,0
2024-01-30,S019,personal_care,C3785,discount,0.096,1
2024-02-03,S019,personal_care,C5720,discount,0.224,0
2024-02-08,S019,personal_care,C5853,bundle,0.156,0
2024-02-28,S019,personal_care,C2582,discount,0.181,0
2024-03-01,S019,personal_care,C7377,discount,0.202,0
2024-03-26,S019,personal_care,C9237,discount,0.196,0
2024-03-31,S019,personal_care,C2145,discount,0.109,0
2024-04-16,S019,personal_care,C1870,discount,0.124,0
2024-04-25,S019,personal_care,C8000,coupon,0.241,0
2024-04-30,S019,personal_care,C6376,discount,0.272,0
2024-05-06,S019,personal_care,C3834,bundle,0.06,1
2024-05-17,S019,personal_care,C4195,discount,0.069,0
2024-05-22,S019,personal_care,C8923,discount,0.154,1
2024-06-01,S019,personal_care,C5039,free_delivery,0.207,0
2024-06-04,S019,personal_care,C2729,discount,0.258,1
2024-07-11,S019,personal_care,C5239,discount,0.05,0
2024-07-20,S019,personal_care,C7650,discount,0.213,1
2024-07-25,S019,personal_care,C9446,coupon,0.294,1
2024-08-07,S019,personal_care,C8882,bundle,0.114,1
2024-08-25,S019,personal_care,C3297,discount,0.126,1
2024-09-08,S019,personal_care,C2411,coupon,0.086,0
2024-09-10,S019,personal_care,C4542,discount,0.181,0
2024-09-15,S019,personal_care,C4363,bundle,0.05,1
2024-09-16,S019,personal_care,C7109,discount,0.172,0
2024-09-18,S019,personal_care,C2528,bundle,0.081,0
2024-09-26,S019,personal_care,C5247,bundle,0.125,1
2024-10-03,S019,personal_care,C2458,discount,0.109,0
2024-10-06,S019,personal_care,C1320,free_delivery,0.228,0
2024-10-07,S019,personal_care,C4659,discount,0.228,0
2024-11-30,S019,personal_care,C8234,discount,0.113,1
2024-12-04,S019,personal_care,C9595,discount,0.221,0
2024-12-07,S019,personal_care,C4510,free_delivery,0.247,0
2025-01-19,S019,personal_care,C5925,coupon,0.191,0
2024-01-20,S020,beverages,C5694,discount,0.09,1
2024-01-29,S020,beverages,C7448,discount,0.095,1
2024-02-05,S020,beverages,C5826,free_delivery,0.2,0
2024-02-14,S020,beverages,C2305,discount,0.192,1
2024-02-16,S020,beverages,C8982,discount,0.192,1
2024-03-05,S020,beverages,C6045,discount,0.207,0
2024-03-13,S020,beverages,C8761,discount,0.119,1
2024-03-23,S020,beverages,C7245,coupon,0.177,0
2024-04-18,S020,beverages,C8706,discount,0.125,0
2024-04-20,S020,beverages,C4482,discount,0.126,0
2024-04-25,S020,beverages,C9823,free_delivery,0.297,0
2024-05-03,S020,beverages,C7278,discount,0.226,0
2024-05-10,S020,beverages,C3378,free_delivery,0.279,0
2024-05-11,S020,beverages,C1404,discount,0.191,1
2024-05-16,S020,beverages,C1889,free_delivery,0.065,1
2024-06-02,S020,beverages,C4843,free_delivery,0.088,1
2024-06-26,S020,beverages,C1798,free_delivery,0.106,0
2024-06-27,S020,beverages,C6459,coupon,0.093,0
2024-07-01,S020,beverages,C5946,discount,0.266,1
2024-07-02,S020,beverages,C4371,discount,0.098,0
2024-07-14,S020,beverages,C9625,discount,0.256,0
2024-07-17,S020,beverages,C9008,free_delivery,0.222,0
2024-08-01,S020,beverages,C6756,discount,0.146,1
2024-08-02,S020,beverages,C1867,discount,0.091,0
2024-08-06,S020,beverages,C8846,discount,0.222,1
2024-08-07,S020,beverages,C4366,free_delivery,0.18,1
2024-08-09,S020,beverages,C9031,discount,0.123,0
2024-08-12,S020,beverages,C3700,discount,0.19,1
2024-09-07,S020,beverages,C2658,discount,0.116,1
2024-09-15,S020,beverages,C6553,discount,0.242,0
2024-09-29,S020,beverages,C7715,discount,0.178,0
2024-10-27,S020,beverages,C5574,coupon,0.11,1
2024-11-02,S020,beverages,C6678,coupon,0.167,0
2024-11-05,S020,beverages,C6044,free_delivery,0.145,0
2024-11-11,S020,beverages,C3997,coupon,0.145,0
2024-11-12,S020,beverages,C2283,discount,0.148,0
2024-11-30,S020,beverages,C5753,coupon,0.189,0
2024-12-02,S020,beverages,C3300,bundle,0.168,0
2024-12-06,S020,beverages,C9454,free_delivery,0.177,0
2024-12-09,S020,beverages,C4695,bundle,0.222,1
2024-12-14,S020,beverages,C7424,discount,0.213,1
2024-12-21,S020,beverages,C1128,free_delivery,0.216,0
2024-12-25,S020,beverages,C7141,discount,0.189,1
2025-01-05,S020,beverages,C1515,discount,0.24,0
2025-01-06,S020,beverages,C4478,coupon,0.17,1
2025-01-08,S020,beverages,C8427,coupon,0.325,0
2025-01-13,S020,beverages,C5798,discount,0.191,1
2025-01-15,S020,beverages,C5327,bundle,0.22,0
2024-01-07,S020,snacks,C3750,discount,0.31,0
2024-01-08,S020,snacks,C3620,free_delivery,0.24,0
2024-01-10,S020,snacks,C5639,free_delivery,0.126,0
2024-01-15,S020,snacks,C4672,coupon,-0.1,1
2024-02-01,S020,snacks,C8196,coupon,0.058,0
2024-02-04,S020,snacks,C5110,coupon,0.147,0
2024-02-13,S020,snacks,C8015,coupon,0.083,0
2024-02-15,S020,snacks,C2376,coupon,0.103,1
2024-02-16,S020,snacks,C9017,bundle,0.219,0
2024-02-19,S020,snacks,C6656,free_delivery,0.134,1
2024-02-28,S020,snacks,C2381,discount,0.149,1
2024-03-03,S020,snacks,C5299,discount,0.16,0
2024-03-05,S020,snacks,C3243,free_delivery,0.202,0
2024-03-11,S020,snacks,C7555,bundle,0.14,0
2024-03-13,S020,snacks,C8353,discount,0.222,0
2024-03-20,S020,snacks,C8530,discount,0.248,0
2024-03-31,S020,snacks,C2914,free_delivery,0.162,0
2024-04-06,S020,snacks,C1815,bundle,0.087,0
2024-04-07,S020,snacks,C3453,discount,0.263,0
2024-04-09,S020,snacks,C9748,discount,0.055,0
2024-04-10,S020,snacks,C8328,free_delivery,0.13,1
2024-04-20,S020,snacks,C7764,coupon,0.207,0
2024-04-23,S020,snacks,C1427,discount,0.285,0
2024-05-06,S020,snacks,C1153,coupon,0.164,0
2024-05-15,S020,snacks,C8099,coupon,0.124,0
2024-05-18,S020,snacks,C6663,coupon,0.212,1
2024-05-24,S020,snacks,C4067,free_delivery,0.164,0
2024-05-26,S020,snacks,C1214,discount,0.255,0
2024-05-29,S020,snacks,C1314,discount,0.21,1
2024-06-16,S020,snacks,C4570,free_delivery,0.268,0
2024-06-18,S020,snacks,C6372,discount,0.195,1
2024-06-30,S020,snacks,C4203,coupon,0.165,1
2024-07-07,S020,snacks,C2913,discount,0.263,0
2024-07-20,S020,snacks,C3301,free_delivery,0.18,0
2024-07-26,S020,snacks,C2554,coupon,0.201,0
2024-08-06,S020,snacks,C5170,coupon,0.171,1
2024-08-10,S020,snacks,C9955,free_delivery,0.103,0
2024-08-19,S020,snacks,C5907,free_delivery,0.205,0
2024-10-13,S020,snacks,C2636,bundle,0.191,0
2024-10-22,S020,snacks,C7895,coupon,0.169,0
2024-10-24,S020,snacks,C4971,discount,0.161,0
2024-10-25,S020,snacks,C4190,discount,0.191,0
2024-11-14,S020,snacks,C9663,discount,0.211,1
2024-11-19,S020,snacks,C8007,bundle,0.221,1
2024-11-23,S020,snacks,C4952,free_delivery,0.169,0
2024-11-26,S020,snacks,C7079,discount,0.155,0
2024-11-27,S020,snacks,C8077,free_delivery,0.238,0
2024-12-11,S020,snacks,C7033,discount,0.106,1
2024-12-15,S020,snacks,C5657,discount,0.097,1
2025-01-09,S020,snacks,C4142,discount,0.168,0
2025-01-12,S020,snacks,C2255,discount,0.104,0
2025-01-20,S020,snacks,C9346,coupon,0.156,0
2025-01-24,S020,snacks,C5958,bundle,0.211,0
2024-01-04,S020,fresh,C6746,coupon,0.172,1
2024-01-05,S020,fresh,C4012,discount,0.18,0
2024-01-06,S020,fresh,C2523,bundle,0.29,0
2024-01-23,S020,fresh,C5094,discount,0.134,0
2024-01-30,S020,fresh,C5463,bundle,0.244,0
2024-02-07,S020,fresh,C3380,bundle,0.179,1
2024-03-12,S020,fresh,C7406,discount,0.176,0
2024-04-05,S020,fresh,C3213,discount,0.201,0
2024-04-11,S020,fresh,C6028,bundle,0.22,1
2024-05-01,S020,fresh,C9709,discount,0.328,0
2024-05-07,S020,fresh,C2857,coupon,0.185,0
2024-06-23,S020,fresh,C4375,coupon,0.277,0
2024-07-24,S020,fresh,C3707,coupon,0.103,0
2024-07-25,S020,fresh,C2103,coupon,0.175,0
2024-07-26,S020,fresh,C2489,free_delivery,0.168,0
2024-07-28,S020,fresh,C6912,coupon,0.141,1
2024-08-17,S020,fresh,C5019,discount,0.187,0
2024-08-25,S020,fresh,C9984,bundle,0.283,0
2024-09-07,S020,fresh,C7675,coupon,0.158,1
2024-09-22,S020,fresh,C7747,free_delivery,0.252,0
2024-09-23,S020,fresh,C5539,discount,0.268,1
2024-10-02,S020,fresh,C6430,discount,0.304,1
2024-10-29,S020,fresh,C4355,discount,0.137,1
2024-11-25,S020,fresh,C3901,discount,0.166,0
2024-12-17,S020,fresh,C9120,discount,0.212,1
2025-01-02,S020,fresh,C6317,discount,0.101,1
2025-01-05,S020,fresh,C8112,coupon,0.162,0
2025-01-12,S020,fresh,C5120,coupon,0.05,0
2024-01-12,S020,household,C9823,coupon,0.243,0
2024-01-17,S020,household,C8851,free_delivery,0.05,0
2024-02-03,S020,household,C9347,bundle,0.216,0
2024-02-10,S020,household,C6676,bundle,0.22,0
2024-02-12,S020,household,C9219,coupon,0.147,0
2024-02-16,S020,household,C8619,bundle,0.14,0
2024-03-14,S020,household,C2257,free_delivery,0.21,0
2024-03-21,S020,household,C1427,coupon,0.219,0
2024-03-22,S020,household,C7420,bundle,0.22,0
2024-03-27,S020,household,C2645,discount,0.197,0
2024-04-04,S020,household,C8501,discount,0.196,0
2024-04-06,S020,household,C2694,bundle,0.05,1
2024-04-14,S020,household,C1032,coupon,0.094,1
2024-05-13,S020,household,C9111,coupon,0.227,0
2024-05-20,S020,household,C5656,free_delivery,0.229,1
2024-05-23,S020,household,C8825,bundle,0.116,1
2024-05-25,S020,household,C7358,discount,0.233,0
2024-06-23,S020,household,C2366,discount,0.206,0
2024-09-15,S020,household,C1144,discount,0.175,0
2024-09-20,S020,household,C2814,free_delivery,0.154,0
2024-09-22,S020,household,C5800,discount,0.146,1
2024-11-10,S020,household,C2646,discount,0.06,1
2024-12-11,S020,household,C6329,free_delivery,0.102,1
2024-12-27,S020,household,C1407,discount,0.05,0
2025-01-13,S020,household,C4532,coupon,0.088,1
2024-01-04,S020,ready_to_eat,C3570,free_delivery,0.255,0
2024-01-06,S020,ready_to_eat,C2696,discount,0.156,0
2024-01-10,S020,ready_to_eat,C1120,discount,0.11,0
2024-01-12,S020,ready_to_eat,C2926,coupon,0.05,1
2024-01-13,S020,ready_to_eat,C8448,discount,0.256,0
2024-01-28,S020,ready_to_eat,C7450,discount,0.229,1
2024-02-05,S020,ready_to_eat,C6968,discount,0.157,0
2024-02-11,S020,ready_to_eat,C3030,coupon,0.283,0
2024-02-19,S020,ready_to_eat,C5994,bundle,0.175,1
2024-02-24,S020,ready_to_eat,C6915,bundle,0.167,0
2024-03-01,S020,ready_to_eat,C9184,bundle,0.153,0
2024-03-18,S020,ready_to_eat,C9654,free_delivery,0.215,0
2024-03-28,S020,ready_to_eat,C8195,discount,0.118,0
2024-04-02,S020,ready_to_eat,C5962,discount,0.139,0
2024-04-24,S020,ready_to_eat,C4809,coupon,0.12,0
2024-05-19,S020,ready_to_eat,C7375,discount,0.254,1
2024-05-23,S020,ready_to_eat,C9577,discount,0.239,0
2024-06-29,S020,ready_to_eat,C2705,coupon,0.251,0
2024-07-04,S020,ready_to_eat,C9038,coupon,0.208,1
2024-07-08,S020,ready_to_eat,C4039,bundle,0.193,0
2024-07-14,S020,ready_to_eat,C4029,discount,0.055,0
2024-07-25,S020,ready_to_eat,C4361,coupon,0.266,1
2024-08-07,S020,ready_to_eat,C7891,discount,0.094,0
2024-08-12,S020,ready_to_eat,C3367,discount,0.151,1
2024-08-16,S020,ready_to_eat,C4607,discount,0.083,0
2024-09-01,S020,ready_to_eat,C7030,coupon,0.255,1
2024-09-08,S020,ready_to_eat,C5792,discount,0.156,0
2024-09-22,S020,ready_to_eat,C2850,free_delivery,0.247,1
2024-09-26,S020,ready_to_eat,C2278,discount,0.225,0
2024-10-05,S020,ready_to_eat,C2045,bundle,0.222,1
2024-10-14,S020,ready_to_eat,C1422,free_delivery,0.166,1
2024-10-18,S020,ready_to_eat,C3516,discount,0.157,0
2024-10-24,S020,ready_to_eat,C6854,bundle,0.066,1
2024-11-02,S020,ready_to_eat,C5432,discount,0.281,1
2024-11-23,S020,ready_to_eat,C5138,discount,0.265,1
2024-12-08,S020,ready_to_eat,C1391,discount,0.102,0
2024-12-21,S020,ready_to_eat,C7226,coupon,0.247,1
2024-12-29,S020,ready_to_eat,C8060,coupon,0.213,1
2024-12-30,S020,ready_to_eat,C1909,free_delivery,0.098,0
2025-01-07,S020,ready_to_eat,C9540,discount,0.212,0
2025-01-08,S020,ready_to_eat,C6684,coupon,0.213,0
2024-01-02,S020,personal_care,C7254,coupon,0.187,0
2024-01-12,S020,personal_care,C9199,discount,0.194,0
2024-01-14,S020,personal_care,C8372,coupon,0.264,1
2024-01-20,S020,personal_care,C5225,bundle,0.121,1
2024-01-29,S020,personal_care,C4532,discount,0.12,1
2024-02-03,S020,personal_care,C2596,free_delivery,0.218,1
2024-02-13,S020,personal_care,C1463,coupon,0.27,1
2024-02-14,S020,personal_care,C7541,coupon,0.05,0
2024-02-22,S020,personal_care,C6990,free_delivery,0.05,1
2024-03-08,S020,personal_care,C4653,bundle,0.189,0
2024-03-24,S020,personal_care,C8130,discount,0.31,1
2024-03-29,S020,personal_care,C2459,bundle,0.196,0
2024-04-13,S020,personal_care,C8750,bundle,0.182,0
2024-04-21,S020,personal_care,C6096,coupon,0.235,0
2024-04-22,S020,personal_care,C3332,coupon,0.11,1
2024-04-29,S020,personal_care,C7078,discount,0.318,0
2024-05-05,S020,personal_care,C1061,coupon,0.178,1
2024-05-14,S020,personal_care,C7302,discount,0.238,0
2024-05-21,S020,personal_care,C5371,discount,0.285,0
2024-06-04,S020,personal_care,C3869,discount,0.166,1
2024-06-22,S020,personal_care,C5569,discount,0.227,0
2024-06-24,S020,personal_care,C2009,coupon,0.181,1
2024-06-27,S020,personal_care,C6837,free_delivery,0.224,0
2024-07-04,S020,personal_care,C1714,bundle,0.251,0
2024-07-06,S020,personal_care,C5037,discount,0.143,1
2024-07-22,S020,personal_care,C8724,discount,0.074,0
2024-08-01,S020,personal_care,C6816,free_delivery,0.25,0
2024-08-02,S020,personal_care,C4205,discount,0.109,0
2024-08-10,S020,personal_care,C8366,discount,0.242,0
2024-09-06,S020,personal_care,C8389,coupon,0.262,0
2024-09-12,S020,personal_care,C1418,coupon,0.237,1
2024-09-28,S020,personal_care,C6362,coupon,0.05,0
2024-10-02,S020,personal_care,C8514,coupon,0.234,0
2024-10-06,S020,personal_care,C7749,bundle,0.243,1
2024-10-11,S020,personal_care,C5333,discount,0.121,1
2024-10-14,S020,personal_care,C4257,discount,0.204,0
2024-10-16,S020,personal_care,C8170,bundle,0.134,0
2024-10-27,S020,personal_care,C3173,free_delivery,0.205,0
2024-10-29,S020,personal_care,C5495,discount,0.204,0
2024-11-04,S020,personal_care,C8932,bundle,0.229,1
2024-11-07,S020,personal_care,C9746,coupon,0.259,0
2024-11-17,S020,personal_care,C7371,discount,0.071,1
2024-11-29,S020,personal_care,C9373,coupon,0.118,0
2024-12-05,S020,personal_care,C4454,discount,0.156,0
2024-12-14,S020,personal_care,C4802,discount,0.129,0
2024-12-30,S020,personal_care,C8136,discount,0.079,0
2025-01-01,S020,personal_care,C9027,discount,0.217,1
2025-01-04,S020,personal_care,C5724,coupon,0.207,0
2025-01-08,S020,personal_care,C3996,discount,0.25,1
2024-01-06,S021,beverages,C2008,coupon,0.05,0
2024-01-08,S021,beverages,C7724,discount,0.163,1
2024-01-11,S021,beverages,C4885,discount,0.14,1
2024-01-20,S021,beverages,C8936,free_delivery,0.208,1
2024-01-30,S021,beverages,C9877,discount,0.245,1
2024-02-11,S021,beverages,C1272,coupon,0.152,1
2024-02-13,S021,beverages,C7549,discount,0.092,0
2024-02-14,S021,beverages,C7566,discount,0.116,0
2024-02-18,S021,beverages,C5573,discount,0.272,1
2024-02-28,S021,beverages,C5553,bundle,0.253,0
2024-03-06,S021,beverages,C8631,bundle,0.223,0
2024-03-21,S021,beverages,C6789,bundle,0.103,0
2024-03-25,S021,beverages,C4243,coupon,0.176,1
2024-04-09,S021,beverages,C7269,discount,0.141,1
2024-04-12,S021,beverages,C1149,free_delivery,0.163,0
2024-04-23,S021,beverages,C6514,discount,0.166,1
2024-04-24,S021,beverages,C7117,discount,0.277,1
2024-05-10,S021,beverages,C3228,coupon,0.186,1
2024-05-12,S021,beverages,C8547,discount,0.199,1
2024-06-11,S021,beverages,C6669,coupon,0.247,1
2024-06-17,S021,beverages,C2739,discount,0.144,0
2024-06-25,S021,beverages,C2563,bundle,0.148,1
2024-07-04,S021,beverages,C4194,coupon,0.334,0
2024-07-11,S021,beverages,C1900,discount,0.133,0
2024-07-13,S021,beverages,C7864,discount,0.17,1
2024-07-16,S021,beverages,C3319,discount,0.163,0
2024-07-25,S021,beverages,C2490,coupon,0.192,0
2024-07-30,S021,beverages,C8928,discount,0.124,0
2024-08-04,S021,beverages,C3368,free_delivery,0.23,0
2024-08-29,S021,beverages,C2213,free_delivery,0.165,1
2024-09-06,S021,beverages,C7733,discount,0.126,1
2024-09-08,S021,beverages,C7786,coupon,0.22,1
2024-09-16,S021,beverages,C2584,coupon,0.118,0
2024-09-17,S021,beverages,C2268,discount,0.137,0
2024-09-18,S021,beverages,C8319,coupon,0.258,1
2024-09-19,S021,beverages,C6693,bundle,0.177,1
2024-09-22,S021,beverages,C4379,discount,0.061,1
2024-09-25,S021,beverages,C5134,coupon,0.171,0
2024-10-06,S021,beverages,C4281,free_delivery,0.157,0
2024-10-07,S021,beverages,C8178,coupon,0.239,0
2024-10-19,S021,beverages,C4466,free_delivery,0.19,0
2024-10-21,S021,beverages,C7291,coupon,0.142,0
2024-10-25,S021,beverages,C8427,free_delivery,0.188,0
2024-11-06,S021,beverages,C5644,discount,0.278,0
2024-11-09,S021,beverages,C5490,coupon,0.24,1
2024-11-10,S021,beverages,C8458,free_delivery,0.051,1
2024-11-11,S021,beverages,C7599,free_delivery,0.251,0
2024-11-16,S021,beverages,C6722,free_delivery,0.223,1
2024-11-24,S021,beverages,C2969,free_delivery,0.194,0
2024-11-25,S021,beverages,C9049,bundle,0.269,0
2024-12-11,S021,beverages,C4350,discount,0.174,0
2024-12-12,S021,beverages,C3603,free_delivery,0.242,1
2024-12-24,S021,beverages,C5763,discount,0.139,1
2025-01-06,S021,beverages,C6157,coupon,0.242,0
2025-01-12,S021,beverages,C3037,discount,0.252,1
2025-01-22,S021,beverages,C1016,coupon,0.058,0
2024-01-10,S021,snacks,C1874,free_delivery,0.102,0
2024-01-20,S021,snacks,C2207,free_delivery,0.23,1
2024-01-28,S021,snacks,C3802,free_delivery,0.123,0
2024-01-30,S021,snacks,C3597,coupon,0.132,1
2024-02-05,S021,snacks,C1329,bundle,0.182,0
2024-02-06,S021,snacks,C7500,free_delivery,0.132,1
2024-02-22,S021,snacks,C3074,discount,0.279,1
2024-02-28,S021,snacks,C6270,discount,0.28,1
2024-03-01,S021,snacks,C1203,coupon,0.287,0
2024-03-03,S021,snacks,C8438,coupon,0.079,1
2024-03-11,S021,snacks,C9573,coupon,0.247,0
2024-03-15,S021,snacks,C9534,coupon,0.127,0
2024-03-18,S021,snacks,C3925,coupon,0.08,0
2024-03-19,S021,snacks,C3483,coupon,0.188,1
2024-03-23,S021,snacks,C4765,free_delivery,0.324,0
2024-04-04,S021,snacks,C3948,discount,0.094,0
2024-04-05,S021,snacks,C6156,coupon,0.201,1
2024-04-06,S021,snacks,C5581,discount,0.193,0
2024-04-10,S021,snacks,C2346,discount,0.195,0
2024-04-17,S021,snacks,C6096,bundle,0.216,1
2024-04-25,S021,snacks,C1893,free_delivery,0.336,0
2024-05-09,S021,snacks,C5606,free_delivery,0.187,0
2024-05-11,S021,snacks,C6089,bundle,0.323,1
2024-05-21,S021,snacks,C7713,coupon,0.05,1
2024-05-22,S021,snacks,C9124,coupon,0.213,0
2024-05-31,S021,snacks,C5145,bundle,0.202,1
2024-06-02,S021,snacks,C1504,discount,0.139,0
2024-06-08,S021,snacks,C9589,free_delivery,0.138,0
2024-06-10,S021,snacks,C8762,bundle,0.216,0
2024-06-13,S021,snacks,C9768,discount,0.199,0
2024-06-22,S021,snacks,C2484,discount,0.154,1
2024-07-20,S021,snacks,C9404,discount,0.175,1
2024-07-26,S021,snacks,C1960,discount,0.304,0
2024-08-04,S021,snacks,C2931,coupon,0.117,0
2024-08-06,S021,snacks,C3441,coupon,0.186,1
2024-08-13,S021,snacks,C3754,discount,0.158,0
2024-08-22,S021,snacks,C6768,discount,0.278,1
2024-08-25,S021,snacks,C5844,coupon,0.062,0
2024-08-28,S021,snacks,C3033,coupon,0.05,1
2024-08-29,S021,snacks,C5086,free_delivery,0.202,0
2024-09-03,S021,snacks,C1736,free_delivery,0.111,0
2024-09-17,S021,snacks,C3231,discount,0.161,1
2024-09-25,S021,snacks,C6047,coupon,0.137,0
2024-10-15,S021,snacks,C6976,coupon,0.134,1
2024-10-18,S021,snacks,C4877,coupon,0.179,0
2024-10-27,S021,snacks,C7279,bundle,0.155,0
2024-10-28,S021,snacks,C8347,discount,0.104,0
2024-11-08,S021,snacks,C5197,bundle,0.18,0
2024-11-09,S021,snacks,C7668,discount,0.221,0
2024-11-14,S021,snacks,C7324,coupon,0.29,0
2024-11-18,S021,snacks,C6542,discount,0.171,0
2024-11-27,S021,snacks,C5022,discount,0.255,0
2024-12-22,S021,snacks,C2713,free_delivery,0.132,1
2024-12-28,S021,snacks,C4729,coupon,0.277,1
2024-12-29,S021,snacks,C3918,discount,0.084,0
2025-01-04,S021,snacks,C4079,coupon,0.143,0
2025-01-07,S021,snacks,C3429,discount,0.129,0
2025-01-09,S021,snacks,C1069,coupon,0.089,0
2025-01-11,S021,snacks,C5566,bundle,0.205,0
2025-01-14,S021,snacks,C5130,bundle,0.244,1
2025-01-20,S021,snacks,C7665,discount,0.192,0
2025-01-25,S021,snacks,C7542,discount,0.097,0
2025-01-27,S021,snacks,C6336,discount,0.213,0
2024-01-12,S021,fresh,C8002,discount,0.183,0
2024-01-28,S021,fresh,C1460,free_delivery,0.105,1
2024-02-10,S021,fresh,C7529,discount,0.095,1
2024-02-19,S021,fresh,C2338,discount,0.153,0
2024-02-29,S021,fresh,C5923,discount,0.237,0
2024-03-13,S021,fresh,C4697,coupon,0.151,1
2024-04-26,S021,fresh,C1738,discount,0.229,0
2024-05-09,S021,fresh,C5049,coupon,0.087,0
2024-05-17,S021,fresh,C6967,bundle,0.168,1
2024-06-03,S021,fresh,C3803,coupon,0.19,0
2024-06-11,S021,fresh,C5533,coupon,0.239,0
2024-06-15,S021,fresh,C5223,discount,0.323,1
2024-07-18,S021,fresh,C6853,free_delivery,0.123,1
2024-07-28,S021,fresh,C8432,coupon,0.262,1
2024-08-03,S021,fresh,C4078,discount,0.243,0
2024-08-08,S021,fresh,C3884,discount,0.05,1
2024-08-17,S021,fresh,C7884,coupon,0.223,0
2024-08-18,S021,fresh,C8117,coupon,0.213,1
2024-08-24,S021,fresh,C3454,coupon,0.298,0
2024-08-30,S021,fresh,C5970,coupon,0.22,1
2024-09-03,S021,fresh,C5268,discount,0.27,0
2024-10-08,S021,fresh,C3347,discount,0.125,1
2024-12-29,S021,fresh,C3679,discount,0.116,0
2025-01-04,S021,fresh,C6545,bundle,0.103,0
2025-01-14,S021,fresh,C6552,free_delivery,0.243,0
2025-01-26,S021,fresh,C4442,discount,0.244,1
2024-02-01,S021,household,C8051,bundle,0.216,0
2024-02-11,S021,household,C9448,coupon,0.096,1
2024-02-13,S021,household,C4576,coupon,0.16,0
2024-02-14,S021,household,C5740,discount,0.203,1
2024-03-24,S021,household,C5085,coupon,0.132,0
2024-04-02,S021,household,C1075,discount,0.138,0
2024-04-14,S021,household,C4277,coupon,0.158,0
2024-05-01,S021,household,C2193,coupon,0.05,1
2024-05-03,S021,household,C6733,discount,0.133,0
2024-05-25,S021,household,C7789,bundle,0.207,1
2024-05-30,S021,household,C6878,discount,0.283,0
2024-06-10,S021,household,C7456,discount,0.207,0
2024-06-12,S021,household,C7295,discount,0.102,0
2024-06-15,S021,household,C8168,discount,0.068,1
2024-06-20,S021,household,C7391,discount,0.115,1
2024-06-22,S021,household,C9630,discount,0.248,1
2024-06-24,S021,household,C5596,discount,0.192,0
2024-06-26,S021,household,C4094,discount,0.05,0
2024-06-30,S021,household,C5774,coupon,0.255,0
2024-07-06,S021,household,C7920,bundle,0.178,1
2024-07-19,S021,household,C6506,bundle,0.15,1
2024-07-27,S021,household,C6510,discount,0.231,0
2024-08-25,S021,household,C8573,discount,0.121,0
2024-09-08,S021,household,C4422,coupon,0.35,0
2024-09-12,S021,household,C9555,coupon,0.328,1
2024-09-22,S021,household,C9242,bundle,0.188,0
2024-10-10,S021,household,C8519,discount,0.149,0
2024-11-03,S021,household,C7428,free_delivery,0.175,1
2024-11-12,S021,household,C5436,discount,0.159,0
2024-11-13,S021,household,C8954,coupon,0.143,1
2024-11-28,S021,household,C3974,discount,0.192,1
2024-12-09,S021,household,C5975,discount,0.171,0
2025-01-12,S021,household,C4737,coupon,0.199,1
2025-01-16,S021,household,C8336,free_delivery,0.191,0
2025-01-26,S021,household,C9429,free_delivery,0.213,0
2024-01-02,S021,ready_to_eat,C7388,discount,0.204,1
2024-01-07,S021,ready_to_eat,C7481,discount,0.199,0
2024-01-13,S021,ready_to_eat,C1986,bundle,0.154,0
2024-01-30,S021,ready_to_eat,C2462,coupon,0.185,0
2024-02-09,S021,ready_to_eat,C8566,discount,0.265,0
2024-02-20,S021,ready_to_eat,C1322,coupon,0.124,0
2024-02-21,S021,ready_to_eat,C1711,discount,0.138,0
2024-02-24,S021,ready_to_eat,C8817,coupon,0.224,0
2024-02-29,S021,ready_to_eat,C4673,coupon,0.177,1
2024-03-02,S021,ready_to_eat,C7742,bundle,0.223,0
2024-03-05,S021,ready_to_eat,C1315,coupon,0.296,0
2024-03-20,S021,ready_to_eat,C6453,discount,0.05,0
2024-03-28,S021,ready_to_eat,C9812,free_delivery,0.12,1
2024-04-06,S021,ready_to_eat,C1658,coupon,0.133,0
2024-04-07,S021,ready_to_eat,C4256,bundle,0.17,0
2024-04-14,S021,ready_to_eat,C5843,free_delivery,0.132,0
2024-04-21,S021,ready_to_eat,C4759,discount,0.221,0
2024-04-29,S021,ready_to_eat,C9067,discount,0.277,0
2024-05-14,S021,ready_to_eat,C9527,discount,0.156,1
2024-05-15,S021,ready_to_eat,C1537,free_delivery,0.255,0
2024-05-19,S021,ready_to_eat,C1046,discount,0.05,0
2024-05-21,S021,ready_to_eat,C6304,free_delivery,0.208,0
2024-05-27,S021,ready_to_eat,C7885,coupon,0.283,0
2024-06-04,S021,ready_to_eat,C3190,bundle,0.122,1
2024-06-09,S021,ready_to_eat,C6952,coupon,0.29,0
2024-06-27,S021,ready_to_eat,C6524,discount,0.287,1
2024-07-17,S021,ready_to_eat,C5021,coupon,0.183,0
2024-07-30,S021,ready_to_eat,C1520,coupon,0.05,1
2024-08-05,S021,ready_to_eat,C4957,discount,0.081,1
2024-08-22,S021,ready_to_eat,C1084,free_delivery,0.222,0
2024-09-01,S021,ready_to_eat,C6853,discount,0.286,0
2024-09-07,S021,ready_to_eat,C5850,coupon,0.201,0
2024-09-15,S021,ready_to_eat,C4440,free_delivery,0.113,1
2024-09-21,S021,ready_to_eat,C9668,discount,0.05,0
2024-09-30,S021,ready_to_eat,C1060,coupon,0.215,0
2024-10-04,S021,ready_to_eat,C1809,discount,0.161,0
2024-10-08,S021,ready_to_eat,C6404,discount,0.175,0
2024-10-13,S021,ready_to_eat,C2988,discount,0.132,0
2024-10-29,S021,ready_to_eat,C4651,discount,0.063,0
2024-11-06,S021,ready_to_eat,C9234,coupon,0.05,0
2024-11-14,S021,ready_to_eat,C9107,coupon,0.122,1
2024-11-24,S021,ready_to_eat,C3995,discount,0.238,0
2025-01-03,S021,ready_to_eat,C3833,discount,0.124,0
2025-01-11,S021,ready_to_eat,C9646,bundle,0.244,0
2025-01-23,S021,ready_to_eat,C6733,discount,0.268,1
2024-01-08,S021,personal_care,C7682,discount,0.23,0
2024-01-20,S021,personal_care,C4267,discount,0.198,0
2024-01-25,S021,personal_care,C5504,discount,0.247,0
2024-01-26,S021,personal_care,C6042,free_delivery,0.164,0
2024-02-03,S021,personal_care,C4410,bundle,0.092,1
2024-02-11,S021,personal_care,C7789,free_delivery,0.168,0
2024-02-18,S021,personal_care,C8749,coupon,0.198,0
2024-03-03,S021,personal_care,C8817,bundle,0.306,0
2024-03-08,S021,personal_care,C3284,bundle,0.145,0
2024-04-01,S021,personal_care,C3364,discount,0.139,1
2024-04-19,S021,personal_care,C9266,discount,0.098,1
2024-04-25,S021,personal_care,C4724,coupon,0.167,1
2024-05-14,S021,personal_care,C7149,discount,0.198,0
2024-06-03,S021,personal_care,C5075,discount,0.275,0
2024-06-12,S021,personal_care,C7421,discount,0.256,0
2024-06-25,S021,personal_care,C3920,discount,0.173,0
2024-06-26,S021,personal_care,C7543,bundle,0.194,1
2024-06-29,S021,personal_care,C9581,coupon,0.196,0
2024-09-15,S021,personal_care,C7385,discount,0.05,1
2024-09-28,S021,personal_care,C9616,coupon,0.277,1
2024-10-06,S021,personal_care,C4828,bundle,0.141,1
2024-10-12,S021,personal_care,C8464,coupon,0.318,0
2024-10-17,S021,personal_care,C5365,free_delivery,0.188,0
2024-10-23,S021,personal_care,C5566,discount,0.181,0
2024-11-15,S021,personal_care,C4381,bundle,0.277,0
2024-11-18,S021,personal_care,C7727,free_delivery,0.332,1
2024-11-19,S021,personal_care,C4973,discount,0.146,0
2024-11-24,S021,personal_care,C1214,discount,0.259,1
2024-11-26,S021,personal_care,C8098,coupon,0.13,1
2024-12-19,S021,personal_care,C5791,discount,0.182,0
2024-12-22,S021,personal_care,C9792,coupon,0.239,0
2024-12-24,S021,personal_care,C9672,coupon,0.2,1
2025-01-11,S021,personal_care,C2181,bundle,0.236,1
2025-01-14,S021,personal_care,C7802,coupon,0.196,1
2025-01-18,S021,personal_care,C4368,free_delivery,0.277,1
2025-01-24,S021,personal_care,C4002,coupon,0.21,0
2024-01-01,S022,beverages,C4935,coupon,0.225,0
2024-01-27,S022,beverages,C7630,bundle,0.303,0
2024-02-01,S022,beverages,C9656,coupon,0.182,0
2024-02-03,S022,beverages,C1668,free_delivery,0.235,0
2024-02-04,S022,beverages,C2563,coupon,0.185,0
2024-02-05,S022,beverages,C4701,free_delivery,0.206,1
2024-02-15,S022,beverages,C3945,discount,0.183,0
2024-02-18,S022,beverages,C9021,bundle,0.198,0
2024-02-20,S022,beverages,C7193,free_delivery,0.201,0
2024-02-24,S022,beverages,C3254,discount,0.157,1
2024-03-23,S022,beverages,C8383,discount,0.068,0
2024-04-09,S022,beverages,C3053,discount,0.229,0
2024-04-12,S022,beverages,C3684,discount,0.306,0
2024-04-13,S022,beverages,C7598,discount,0.187,1
2024-04-22,S022,beverages,C1066,bundle,0.104,0
2024-04-30,S022,beverages,C3302,bundle,0.291,0
2024-05-06,S022,beverages,C7438,coupon,0.158,0
2024-05-07,S022,beverages,C5710,discount,0.173,0
2024-05-26,S022,beverages,C5333,discount,0.248,1
2024-05-27,S022,beverages,C4727,bundle,0.221,1
2024-06-02,S022,beverages,C3968,discount,0.201,0
2024-06-05,S022,beverages,C1323,free_delivery,0.195,0
2024-06-10,S022,beverages,C1875,bundle,0.111,0
2024-06-18,S022,beverages,C1574,bundle,0.223,0
2024-06-19,S022,beverages,C2757,coupon,0.215,0
2024-06-25,S022,beverages,C2108,coupon,0.113,0
2024-06-29,S022,beverages,C6345,discount,0.116,0
2024-07-17,S022,beverages,C6051,free_delivery,0.089,1
2024-07-25,S022,beverages,C6906,discount,1.2,0
2024-08-03,S022,beverages,C4573,discount,0.225,1
2024-08-12,S022,beverages,C1630,free_delivery,0.151,1
2024-08-16,S022,beverages,C1702,discount,0.125,0
2024-08-20,S022,beverages,C1171,discount,0.216,0
2024-09-07,S022,beverages,C3249,bundle,0.209,1
2024-09-09,S022,beverages,C5771,free_delivery,0.126,0
2024-09-13,S022,beverages,C7358,discount,0.121,1
2024-09-21,S022,beverages,C6598,bundle,0.099,1
2024-10-03,S022,beverages,C5603,discount,0.05,1
2024-10-04,S022,beverages,C9078,discount,0.174,0
2024-10-06,S022,beverages,C8524,free_delivery,0.225,0
2024-10-10,S022,beverages,C6799,coupon,0.232,0
2024-10-13,S022,beverages,C2299,free_delivery,0.165,0
2024-10-16,S022,beverages,C8239,bundle,0.148,0
2024-10-20,S022,beverages,C6800,bundle,0.187,0
2024-10-27,S022,beverages,C9328,bundle,0.256,0
2024-10-28,S022,beverages,C6199,bundle,0.366,0
2024-11-06,S022,beverages,C9790,coupon,0.266,0
2024-11-27,S022,beverages,C4083,bundle,0.114,0
2024-12-11,S022,beverages,C6889,discount,0.22,1
2025-01-10,S022,beverages,C2706,coupon,0.135,0
2025-01-18,S022,beverages,C1467,bundle,0.162,1
2025-01-25,S022,beverages,C7960,discount,0.25,0
2024-01-18,S022,snacks,C2006,bundle,0.18,0
2024-01-24,S022,snacks,C9049,discount,0.088,0
2024-02-05,S022,snacks,C5558,free_delivery,0.06,0
2024-02-10,S022,snacks,C8514,coupon,0.162,0
2024-02-24,S022,snacks,C7455,discount,0.3,0
2024-03-06,S022,snacks,C1788,coupon,0.13,1
2024-03-28,S022,snacks,C5528,bundle,0.124,1
2024-03-29,S022,snacks,C2725,coupon,0.16,1
2024-03-31,S022,snacks,C5584,free_delivery,0.315,0
2024-04-06,S022,snacks,C7339,bundle,0.232,0
2024-04-23,S022,snacks,C6749,discount,0.196,1
2024-05-06,S022,snacks,C8759,coupon,0.066,0
2024-05-12,S022,snacks,C4345,free_delivery,0.215,1
2024-05-21,S022,snacks,C2166,coupon,0.179,1
2024-05-26,S022,snacks,C5344,discount,0.15,0
2024-05-31,S022,snacks,C9644,discount,0.161,0
2024-06-02,S022,snacks,C6348,discount,0.062,1
2024-06-12,S022,snacks,C6301,free_delivery,0.05,1
2024-06-30,S022,snacks,C5348,discount,0.248,0
2024-07-07,S022,snacks,C8367,free_delivery,0.18,0
2024-07-18,S022,snacks,C4380,free_delivery,0.15,0
2024-08-03,S022,snacks,C9576,discount,0.215,0
2024-08-11,S022,snacks,C8794,discount,0.16,1
2024-08-21,S022,snacks,C7209,discount,0.199,0
2024-08-22,S022,snacks,C3357,coupon,0.05,1
2024-08-24,S022,snacks,C7647,discount,0.103,1
2024-09-07,S022,snacks,C9689,free_delivery,0.244,0
2024-09-15,S022,snacks,C7051,coupon,0.194,0
2024-09-20,S022,snacks,C4493,discount,0.27,0
2024-09-23,S022,snacks,C9742,discount,0.097,0
2024-09-28,S022,snacks,C3080,discount,0.143,1
2024-09-29,S022,snacks,C2419,coupon,0.05,0
2024-10-01,S022,snacks,C4057,free_delivery,0.236,0
2024-12-01,S022,snacks,C4486,discount,0.133,1
2025-01-05,S022,snacks,C9008,discount,0.264,0
2025-01-25,S022,snacks,C9038,bundle,0.071,1
2024-01-03,S022,fresh,C9686,free_delivery,0.076,0
2024-02-09,S022,fresh,C7723,bundle,0.197,1
2024-02-29,S022,fresh,C1888,coupon,0.32,0
2024-03-23,S022,fresh,C4294,coupon,0.107,1
2024-03-25,S022,fresh,C7161,discount,0.192,0
2024-03-29,S022,fresh,C8799,discount,0.05,0
2024-04-02,S022,fresh,C3634,free_delivery,0.228,1
2024-04-04,S022,fresh,C1321,coupon,0.15,1
2024-04-05,S022,fresh,C4090,coupon,0.129,0
2024-04-12,S022,fresh,C9382,coupon,0.132,1
2024-04-14,S022,fresh,C7865,discount,0.159,0
2024-06-07,S022,fresh,C8912,free_delivery,0.318,1
2024-07-06,S022,fresh,C1071,discount,0.206,1
2024-07-20,S022,fresh,C1304,discount,0.224,0
2024-08-04,S022,fresh,C8105,discount,0.05,1
2024-08-11,S022,fresh,C8315,discount,0.123,0
2024-09-03,S022,fresh,C5940,discount,0.187,1
2024-09-17,S022,fresh,C9946,discount,0.335,1
2024-09-18,S022,fresh,C2197,free_delivery,0.253,1
2024-10-09,S022,fresh,C1799,bundle,0.088,0
2024-10-20,S022,fresh,C6236,coupon,0.163,0
2024-10-29,S022,fresh,C4929,discount,0.214,1
2024-11-15,S022,fresh,C4225,discount,0.114,0
2024-11-23,S022,fresh,C1031,discount,0.05,0
2024-11-24,S022,fresh,C2732,discount,0.264,0
2024-11-29,S022,fresh,C4124,free_delivery,0.181,0
2025-01-09,S022,fresh,C9916,discount,0.204,1
2025-01-26,S022,fresh,C6265,discount,0.109,0
2024-01-19,S022,household,C1451,coupon,0.153,0
2024-02-06,S022,household,C8260,discount,0.15,0
2024-02-20,S022,household,C4476,coupon,0.137,0
2024-04-04,S022,household,C6421,free_delivery,0.26,0
2024-04-08,S022,household,C3025,discount,0.17,0
2024-04-17,S022,household,C9972,coupon,0.347,1
2024-04-22,S022,household,C5536,discount,0.085,1
2024-05-02,S022,household,C4719,discount,0.05,1
2024-06-16,S022,household,C5703,discount,0.199,1
2024-06-20,S022,household,C9069,discount,0.212,1
2024-06-23,S022,household,C1049,coupon,0.065,0
2024-07-05,S022,household,C8131,free_delivery,0.067,1
2024-07-06,S022,household,C9220,discount,0.151,1
2024-09-03,S022,household,C7453,coupon,0.346,1
2024-09-22,S022,household,C8029,coupon,0.05,0
2024-10-05,S022,household,C9735,coupon,0.242,1
2024-10-12,S022,household,C5781,bundle,0.05,0
2024-10-18,S022,household,C3763,discount,0.268,1
2024-11-02,S022,household,C2810,coupon,0.188,0
2024-11-19,S022,household,C7855,discount,0.05,1
2024-12-07,S022,household,C2132,discount,0.143,0
2024-12-14,S022,household,C8089,coupon,0.152,0
2024-12-18,S022,household,C3249,discount,0.148,1
2024-12-22,S022,household,C2718,coupon,0.194,0
2024-12-24,S022,household,C7104,coupon,0.203,0
2024-12-31,S022,household,C1976,bundle,0.127,0
2025-01-25,S022,household,C7929,bundle,0.19,1
2024-01-25,S022,ready_to_eat,C5660,bundle,0.119,1
2024-02-26,S022,ready_to_eat,C1451,coupon,0.234,1
2024-02-29,S022,ready_to_eat,C1499,free_delivery,0.193,0
2024-03-06,S022,ready_to_eat,C3390,coupon,0.175,1
2024-03-17,S022,ready_to_eat,C6269,coupon,0.091,1
2024-03-21,S022,ready_to_eat,C3738,discount,0.151,1
2024-03-28,S022,ready_to_eat,C5981,coupon,0.381,1
2024-04-06,S022,ready_to_eat,C3960,coupon,0.056,1
2024-04-13,S022,ready_to_eat,C5585,free_delivery,0.202,1
2024-04-21,S022,ready_to_eat,C7225,coupon,0.23,0
2024-05-01,S022,ready_to_eat,C8479,coupon,0.107,1
2024-05-08,S022,ready_to_eat,C4584,coupon,0.165,1
2024-05-14,S022,ready_to_eat,C2361,discount,0.05,0
2024-05-21,S022,ready_to_eat,C9296,coupon,0.06,0
2024-06-04,S022,ready_to_eat,C4841,free_delivery,0.101,1
2024-06-11,S022,ready_to_eat,C1275,coupon,0.172,0
2024-07-02,S022,ready_to_eat,C2462,discount,0.05,0
2024-07-06,S022,ready_to_eat,C3622,bundle,0.161,0
2024-07-12,S022,ready_to_eat,C2156,free_delivery,0.164,1
2024-07-13,S022,ready_to_eat,C6345,coupon,0.165,0
2024-07-28,S022,ready_to_eat,C8850,bundle,0.147,0
2024-08-03,S022,ready_to_eat,C8490,discount,0.152,0
2024-08-07,S022,ready_to_eat,C7211,coupon,0.227,1
2024-08-11,S022,ready_to_eat,C9493,coupon,0.17,1
2024-08-17,S022,ready_to_eat,C8837,coupon,0.162,1
2024-08-19,S022,ready_to_eat,C3020,discount,0.349,1
2024-09-11,S022,ready_to_eat,C9282,discount,0.178,1
2024-09-19,S022,ready_to_eat,C3296,discount,0.147,0
2024-09-29,S022,ready_to_eat,C3238,coupon,0.118,1
2024-09-30,S022,ready_to_eat,C2439,coupon,0.144,1
2024-10-14,S022,ready_to_eat,C5639,discount,0.213,0
2024-10-21,S022,ready_to_eat,C5913,discount,0.145,0
2024-10-24,S022,ready_to_eat,C5151,discount,0.188,0
2024-11-22,S022,ready_to_eat,C6608,discount,0.243,0
2024-11-23,S022,ready_to_eat,C5780,coupon,0.082,0
2024-11-29,S022,ready_to_eat,C4244,bundle,0.201,0
2024-12-04,S022,ready_to_eat,C6235,discount,0.175,0
2024-12-05,S022,ready_to_eat,C2634,free_delivery,0.149,1
2024-12-12,S022,ready_to_eat,C8344,coupon,0.173,0
2024-12-21,S022,ready_to_eat,C9197,free_delivery,0.276,0
2024-12-22,S022,ready_to_eat,C6995,bundle,0.167,1
2025-01-19,S022,ready_to_eat,C2234,discount,0.05,1
2025-01-25,S022,ready_to_eat,C5451,discount,0.233,1
2024-01-03,S022,personal_care,C1601,free_delivery,0.236,0
2024-01-18,S022,personal_care,C2609,discount,0.173,0
2024-01-20,S022,personal_care,C1885,bundle,0.309,1
2024-01-21,S022,personal_care,C9286,discount,0.081,0
2024-02-11,S022,personal_care,C9737,bundle,0.159,0
2024-02-14,S022,personal_care,C3022,discount,0.139,0
2024-02-22,S022,personal_care,C9890,coupon,0.168,0
2024-02-26,S022,personal_care,C6928,bundle,0.249,1
2024-03-09,S022,personal_care,C2779,coupon,0.187,0
2024-03-11,S022,personal_care,C8931,coupon,0.221,0
2024-03-28,S022,personal_care,C5252,discount,0.083,1
2024-04-05,S022,personal_care,C4904,discount,0.131,1
2024-04-27,S022,personal_care,C1658,coupon,0.239,0
2024-05-06,S022,personal_care,C9692,coupon,0.187,0
2024-06-17,S022,personal_care,C5522,coupon,0.261,0
2024-06-19,S022,personal_care,C7949,coupon,0.179,1
2024-06-24,S022,personal_care,C3011,free_delivery,0.321,0
2024-07-09,S022,personal_care,C9394,discount,0.207,0
2024-07-13,S022,personal_care,C3387,bundle,0.15,0
2024-07-16,S022,personal_care,C8263,discount,0.325,1
2024-07-19,S022,personal_care,C9945,coupon,0.161,0
2024-08-02,S022,personal_care,C9362,free_delivery,0.089,0
2024-08-17,S022,personal_care,C1562,discount,0.175,0
2024-08-27,S022,personal_care,C3895,coupon,0.261,0
2024-09-01,S022,personal_care,C1194,bundle,0.197,0
2024-09-16,S022,personal_care,C3810,discount,0.136,0
2024-09-22,S022,personal_care,C8740,discount,0.202,0
2024-09-27,S022,personal_care,C4629,coupon,0.151,1
2024-10-14,S022,personal_care,C4003,discount,0.19,1
2024-10-19,S022,personal_care,C1713,discount,0.287,0
2024-10-23,S022,personal_care,C9364,discount,0.134,1
2024-10-25,S022,personal_care,C7096,discount,0.185,0
2024-11-03,S022,personal_care,C8813,coupon,0.133,0
2024-11-04,S022,personal_care,C7971,discount,0.183,0
2024-11-06,S022,personal_care,C8553,free_delivery,0.137,1
2024-11-10,S022,personal_care,C5789,coupon,0.14,0
2024-12-14,S022,personal_care,C5655,discount,0.271,0
2024-12-19,S022,personal_care,C1809,free_delivery,0.371,1
2025-01-04,S022,personal_care,C5961,discount,0.195,1
2025-01-18,S022,personal_care,C6592,free_delivery,0.257,0
2025-01-23,S022,personal_care,C3230,discount,0.129,0
2024-01-07,S023,beverages,C4165,discount,0.368,0
2024-01-10,S023,beverages,C3863,discount,0.198,0
2024-01-22,S023,beverages,C1438,discount,0.122,1
2024-01-26,S023,beverages,C8106,coupon,0.3,0
2024-02-02,S023,beverages,C5062,bundle,0.216,1
2024-02-06,S023,beverages,C2656,coupon,0.296,0
2024-02-07,S023,beverages,C3527,coupon,0.29,0
2024-02-10,S023,beverages,C1808,coupon,0.136,1
2024-02-24,S023,beverages,C8637,free_delivery,0.054,1
2024-03-05,S023,beverages,C4833,coupon,0.129,0
2024-03-10,S023,beverages,C5080,coupon,0.295,1
2024-03-12,S023,beverages,C5038,discount,0.204,1
2024-03-19,S023,beverages,C9675,free_delivery,0.315,0
2024-03-26,S023,beverages,C7561,bundle,0.258,0
2024-03-29,S023,beverages,C1483,coupon,0.27,1
2024-04-03,S023,beverages,C5878,coupon,-0.1,0
2024-04-07,S023,beverages,C7927,bundle,0.246,1
2024-04-10,S023,beverages,C2426,discount,0.05,0
2024-04-12,S023,beverages,C2700,bundle,0.152,0
2024-04-29,S023,beverages,C6003,coupon,0.196,0
2024-05-06,S023,beverages,C6253,free_delivery,0.05,1
2024-05-08,S023,beverages,C8572,discount,0.051,1
2024-05-12,S023,beverages,C3744,discount,0.25,0
2024-05-18,S023,beverages,C4837,discount,0.264,1
2024-05-20,S023,beverages,C5383,coupon,0.07,1
2024-05-25,S023,beverages,C7039,discount,0.148,1
2024-05-26,S023,beverages,C5340,discount,0.328,0
2024-06-02,S023,beverages,C9279,coupon,0.192,0
2024-06-06,S023,beverages,C7011,coupon,0.202,0
2024-06-16,S023,beverages,C2886,discount,0.176,0
2024-06-18,S023,beverages,C1767,coupon,0.232,0
2024-07-11,S023,beverages,C3438,discount,0.165,1
2024-07-23,S023,beverages,C8580,coupon,0.162,0
2024-07-24,S023,beverages,C4778,discount,0.209,1
2024-07-31,S023,beverages,C6101,discount,0.238,1
2024-08-02,S023,beverages,C2336,bundle,0.171,0
2024-08-03,S023,beverages,C4502,discount,0.097,0
2024-08-14,S023,beverages,C1065,coupon,0.228,0
2024-08-18,S023,beverages,C4565,bundle,0.188,0
2024-09-06,S023,beverages,C9038,discount,0.228,0
2024-09-15,S023,beverages,C9060,coupon,0.191,0
2024-09-16,S023,beverages,C4175,coupon,0.092,0
2024-09-26,S023,beverages,C7536,bundle,0.223,0
2024-10-04,S023,beverages,C1166,discount,0.113,0
2024-10-06,S023,beverages,C2686,discount,0.234,0
2024-10-07,S023,beverages,C6844,free_delivery,0.12,0
2024-10-13,S023,beverages,C1775,discount,0.192,1
2024-10-16,S023,beverages,C5406,coupon,0.142,1
2024-10-20,S023,beverages,C6672,discount,0.165,0
2024-10-22,S023,beverages,C4536,free_delivery,0.254,0
2024-10-29,S023,beverages,C5768,discount,0.157,1
2024-11-09,S023,beverages,C5947,coupon,0.176,0
2024-12-13,S023,beverages,C8310,discount,0.146,1
2024-12-21,S023,beverages,C6797,discount,0.243,0
2025-01-09,S023,beverages,C9904,bundle,0.15,0
2025-01-13,S023,beverages,C1919,discount,0.166,0
2025-01-17,S023,beverages,C3089,coupon,0.276,1
2024-01-01,S023,snacks,C4096,discount,0.121,1
2024-01-14,S023,snacks,C3739,bundle,0.137,0
2024-01-20,S023,snacks,C9752,bundle,0.159,0
2024-01-21,S023,snacks,C5025,bundle,0.138,0
2024-02-04,S023,snacks,C1383,discount,0.172,1
2024-02-16,S023,snacks,C2626,discount,0.255,0
2024-02-18,S023,snacks,C9289,bundle,0.244,1
2024-03-02,S023,snacks,C8575,free_delivery,0.237,0
2024-03-18,S023,snacks,C2041,coupon,0.222,0
2024-04-06,S023,snacks,C9303,discount,0.115,1
2024-04-09,S023,snacks,C7673,coupon,0.113,1
2024-04-17,S023,snacks,C6901,coupon,0.095,0
2024-04-20,S023,snacks,C6457,bundle,0.12,1
2024-04-22,S023,snacks,C9390,discount,0.198,0
2024-04-24,S023,snacks,C2773,discount,0.309,0
2024-04-30,S023,snacks,C6606,bundle,0.09,0
2024-05-05,S023,snacks,C9725,bundle,0.089,0
2024-05-08,S023,snacks,C1625,bundle,0.257,1
2024-05-10,S023,snacks,C9357,discount,0.154,0
2024-05-19,S023,snacks,C3498,discount,0.165,1
2024-05-26,S023,snacks,C8746,coupon,0.117,0
2024-06-05,S023,snacks,C4135,free_delivery,0.065,1
2024-06-08,S023,snacks,C1339,free_delivery,0.132,0
2024-06-20,S023,snacks,C9655,coupon,0.234,0
2024-07-02,S023,snacks,C3267,discount,0.246,0
2024-07-22,S023,snacks,C7943,discount,0.078,0
2024-07-24,S023,snacks,C6665,coupon,0.267,0
2024-07-28,S023,snacks,C1291,coupon,0.213,0
2024-07-30,S023,snacks,C3072,discount,0.342,1
2024-08-04,S023,snacks,C6366,discount,0.235,0
2024-08-22,S023,snacks,C6251,discount,0.198,0
2024-09-07,S023,snacks,C1677,discount,0.193,1
2024-09-11,S023,snacks,C3520,coupon,0.226,0
2024-09-18,S023,snacks,C2636,coupon,0.165,0
2024-09-24,S023,snacks,C4547,free_delivery,0.05,1
2024-09-27,S023,snacks,C5885,discount,0.084,1
2024-09-28,S023,snacks,C4515,discount,0.125,1
2024-10-02,S023,snacks,C3380,coupon,0.268,0
2024-10-05,S023,snacks,C5908,discount,0.175,0
2024-10-14,S023,snacks,C6210,discount,0.194,0
2024-10-18,S023,snacks,C3554,discount,0.219,0
2024-10-19,S023,snacks,C9944,coupon,0.194,0
2024-11-16,S023,snacks,C3990,discount,0.244,1
2024-11-21,S023,snacks,C2714,free_delivery,0.05,0
2024-12-07,S023,snacks,C7068,free_delivery,0.082,1
2024-12-15,S023,snacks,C9730,discount,0.233,1
2024-12-23,S023,snacks,C1490,discount,0.282,0
2024-12-28,S023,snacks,C1078,free_delivery,0.182,1
2025-01-01,S023,snacks,C2146,coupon,0.163,0
2025-01-12,S023,snacks,C3921,discount,0.17,1
2025-01-14,S023,snacks,C6931,discount,0.122,0
2025-01-16,S023,snacks,C4813,bundle,0.209,0
2025-01-25,S023,snacks,C2062,discount,0.071,0
2024-01-02,S023,fresh,C5915,discount,0.141,0
2024-01-14,S023,fresh,C6991,discount,0.118,0
2024-01-26,S023,fresh,C7980,coupon,0.268,1
2024-02-20,S023,fresh,C2687,coupon,0.199,0
2024-02-24,S023,fresh,C1092,coupon,0.189,0
2024-03-06,S023,fresh,C7365,discount,0.22,1
2024-03-12,S023,fresh,C4334,free_delivery,0.101,1
2024-03-31,S023,fresh,C1150,free_delivery,0.288,1
2024-04-09,S023,fresh,C1192,coupon,0.05,0
2024-04-19,S023,fresh,C8502,free_delivery,0.132,0
2024-04-26,S023,fresh,C9304,discount,0.108,1
2024-05-18,S023,fresh,C4356,bundle,0.211,0
2024-06-12,S023,fresh,C4383,discount,0.145,1
2024-06-18,S023,fresh,C2909,coupon,0.143,0
2024-06-29,S023,fresh,C2003,discount,0.182,0
2024-07-02,S023,fresh,C5548,discount,0.246,0
2024-07-03,S023,fresh,C8395,coupon,0.15,0
2024-07-07,S023,fresh,C3264,coupon,0.175,1
2024-07-21,S023,fresh,C4161,bundle,0.267,0
2024-07-22,S023,fresh,C9095,coupon,0.18,0
2024-07-25,S023,fresh,C5973,coupon,0.236,0
2024-07-27,S023,fresh,C4884,discount,0.161,0
2024-07-28,S023,fresh,C9975,discount,0.233,1
2024-08-26,S023,fresh,C4074,discount,0.176,1
2024-09-17,S023,fresh,C5761,discount,0.236,0
2024-09-18,S023,fresh,C3569,free_delivery,0.213,0
2024-09-22,S023,fresh,C8943,coupon,0.19,0
2024-10-01,S023,fresh,C5521,discount,0.204,0
2024-10-10,S023,fresh,C8392,bundle,0.153,0
2024-10-26,S023,fresh,C7496,discount,0.105,0
2024-10-27,S023,fresh,C3954,discount,0.252,1
2024-11-06,S023,fresh,C8716,coupon,0.117,0
2024-12-29,S023,fresh,C5214,discount,0.05,0
2025-01-09,S023,fresh,C3702,free_delivery,0.178,1
2024-01-01,S023,household,C2045,discount,0.232,1
2024-01-10,S023,household,C5812,free_delivery,0.237,0
2024-02-08,S023,household,C3734,discount,0.094,0
2024-02-11,S023,household,C8545,discount,0.13,0
2024-02-17,S023,household,C3152,free_delivery,0.167,0
2024-03-22,S023,household,C5385,free_delivery,0.186,1
2024-03-31,S023,household,C5511,discount,0.214,1
2024-04-06,S023,household,C4909,discount,0.195,0
2024-05-04,S023,household,C1929,free_delivery,0.249,1
2024-05-12,S023,household,C3201,free_delivery,0.172,1
2024-06-18,S023,household,C4560,discount,0.205,0
2024-07-04,S023,household,C2394,free_delivery,0.299,1
2024-07-11,S023,household,C6727,discount,0.155,0
2024-07-22,S023,household,C3486,discount,0.118,1
2024-08-08,S023,household,C6986,coupon,1.2,0
2024-09-03,S023,household,C3543,bundle,0.198,0
2024-09-11,S023,household,C2655,discount,0.22,1
2024-09-21,S023,household,C7330,discount,0.109,0
2024-10-13,S023,household,C7162,discount,0.123,0
2024-10-20,S023,household,C4848,discount,0.151,1
2024-11-07,S023,household,C1791,discount,0.112,0
2024-11-12,S023,household,C5180,bundle,0.096,1
2024-12-10,S023,household,C7209,discount,0.064,0
2024-12-23,S023,household,C6803,coupon,0.17,0
2025-01-19,S023,household,C6886,discount,0.179,1
2025-01-26,S023,household,C4657,coupon,0.22,0
2024-01-20,S023,ready_to_eat,C3621,coupon,0.188,0
2024-01-23,S023,ready_to_eat,C3663,discount,0.131,0
2024-01-24,S023,ready_to_eat,C2544,discount,0.268,0
2024-02-04,S023,ready_to_eat,C9547,discount,0.071,0
2024-02-12,S023,ready_to_eat,C3160,free_delivery,0.113,1
2024-02-15,S023,ready_to_eat,C5462,bundle,0.206,1
2024-02-19,S023,ready_to_eat,C5802,free_delivery,0.171,0
2024-02-25,S023,ready_to_eat,C8164,coupon,0.279,0
2024-02-26,S023,ready_to_eat,C8714,coupon,0.237,1
2024-03-05,S023,ready_to_eat,C2709,discount,0.119,0
2024-03-10,S023,ready_to_eat,C3783,coupon,0.209,0
2024-03-17,S023,ready_to_eat,C1051,discount,0.129,0
2024-03-19,S023,ready_to_eat,C8138,coupon,0.154,1
2024-03-21,S023,ready_to_eat,C9741,discount,0.222,0
2024-03-23,S023,ready_to_eat,C2385,discount,0.216,0
2024-03-25,S023,ready_to_eat,C7203,free_delivery,0.237,1
2024-04-03,S023,ready_to_eat,C9987,discount,0.2,0
2024-04-07,S023,ready_to_eat,C7876,discount,0.26,0
2024-04-13,S023,ready_to_eat,C7850,discount,0.304,0
2024-04-21,S023,ready_to_eat,C7027,free_delivery,0.213,0
2024-04-23,S023,ready_to_eat,C6488,coupon,0.151,1
2024-05-01,S023,ready_to_eat,C6006,bundle,0.215,1
2024-05-02,S023,ready_to_eat,C1030,bundle,0.194,1
2024-05-12,S023,ready_to_eat,C7283,free_delivery,0.22,1
2024-05-17,S023,ready_to_eat,C3343,discount,0.071,0
2024-05-27,S023,ready_to_eat,C4045,free_delivery,0.217,0
2024-06-11,S023,ready_to_eat,C7588,coupon,0.197,1
2024-06-22,S023,ready_to_eat,C6488,bundle,0.339,1
2024-07-20,S023,ready_to_eat,C2260,free_delivery,0.11,1
2024-07-21,S023,ready_to_eat,C3379,discount,0.255,1
2024-07-30,S023,ready_to_eat,C6997,discount,0.213,0
2024-08-04,S023,ready_to_eat,C4703,discount,0.163,0
2024-08-07,S023,ready_to_eat,C8920,coupon,0.184,0
2024-08-11,S023,ready_to_eat,C8306,coupon,0.146,0
2024-08-14,S023,ready_to_eat,C5604,discount,0.05,1
2024-08-16,S023,ready_to_eat,C5062,coupon,0.265,1
2024-08-19,S023,ready_to_eat,C7300,discount,0.177,1
2024-09-07,S023,ready_to_eat,C3270,coupon,0.127,1
2024-09-15,S023,ready_to_eat,C2544,free_delivery,0.196,1
2024-09-26,S023,ready_to_eat,C1159,free_delivery,0.221,1
2024-10-04,S023,ready_to_eat,C9468,coupon,0.183,1
2024-10-05,S023,ready_to_eat,C1620,coupon,0.108,0
2024-10-19,S023,ready_to_eat,C5572,discount,0.09,1
2024-10-25,S023,ready_to_eat,C6218,discount,0.111,1
2024-11-08,S023,ready_to_eat,C3935,discount,0.101,0
2024-11-14,S023,ready_to_eat,C7956,free_delivery,0.291,0
2024-11-17,S023,ready_to_eat,C9919,free_delivery,0.151,0
2024-11-30,S023,ready_to_eat,C3309,discount,0.179,0
2024-12-02,S023,ready_to_eat,C6379,discount,0.116,0
2024-12-14,S023,ready_to_eat,C5266,bundle,0.14,0
2024-12-25,S023,ready_to_eat,C1006,discount,0.15,0
2025-01-17,S023,ready_to_eat,C1745,free_delivery,0.05,1
2025-01-27,S023,ready_to_eat,C1311,discount,0.055,0
2024-01-05,S023,personal_care,C5468,coupon,0.138,0
2024-01-10,S023,personal_care,C3682,free_delivery,0.094,1
2024-01-11,S023,personal_care,C3128,free_delivery,0.158,1
2024-01-30,S023,personal_care,C1056,bundle,0.26,1
2024-02-11,S023,personal_care,C7065,coupon,0.18,0
2024-03-10,S023,personal_care,C9878,coupon,0.181,1
2024-03-21,S023,personal_care,C5779,coupon,0.152,0
2024-04-03,S023,personal_care,C8889,coupon,0.285,0
2024-04-07,S023,personal_care,C1293,coupon,0.254,0
2024-05-14,S023,personal_care,C2222,discount,0.271,0
2024-05-15,S023,personal_care,C4629,discount,0.065,1
2024-06-02,S023,personal_care,C4033,coupon,0.12,0
2024-06-03,S023,personal_care,C4302,coupon,0.171,0
2024-06-04,S023,personal_care,C7888,coupon,0.161,1
2024-06-07,S023,personal_care,C1945,coupon,0.204,1
2024-06-18,S023,personal_care,C3605,bundle,0.186,1
2024-07-05,S023,personal_care,C4557,coupon,0.211,0
2024-07-07,S023,personal_care,C8905,coupon,0.324,0
2024-07-15,S023,personal_care,C7475,bundle,0.128,1
2024-07-21,S023,personal_care,C3054,bundle,0.181,0
2024-08-02,S023,personal_care,C8633,discount,0.168,1
2024-08-16,S023,personal_care,C7871,free_delivery,0.232,0
2024-09-16,S023,personal_care,C3305,discount,0.234,0
2024-09-19,S023,personal_care,C3188,discount,0.159,0
2024-09-20,S023,personal_care,C8488,discount,0.051,1
2024-10-02,S023,personal_care,C9460,bundle,0.146,0
2024-10-08,S023,personal_care,C3517,coupon,0.197,1
2024-10-13,S023,personal_care,C2792,coupon,0.146,0
2024-12-15,S023,personal_care,C5278,discount,0.089,0
2025-01-16,S023,personal_care,C7878,discount,0.276,1
2025-01-17,S023,personal_care,C5236,bundle,0.21,0
2025-01-20,S023,personal_care,C6543,discount,0.184,0
2024-01-11,S024,beverages,C8198,discount,0.203,1
2024-01-14,S024,beverages,C9691,discount,0.276,1
2024-02-01,S024,beverages,C2823,bundle,0.26,1
2024-02-05,S024,beverages,C9049,coupon,0.136,1
2024-02-09,S024,beverages,C4838,coupon,0.182,0
2024-02-10,S024,beverages,C4445,coupon,0.298,0
2024-02-11,S024,beverages,C6241,coupon,0.186,0
2024-02-20,S024,beverages,C9980,bundle,0.205,1
2024-03-16,S024,beverages,C8003,free_delivery,0.05,0
2024-03-24,S024,beverages,C3449,coupon,0.085,1
2024-03-30,S024,beverages,C7677,coupon,0.165,0
2024-04-01,S024,beverages,C3131,coupon,0.226,0
2024-04-17,S024,beverages,C5788,discount,0.169,1
2024-05-11,S024,beverages,C5374,free_delivery,0.227,1
2024-05-16,S024,beverages,C5772,discount,0.174,0
2024-05-21,S024,beverages,C1457,free_delivery,0.135,0
2024-05-23,S024,beverages,C1371,discount,0.224,0
2024-05-24,S024,beverages,C8048,discount,0.313,1
2024-05-26,S024,beverages,C4131,discount,0.283,0
2024-05-30,S024,beverages,C8856,discount,0.288,1
2024-06-03,S024,beverages,C4467,coupon,0.253,0
2024-06-11,S024,beverages,C9065,coupon,0.197,1
2024-06-23,S024,beverages,C5525,coupon,0.086,0
2024-06-28,S024,beverages,C3371,coupon,0.19,1
2024-06-30,S024,beverages,C8861,discount,0.123,1
2024-07-06,S024,beverages,C5766,free_delivery,0.217,0
2024-07-08,S024,beverages,C2219,free_delivery,0.205,0
2024-07-16,S024,beverages,C6865,discount,0.166,1
2024-07-25,S024,beverages,C3729,discount,0.138,0
2024-08-04,S024,beverages,C2679,coupon,0.173,1
2024-08-24,S024,beverages,C3392,bundle,0.127,0
2024-09-01,S024,beverages,C2588,bundle,0.125,0
2024-09-03,S024,beverages,C4144,coupon,0.166,0
2024-09-07,S024,beverages,C2445,discount,0.295,1
2024-09-09,S024,beverages,C1329,coupon,0.164,1
2024-09-12,S024,beverages,C8755,discount,0.14,0
2024-09-14,S024,beverages,C8969,free_delivery,0.159,0
2024-09-15,S024,beverages,C5923,discount,0.165,1
2024-09-29,S024,beverages,C4827,discount,0.247,1
2024-10-05,S024,beverages,C8460,free_delivery,0.304,0
2024-10-08,S024,beverages,C6591,discount,0.178,0
2024-10-13,S024,beverages,C8883,bundle,0.254,0
2024-10-15,S024,beverages,C8777,discount,0.105,1
2024-10-16,S024,beverages,C5335,discount,0.145,0
2024-10-21,S024,beverages,C7147,discount,0.059,0
2024-11-02,S024,beverages,C7043,bundle,0.182,1
2024-11-10,S024,beverages,C6817,bundle,0.115,1
2024-11-16,S024,beverages,C3283,discount,0.199,0
2024-11-17,S024,beverages,C9460,discount,0.256,1
2024-12-01,S024,beverages,C7653,bundle,0.209,0
2024-12-05,S024,beverages,C6953,discount,0.143,1
2024-12-07,S024,beverages,C8303,free_delivery,0.286,1
2024-12-08,S024,beverages,C1628,coupon,0.061,1
2024-12-14,S024,beverages,C7508,coupon,0.128,0
2024-12-18,S024,beverages,C2923,discount,0.189,0
2024-12-30,S024,beverages,C7395,coupon,0.05,0
2024-01-01,S024,snacks,C6558,discount,0.061,0
2024-01-08,S024,snacks,C7743,discount,0.24,0
2024-01-10,S024,snacks,C1066,coupon,0.233,1
2024-01-21,S024,snacks,C5674,coupon,0.212,0
2024-01-24,S024,snacks,C8207,free_delivery,0.115,0
2024-01-26,S024,snacks,C4328,bundle,0.05,0
2024-02-06,S024,snacks,C6735,discount,0.245,1
2024-02-17,S024,snacks,C4503,discount,0.076,0
2024-03-05,S024,snacks,C2111,free_delivery,0.211,1
2024-03-14,S024,snacks,C4455,free_delivery,0.134,0
2024-03-17,S024,snacks,C6173,bundle,0.157,0
2024-03-21,S024,snacks,C2228,coupon,0.187,1
2024-03-22,S024,snacks,C5312,discount,0.191,0
2024-03-24,S024,snacks,C1453,bundle,0.123,0
2024-03-28,S024,snacks,C7516,discount,0.287,0
2024-04-21,S024,snacks,C9343,free_delivery,0.224,0
2024-04-26,S024,snacks,C6142,discount,0.134,0
2024-04-28,S024,snacks,C7263,coupon,0.189,0
2024-05-11,S024,snacks,C7919,free_delivery,0.18,0
2024-05-31,S024,snacks,C7664,discount,0.187,0
2024-06-07,S024,snacks,C5417,discount,0.157,0
2024-06-17,S024,snacks,C2162,free_delivery,0.214,1
2024-06-21,S024,snacks,C9512,discount,0.242,0
2024-06-22,S024,snacks,C2733,coupon,0.149,0
2024-06-26,S024,snacks,C3286,discount,0.183,0
2024-07-03,S024,snacks,C1866,free_delivery,0.059,1
2024-07-12,S024,snacks,C8320,bundle,0.079,0
2024-07-17,S024,snacks,C1530,discount,0.19,1
2024-07-30,S024,snacks,C3588,coupon,0.131,0
2024-07-31,S024,snacks,C3234,coupon,0.224,0
2024-08-03,S024,snacks,C7133,coupon,0.323,1
2024-08-05,S024,snacks,C3321,bundle,0.21,0
2024-08-11,S024,snacks,C4115,bundle,0.05,0
2024-08-15,S024,snacks,C5748,discount,0.198,1
2024-08-17,S024,snacks,C3605,free_delivery,0.189,1
2024-09-14,S024,snacks,C1309,bundle,0.171,0
2024-09-15,S024,snacks,C1077,bundle,0.246,0
2024-09-21,S024,snacks,C6542,discount,0.277,0
2024-09-23,S024,snacks,C7202,discount,0.177,0
2024-09-26,S024,snacks,C8218,discount,0.215,1
2024-10-26,S024,snacks,C5594,bundle,0.193,0
2024-11-03,S024,snacks,C8875,discount,0.132,0
2024-11-08,S024,snacks,C9047,discount,0.233,1
2024-11-19,S024,snacks,C2965,bundle,0.095,1
2024-11-26,S024,snacks,C8561,discount,0.261,0
2024-12-06,S024,snacks,C6071,bundle,0.151,0
2024-12-09,S024,snacks,C9290,coupon,0.165,0
2024-12-22,S024,snacks,C1785,coupon,0.237,0
2024-12-25,S024,snacks,C4001,discount,0.194,0
2025-01-01,S024,snacks,C5269,bundle,0.24,0
2025-01-02,S024,snacks,C5626,discount,0.127,0
2025-01-08,S024,snacks,C5981,coupon,0.273,1
2025-01-27,S024,snacks,C9354,free_delivery,0.188,0
2024-01-01,S024,fresh,C6616,free_delivery,0.183,1
2024-01-04,S024,fresh,C6197,discount,0.231,0
2024-01-06,S024,fresh,C9637,discount,0.293,0
2024-01-09,S024,fresh,C3578,coupon,0.257,1
2024-01-14,S024,fresh,C2383,coupon,0.207,0
2024-02-11,S024,fresh,C7144,discount,0.129,0
2024-02-17,S024,fresh,C8822,free_delivery,0.058,0
2024-02-18,S024,fresh,C4253,discount,0.15,0
2024-03-21,S024,fresh,C9611,discount,0.256,1
2024-03-25,S024,fresh,C4289,discount,0.164,0
2024-04-01,S024,fresh,C8641,bundle,0.111,0
2024-05-03,S024,fresh,C9066,discount,0.128,0
2024-05-05,S024,fresh,C9792,discount,0.152,0
2024-06-17,S024,fresh,C6653,coupon,0.175,1
2024-06-19,S024,fresh,C1040,discount,0.278,0
2024-06-23,S024,fresh,C8565,bundle,0.17,0
2024-07-08,S024,fresh,C9139,discount,0.236,1
2024-07-14,S024,fresh,C6443,free_delivery,0.19,0
2024-08-17,S024,fresh,C2973,discount,0.197,0
2024-08-21,S024,fresh,C3814,discount,0.238,0
2024-08-26,S024,fresh,C3823,coupon,0.201,0
2024-09-15,S024,fresh,C8463,coupon,0.13,1
2024-09-22,S024,fresh,C8973,discount,0.135,1
2024-10-12,S024,fresh,C1900,free_delivery,0.261,0
2024-10-14,S024,fresh,C3011,free_delivery,0.112,0
2024-10-18,S024,fresh,C5227,coupon,0.176,1
2024-10-19,S024,fresh,C3906,discount,0.121,1
2024-11-03,S024,fresh,C8876,free_delivery,0.05,1
2024-11-07,S024,fresh,C8786,coupon,0.129,0
2024-11-10,S024,fresh,C9895,discount,0.156,1
2024-11-18,S024,fresh,C4436,discount,0.248,0
2024-11-27,S024,fresh,C4730,discount,0.128,0
2024-12-04,S024,fresh,C5943,bundle,0.234,0
2024-12-07,S024,fresh,C5579,discount,0.136,0
2024-12-17,S024,fresh,C4249,discount,0.264,0
2025-01-01,S024,fresh,C7079,discount,0.154,0
2025-01-13,S024,fresh,C1076,discount,0.108,1
2025-01-16,S024,fresh,C8325,coupon,0.156,1
2025-01-21,S024,fresh,C6901,coupon,0.278,0
2024-02-01,S024,household,C3416,discount,0.091,0
2024-02-03,S024,household,C2573,coupon,0.177,0
2024-02-17,S024,household,C6251,bundle,0.267,0
2024-02-21,S024,household,C8770,coupon,0.202,0
2024-02-24,S024,household,C2630,discount,0.2,1
2024-02-25,S024,household,C9982,discount,0.102,1
2024-03-12,S024,household,C6208,coupon,0.179,0
2024-03-13,S024,household,C7183,bundle,0.105,1
2024-03-15,S024,household,C5743,discount,0.172,1
2024-04-26,S024,household,C6900,free_delivery,0.173,0
2024-04-29,S024,household,C8646,discount,0.204,1
2024-05-29,S024,household,C2521,discount,0.109,1
2024-06-01,S024,household,C2365,bundle,0.112,1
2024-06-08,S024,household,C6379,discount,0.258,1
2024-07-28,S024,household,C6628,free_delivery,0.11,1
2024-08-01,S024,household,C5174,free_delivery,0.173,0
2024-08-19,S024,household,C8792,coupon,0.264,1
2024-08-29,S024,household,C1099,discount,0.222,0
2024-08-31,S024,household,C7734,bundle,0.217,1
2024-09-07,S024,household,C8425,free_delivery,0.121,0
2024-09-17,S024,household,C8451,discount,0.271,1
2024-09-30,S024,household,C9531,discount,0.144,0
2024-10-04,S024,household,C2622,discount,0.138,0
2024-10-16,S024,household,C8423,free_delivery,0.166,0
2024-10-17,S024,household,C5185,coupon,0.21,1
2024-10-21,S024,household,C1298,discount,0.148,0
2024-12-10,S024,household,C3852,discount,0.144,1
2024-12-19,S024,household,C8981,bundle,0.173,0
2024-12-26,S024,household,C1580,coupon,0.16,1
2025-01-01,S024,household,C5548,discount,0.261,0
2025-01-09,S024,household,C2637,discount,0.182,1
2025-01-10,S024,household,C3046,coupon,0.106,0
2025-01-13,S024,household,C8786,bundle,0.225,1
2025-01-25,S024,household,C5531,discount,0.121,0
2024-01-06,S024,ready_to_eat,C6764,discount,0.178,0
2024-01-24,S024,ready_to_eat,C6422,discount,0.153,1
2024-01-29,S024,ready_to_eat,C4406,discount,0.151,0
2024-02-03,S024,ready_to_eat,C4536,free_delivery,0.05,1
2024-02-14,S024,ready_to_eat,C7648,discount,0.205,0
2024-02-16,S024,ready_to_eat,C8467,bundle,0.222,0
2024-02-17,S024,ready_to_eat,C1441,coupon,0.123,0
2024-02-24,S024,ready_to_eat,C5066,coupon,0.166,0
2024-02-25,S024,ready_to_eat,C2575,discount,0.05,0
2024-02-27,S024,ready_to_eat,C8903,bundle,0.089,0
2024-03-02,S024,ready_to_eat,C4819,bundle,0.19,1
2024-03-17,S024,ready_to_eat,C2776,free_delivery,0.167,0
2024-03-19,S024,ready_to_eat,C6814,discount,0.192,0
2024-04-28,S024,ready_to_eat,C6942,bundle,0.285,1
2024-04-29,S024,ready_to_eat,C3403,discount,0.142,1
2024-05-11,S024,ready_to_eat,C5436,discount,0.112,0
2024-05-18,S024,ready_to_eat,C1482,free_delivery,0.088,1
2024-05-30,S024,ready_to_eat,C2992,discount,0.15,0
2024-06-12,S024,ready_to_eat,C1292,coupon,0.287,0
2024-06-23,S024,ready_to_eat,C1216,coupon,0.192,1
2024-06-29,S024,ready_to_eat,C1152,discount,0.293,0
2024-07-02,S024,ready_to_eat,C3619,coupon,0.245,0
2024-07-12,S024,ready_to_eat,C2944,coupon,0.214,0
2024-07-21,S024,ready_to_eat,C4787,free_delivery,0.282,0
2024-07-24,S024,ready_to_eat,C5536,coupon,0.232,0
2024-07-28,S024,ready_to_eat,C5207,bundle,0.22,1
2024-08-09,S024,ready_to_eat,C1924,free_delivery,0.246,1
2024-08-19,S024,ready_to_eat,C9893,bundle,0.145,1
2024-08-20,S024,ready_to_eat,C5552,free_delivery,0.163,0
2024-08-25,S024,ready_to_eat,C2813,free_delivery,0.241,0
2024-08-26,S024,ready_to_eat,C6740,coupon,0.117,0
2024-08-31,S024,ready_to_eat,C1301,discount,0.101,0
2024-09-07,S024,ready_to_eat,C7146,bundle,0.068,0
2024-09-15,S024,ready_to_eat,C8149,discount,0.073,0
2024-09-17,S024,ready_to_eat,C4721,coupon,0.22,0
2024-09-21,S024,ready_to_eat,C6848,discount,0.151,0
2024-09-23,S024,ready_to_eat,C3515,coupon,0.238,1
2024-09-24,S024,ready_to_eat,C1363,coupon,0.12,0
2024-09-26,S024,ready_to_eat,C1104,bundle,0.126,0
2024-10-03,S024,ready_to_eat,C1580,discount,0.267,1
2024-10-05,S024,ready_to_eat,C5445,free_delivery,0.216,0
2024-10-14,S024,ready_to_eat,C9288,coupon,0.333,0
2024-10-15,S024,ready_to_eat,C3773,bundle,0.122,0
2024-10-18,S024,ready_to_eat,C3169,coupon,0.063,1
2024-10-21,S024,ready_to_eat,C6000,discount,0.184,1
2024-10-25,S024,ready_to_eat,C9351,discount,0.173,1
2024-10-26,S024,ready_to_eat,C4200,discount,0.273,0
2024-10-27,S024,ready_to_eat,C1173,discount,0.107,0
2024-11-01,S024,ready_to_eat,C3537,coupon,0.234,0
2024-12-05,S024,ready_to_eat,C4904,coupon,0.189,1
2024-12-12,S024,ready_to_eat,C9166,discount,0.114,0
2024-12-24,S024,ready_to_eat,C7131,coupon,0.195,0
2025-01-22,S024,ready_to_eat,C1788,coupon,0.335,0
2025-01-23,S024,ready_to_eat,C4081,coupon,0.148,1
2024-01-02,S024,personal_care,C6999,discount,0.05,0
2024-01-05,S024,personal_care,C4398,bundle,0.233,0
2024-01-11,S024,personal_care,C4136,discount,0.177,0
2024-01-24,S024,personal_care,C6871,coupon,0.198,0
2024-01-27,S024,personal_care,C2055,discount,0.068,1
2024-02-03,S024,personal_care,C7090,discount,0.079,0
2024-02-18,S024,personal_care,C7532,free_delivery,0.106,1
2024-02-27,S024,personal_care,C3493,coupon,0.193,0
2024-03-01,S024,personal_care,C4801,discount,0.246,0
2024-03-11,S024,personal_care,C4899,discount,0.219,0
2024-03-14,S024,personal_care,C1685,discount,0.076,0
2024-03-17,S024,personal_care,C5107,discount,0.182,1
2024-03-18,S024,personal_care,C1585,coupon,0.134,1
2024-03-22,S024,personal_care,C3390,coupon,0.129,1
2024-03-23,S024,personal_care,C9734,discount,0.178,1
2024-03-24,S024,personal_care,C6704,discount,0.187,1
2024-04-12,S024,personal_care,C3306,free_delivery,0.195,1
2024-04-15,S024,personal_care,C7349,free_delivery,0.227,0
2024-05-02,S024,personal_care,C1218,coupon,0.21,1
2024-05-09,S024,personal_care,C4595,discount,0.078,0
2024-05-13,S024,personal_care,C9729,discount,0.195,0
2024-05-20,S024,personal_care,C2121,coupon,0.17,0
2024-05-25,S024,personal_care,C4031,bundle,0.172,0
2024-05-26,S024,personal_care,C4702,coupon,0.138,1
2024-06-16,S024,personal_care,C8124,free_delivery,0.217,1
2024-06-19,S024,personal_care,C6056,coupon,0.05,0
2024-07-12,S024,personal_care,C6039,discount,0.101,1
2024-08-04,S024,personal_care,C1470,free_delivery,0.172,0
2024-08-08,S024,personal_care,C2578,discount,0.348,1
2024-08-28,S024,personal_care,C3790,discount,0.163,1
2024-09-01,S024,personal_care,C6940,free_delivery,0.248,0
2024-09-07,S024,personal_care,C9245,coupon,0.168,1
2024-09-22,S024,personal_care,C3337,coupon,0.058,1
2024-11-03,S024,personal_care,C3001,bundle,0.234,1
2024-11-05,S024,personal_care,C9719,discount,0.052,1
2024-11-09,S024,personal_care,C6077,coupon,0.122,0
2024-11-10,S024,personal_care,C8834,discount,0.172,0
2024-11-20,S024,personal_care,C5876,coupon,0.251,0
2024-11-26,S024,personal_care,C8063,discount,0.148,1
2024-12-22,S024,personal_care,C5403,free_delivery,0.05,0
2024-12-27,S024,personal_care,C8148,coupon,0.201,1
2024-12-30,S024,personal_care,C5243,bundle,0.05,0
2025-01-04,S024,personal_care,C2914,bundle,0.191,0
2025-01-08,S024,personal_care,C1438,coupon,0.157,0
2025-01-09,S024,personal_care,C5899,free_delivery,0.229,0
2025-01-21,S024,personal_care,C3237,discount,0.188,0
2024-01-03,S025,beverages,C8941,discount,0.391,0
2024-01-10,S025,beverages,C6703,discount,0.258,0
2024-01-11,S025,beverages,C7689,coupon,0.204,0
2024-01-18,S025,beverages,C2166,discount,0.172,0
2024-01-27,S025,beverages,C1391,coupon,0.134,0
2024-02-16,S025,beverages,C7433,discount,0.243,0
2024-02-27,S025,beverages,C5382,bundle,0.178,1
2024-03-13,S025,beverages,C7107,free_delivery,0.055,0
2024-03-19,S025,beverages,C3135,bundle,0.052,0
2024-04-04,S025,beverages,C8252,coupon,0.262,0
2024-04-12,S025,beverages,C6387,coupon,0.192,0
2024-04-26,S025,beverages,C7876,discount,0.158,0
2024-04-27,S025,beverages,C1329,discount,0.067,1
2024-05-01,S025,beverages,C8308,discount,0.233,1
2024-05-12,S025,beverages,C5836,bundle,0.202,0
2024-05-23,S025,beverages,C7879,discount,0.186,1
2024-05-26,S025,beverages,C6818,discount,0.252,1
2024-06-04,S025,beverages,C7521,discount,0.134,1
2024-06-17,S025,beverages,C8788,free_delivery,0.218,1
2024-06-18,S025,beverages,C3627,discount,0.105,0
2024-07-11,S025,beverages,C4131,discount,0.203,1
2024-07-27,S025,beverages,C3142,discount,0.188,1
2024-08-03,S025,beverages,C7377,free_delivery,0.22,0
2024-08-06,S025,beverages,C6463,coupon,0.08,1
2024-08-08,S025,beverages,C3693,discount,0.05,1
2024-08-15,S025,beverages,C3382,coupon,0.245,1
2024-08-17,S025,beverages,C6120,bundle,0.107,1
2024-08-23,S025,beverages,C1080,discount,0.243,0
2024-08-25,S025,beverages,C6194,discount,0.082,1
2024-08-28,S025,beverages,C7122,discount,0.139,0
2024-08-29,S025,beverages,C7741,coupon,0.215,1
2024-09-07,S025,beverages,C1019,coupon,0.246,1
2024-09-14,S025,beverages,C7306,free_delivery,0.185,1
2024-09-16,S025,beverages,C9072,discount,0.194,0
2024-10-04,S025,beverages,C2877,coupon,0.264,1
2024-10-06,S025,beverages,C5242,coupon,0.161,1
2024-10-20,S025,beverages,C9363,bundle,0.144,0
2024-11-03,S025,beverages,C4257,free_delivery,0.235,1
2024-11-09,S025,beverages,C8960,bundle,0.173,1
2024-11-29,S025,beverages,C5585,bundle,0.195,0
2024-12-07,S025,beverages,C1443,discount,0.252,0
2024-12-09,S025,beverages,C5279,discount,0.194,1
2024-12-26,S025,beverages,C8425,coupon,0.091,0
2024-12-28,S025,beverages,C9336,coupon,0.05,1
2024-12-31,S025,beverages,C3905,coupon,0.156,0
2025-01-21,S025,beverages,C9353,coupon,0.14,1
2024-01-02,S025,snacks,C2149,bundle,0.068,0
2024-01-07,S025,snacks,C9116,discount,0.146,0
2024-01-10,S025,snacks,C4571,coupon,0.154,1
2024-01-14,S025,snacks,C6099,discount,0.236,0
2024-01-16,S025,snacks,C6134,coupon,0.18,0
2024-01-17,S025,snacks,C2093,coupon,0.065,0
2024-01-18,S025,snacks,C2467,coupon,0.153,1
2024-01-20,S025,snacks,C6420,coupon,0.053,0
2024-01-27,S025,snacks,C9871,discount,0.149,0
2024-01-30,S025,snacks,C6514,coupon,0.144,0
2024-02-03,S025,snacks,C4693,coupon,0.169,0
2024-02-05,S025,snacks,C8917,free_delivery,0.054,1
2024-02-07,S025,snacks,C7921,discount,0.15,1
2024-02-11,S025,snacks,C2305,discount,0.255,1
2024-02-24,S025,snacks,C4304,free_delivery,0.132,0
2024-02-26,S025,snacks,C5188,coupon,0.117,0
2024-02-28,S025,snacks,C4899,coupon,0.137,0
2024-03-01,S025,snacks,C6579,discount,0.242,1
2024-03-03,S025,snacks,C5384,discount,0.311,0
2024-03-04,S025,snacks,C9388,coupon,0.163,1
2024-03-07,S025,snacks,C1200,coupon,0.119,1
2024-03-11,S025,snacks,C9955,free_delivery,0.134,1
2024-03-19,S025,snacks,C9169,discount,0.131,0
2024-03-23,S025,snacks,C9798,discount,0.195,0
2024-03-30,S025,snacks,C6306,free_delivery,0.26,0
2024-04-10,S025,snacks,C7536,free_delivery,0.197,0
2024-04-28,S025,snacks,C5407,discount,0.363,0
2024-05-02,S025,snacks,C3838,discount,0.145,0
2024-05-04,S025,snacks,C9747,discount,0.244,0
2024-05-07,S025,snacks,C8659,discount,0.196,1
2024-05-09,S025,snacks,C6935,coupon,0.135,0
2024-05-11,S025,snacks,C1097,free_delivery,0.178,0
2024-05-13,S025,snacks,C8471,discount,0.155,1
2024-05-15,S025,snacks,C7812,discount,0.263,0
2024-05-16,S025,snacks,C8959,discount,0.158,1
2024-05-25,S025,snacks,C5971,discount,0.242,0
2024-06-13,S025,snacks,C1466,discount,0.123,0
2024-06-19,S025,snacks,C7322,discount,0.198,1
2024-07-05,S025,snacks,C2101,bundle,0.206,0
2024-07-25,S025,snacks,C5359,discount,0.092,1
2024-07-27,S025,snacks,C1895,coupon,0.191,1
2024-08-11,S025,snacks,C3993,free_delivery,0.15,0
2024-08-16,S025,snacks,C1581,coupon,0.073,0
2024-08-28,S025,snacks,C3581,coupon,0.181,0
2024-09-06,S025,snacks,C4034,discount,0.143,1
2024-09-11,S025,snacks,C3106,bundle,0.05,0
2024-09-12,S025,snacks,C8066,coupon,0.208,0
2024-09-14,S025,snacks,C2559,discount,0.084,0
2024-09-15,S025,snacks,C2308,bundle,0.187,0
2024-10-11,S025,snacks,C6596,free_delivery,0.269,0
2024-10-13,S025,snacks,C7564,bundle,0.242,0
2024-10-14,S025,snacks,C6973,free_delivery,0.185,1
2024-10-28,S025,snacks,C1060,free_delivery,0.05,1
2024-11-02,S025,snacks,C9182,discount,0.177,0
2024-11-03,S025,snacks,C4386,free_delivery,0.217,0
2024-11-14,S025,snacks,C8569,bundle,0.086,0
2024-11-22,S025,snacks,C9178,free_delivery,0.12,1
2024-11-24,S025,snacks,C6540,coupon,0.062,0
2024-11-30,S025,snacks,C7289,free_delivery,0.096,1
2024-12-21,S025,snacks,C8927,coupon,0.311,0
2024-12-22,S025,snacks,C9374,free_delivery,0.215,0
2024-12-24,S025,snacks,C2356,free_delivery,0.287,0
2024-12-25,S025,snacks,C2982,free_delivery,0.108,1
2024-12-31,S025,snacks,C5503,free_delivery,0.154,1
2025-01-03,S025,snacks,C5888,discount,0.192,0
2025-01-04,S025,snacks,C2379,free_delivery,0.142,0
2025-01-08,S025,snacks,C1340,discount,0.196,1
2025-01-15,S025,snacks,C9254,bundle,0.098,1
2025-01-27,S025,snacks,C9676,discount,0.197,0
2024-01-14,S025,fresh,C2519,discount,0.071,1
2024-01-17,S025,fresh,C8200,discount,0.1,0
2024-01-20,S025,fresh,C9239,coupon,0.149,0
2024-01-25,S025,fresh,C5157,free_delivery,0.38,0
2024-02-09,S025,fresh,C5079,bundle,0.05,0
2024-02-11,S025,fresh,C3669,coupon,0.176,0
2024-02-17,S025,fresh,C7377,discount,0.208,1
2024-02-23,S025,fresh,C1839,discount,0.153,0
2024-03-27,S025,fresh,C8931,bundle,0.195,0
2024-03-28,S025,fresh,C9049,discount,0.234,0
2024-04-04,S025,fresh,C8070,bundle,0.208,1
2024-04-08,S025,fresh,C6077,free_delivery,0.377,1
2024-04-12,S025,fresh,C3170,discount,0.275,1
2024-04-14,S025,fresh,C4929,coupon,0.104,0
2024-04-28,S025,fresh,C2520,bundle,0.262,1
2024-05-09,S025,fresh,C5442,discount,0.167,1
2024-05-18,S025,fresh,C4165,discount,0.223,1
2024-05-29,S025,fresh,C8579,discount,0.26,0
2024-06-10,S025,fresh,C1742,bundle,0.114,0
2024-06-11,S025,fresh,C6588,bundle,0.148,0
2024-06-17,S025,fresh,C6923,bundle,0.19,1
2024-06-21,S025,fresh,C3844,coupon,0.177,0
2024-07-06,S025,fresh,C7107,discount,0.156,0
2024-07-14,S025,fresh,C4499,bundle,0.251,0
2024-08-02,S025,fresh,C9694,bundle,0.134,0
2024-08-04,S025,fresh,C6079,coupon,0.169,0
2024-08-08,S025,fresh,C1773,discount,0.05,0
2024-08-11,S025,fresh,C1519,bundle,0.153,0
2024-08-15,S025,fresh,C1544,discount,0.275,1
2024-08-26,S025,fresh,C4716,discount,0.21,0
2024-10-02,S025,fresh,C3004,coupon,0.196,1
2024-10-11,S025,fresh,C5293,free_delivery,0.21,1
2024-10-20,S025,fresh,C6653,discount,0.204,0
2024-10-27,S025,fresh,C9209,discount,0.145,1
2024-11-17,S025,fresh,C6391,discount,0.259,1
2024-11-24,S025,fresh,C1579,coupon,0.203,0
2024-12-12,S025,fresh,C1124,discount,0.184,0
2024-12-15,S025,fresh,C7684,discount,0.135,0
2024-12-17,S025,fresh,C6095,discount,0.162,0
2024-12-18,S025,fresh,C4340,bundle,0.191,0
2024-12-26,S025,fresh,C6768,discount,0.228,0
2025-01-07,S025,fresh,C4214,discount,0.084,1
2025-01-19,S025,fresh,C8930,bundle,0.125,1
2024-01-06,S025,household,C4469,coupon,0.129,0
2024-02-05,S025,household,C4525,discount,0.2,0
2024-02-13,S025,household,C5555,discount,0.229,0
2024-02-15,S025,household,C4021,discount,0.21,1
2024-04-20,S025,household,C1644,discount,0.111,1
2024-05-04,S025,household,C6269,discount,0.328,1
2024-06-13,S025,household,C4527,discount,0.072,0
2024-07-03,S025,household,C9057,bundle,0.295,1
2024-07-30,S025,household,C7934,free_delivery,0.2,0
2024-08-29,S025,household,C2676,bundle,0.186,0
2024-09-02,S025,household,C1652,discount,0.084,0
2024-09-09,S025,household,C9687,coupon,0.155,0
2024-09-14,S025,household,C8735,discount,0.05,0
2024-09-21,S025,household,C6507,coupon,0.074,1
2024-10-02,S025,household,C3094,coupon,0.199,0
2024-11-02,S025,household,C7078,bundle,0.05,1
2024-12-01,S025,household,C4741,coupon,0.094,1
2024-12-15,S025,household,C8091,discount,0.17,1
2024-12-28,S025,household,C8543,free_delivery,0.165,0
2024-12-29,S025,household,C6997,discount,0.162,1
2025-01-04,S025,household,C6994,coupon,0.199,0
2025-01-09,S025,household,C1521,discount,0.11,0
2025-01-25,S025,household,C1211,free_delivery,0.11,1
2024-01-06,S025,ready_to_eat,C1316,coupon,0.218,0
2024-01-09,S025,ready_to_eat,C8029,bundle,0.289,0
2024-01-13,S025,ready_to_eat,C6440,bundle,0.108,0
2024-01-16,S025,ready_to_eat,C7997,free_delivery,0.222,0
2024-01-28,S025,ready_to_eat,C6959,discount,0.175,0
2024-02-02,S025,ready_to_eat,C2967,discount,0.142,1
2024-02-04,S025,ready_to_eat,C3084,discount,0.231,0
2024-02-06,S025,ready_to_eat,C5861,coupon,0.202,1
2024-02-12,S025,ready_to_eat,C9911,discount,0.131,0
2024-02-15,S025,ready_to_eat,C6007,free_delivery,0.201,0
2024-02-23,S025,ready_to_eat,C6487,discount,0.213,0
2024-02-27,S025,ready_to_eat,C9758,coupon,0.159,0
2024-03-11,S025,ready_to_eat,C7390,coupon,0.217,1
2024-03-18,S025,ready_to_eat,C8206,coupon,0.236,1
2024-04-02,S025,ready_to_eat,C1711,coupon,0.163,0
2024-05-01,S025,ready_to_eat,C9481,free_delivery,0.165,0
2024-05-05,S025,ready_to_eat,C1801,coupon,0.157,0
2024-05-14,S025,ready_to_eat,C4862,free_delivery,0.223,0
2024-05-16,S025,ready_to_eat,C8446,bundle,0.276,0
2024-05-19,S025,ready_to_eat,C2546,discount,0.173,0
2024-05-22,S025,ready_to_eat,C6843,discount,0.207,1
2024-05-23,S025,ready_to_eat,C2040,free_delivery,0.317,1
2024-05-29,S025,ready_to_eat,C2453,discount,0.263,0
2024-05-30,S025,ready_to_eat,C8297,bundle,0.25,1
2024-05-31,S025,ready_to_eat,C2923,discount,0.282,0
2024-06-04,S025,ready_to_eat,C8735,discount,0.05,0
2024-06-26,S025,ready_to_eat,C9720,discount,0.112,0
2024-06-27,S025,ready_to_eat,C2467,discount,0.182,1
2024-07-14,S025,ready_to_eat,C3037,coupon,0.244,1
2024-07-22,S025,ready_to_eat,C8984,discount,0.099,0
2024-08-04,S025,ready_to_eat,C6627,discount,0.23,1
2024-08-15,S025,ready_to_eat,C7448,discount,0.214,1
2024-08-17,S025,ready_to_eat,C4966,discount,0.151,0
2024-08-20,S025,ready_to_eat,C5239,discount,0.285,0
2024-08-27,S025,ready_to_eat,C1677,discount,0.248,1
2024-09-08,S025,ready_to_eat,C7929,coupon,0.115,1
2024-10-03,S025,ready_to_eat,C7885,free_delivery,0.166,0
2024-10-14,S025,ready_to_eat,C5230,discount,0.173,0
2024-10-20,S025,ready_to_eat,C9615,bundle,0.178,0
2024-10-26,S025,ready_to_eat,C2392,bundle,0.181,0
2024-10-28,S025,ready_to_eat,C2164,free_delivery,0.182,1
2024-10-30,S025,ready_to_eat,C2416,coupon,0.227,0
2024-11-03,S025,ready_to_eat,C6384,free_delivery,0.118,1
2024-11-25,S025,ready_to_eat,C9444,bundle,0.194,0
2024-11-28,S025,ready_to_eat,C5152,discount,0.172,0
2024-12-08,S025,ready_to_eat,C1106,discount,0.21,1
2024-12-24,S025,ready_to_eat,C3552,discount,0.105,1
2024-12-27,S025,ready_to_eat,C9078,discount,0.106,0
2025-01-01,S025,ready_to_eat,C5670,coupon,0.157,0
2025-01-03,S025,ready_to_eat,C3203,discount,0.239,0
2025-01-11,S025,ready_to_eat,C6622,bundle,0.194,0
2025-01-15,S025,ready_to_eat,C7762,discount,0.201,1
2025-01-16,S025,ready_to_eat,C6188,discount,0.254,0
2025-01-24,S025,ready_to_eat,C8924,discount,0.29,0
2024-01-02,S025,personal_care,C3434,free_delivery,0.216,0
2024-01-18,S025,personal_care,C5326,discount,0.187,0
2024-01-27,S025,personal_care,C2799,discount,0.181,0
2024-02-03,S025,personal_care,C6678,bundle,0.092,0
2024-02-09,S025,personal_care,C7821,discount,0.282,0
2024-02-12,S025,personal_care,C2243,discount,0.217,0
2024-02-14,S025,personal_care,C4768,coupon,0.05,1
2024-04-04,S025,personal_care,C9269,free_delivery,0.199,0
2024-04-08,S025,personal_care,C7662,discount,0.193,0
2024-04-10,S025,personal_care,C2528,discount,0.234,0
2024-04-13,S025,personal_care,C9286,free_delivery,0.165,1
2024-04-28,S025,personal_care,C8029,discount,0.09,0
2024-05-09,S025,personal_care,C2360,bundle,0.166,1
2024-05-16,S025,personal_care,C6836,free_delivery,0.206,0
2024-05-17,S025,personal_care,C2513,coupon,0.226,1
2024-06-07,S025,personal_care,C2564,coupon,0.218,1
2024-06-20,S025,personal_care,C5365,coupon,0.169,0
2024-06-27,S025,personal_care,C7447,free_delivery,0.05,1
2024-07-07,S025,personal_care,C3173,coupon,0.17,0
2024-08-03,S025,personal_care,C8761,free_delivery,0.131,1
2024-08-12,S025,personal_care,C7413,coupon,0.276,1
2024-08-21,S025,personal_care,C3241,discount,0.052,0
2024-08-30,S025,personal_care,C5942,discount,0.15,0
2024-09-03,S025,personal_care,C3815,coupon,0.173,1
2024-09-04,S025,personal_care,C2952,bundle,0.201,0
2024-09-17,S025,personal_care,C3156,bundle,0.256,1
2024-09-22,S025,personal_care,C4645,bundle,0.161,0
2024-09-24,S025,personal_care,C1968,discount,0.155,0
2024-09-25,S025,personal_care,C8917,bundle,0.347,0
2024-10-03,S025,personal_care,C6560,discount,0.164,0
2024-10-20,S025,personal_care,C6487,discount,0.155,1
2024-10-31,S025,personal_care,C9925,discount,0.185,0
2024-11-11,S025,personal_care,C1765,coupon,0.201,0
2024-11-21,S025,personal_care,C6480,coupon,0.145,0
2024-11-22,S025,personal_care,C6297,bundle,0.105,0
2024-12-14,S025,personal_care,C7433,free_delivery,0.139,1
2024-12-18,S025,personal_care,C3654,free_delivery,0.224,1
2024-12-29,S025,personal_care,C8204,free_delivery,0.191,1
2025-01-01,S025,personal_care,C4128,coupon,0.157,1
2025-01-02,S025,personal_care,C9346,bundle,0.165,1
2025-01-06,S025,personal_care,C6109,coupon,0.13,1
2025-01-09,S025,personal_care,C7053,bundle,-0.1,1
2025-01-23,S025,personal_care,C7505,coupon,0.155,0
2025-01-26,S025,personal_care,C1255,free_delivery,0.302,1
2024-01-01,S026,beverages,C7332,discount,0.274,1
2024-01-02,S026,beverages,C8545,discount,0.237,0
2024-01-03,S026,beverages,C4972,coupon,0.089,1
2024-01-12,S026,beverages,C2288,discount,0.161,0
2024-01-13,S026,beverages,C3796,bundle,0.072,1
2024-01-30,S026,beverages,C1673,bundle,0.21,0
2024-02-17,S026,beverages,C9359,discount,0.227,0
2024-02-24,S026,beverages,C4297,coupon,0.224,1
2024-02-28,S026,beverages,C9884,discount,0.141,1
2024-02-29,S026,beverages,C6585,bundle,0.226,1
2024-03-01,S026,beverages,C9195,bundle,0.145,1
2024-03-04,S026,beverages,C4231,discount,0.162,0
2024-03-19,S026,beverages,C2402,discount,0.188,0
2024-03-28,S026,beverages,C8575,free_delivery,0.145,0
2024-04-02,S026,beverages,C5715,bundle,0.185,0
2024-04-03,S026,beverages,C4745,discount,0.313,0
2024-04-09,S026,beverages,C7935,coupon,0.212,0
2024-04-13,S026,beverages,C8221,coupon,0.181,0
2024-04-23,S026,beverages,C9065,discount,0.22,0
2024-04-25,S026,beverages,C5013,discount,0.298,1
2024-04-27,S026,beverages,C3508,free_delivery,0.082,1
2024-05-09,S026,beverages,C6013,discount,0.129,0
2024-05-17,S026,beverages,C2708,discount,0.304,0
2024-05-21,S026,beverages,C4365,free_delivery,0.211,0
2024-05-30,S026,beverages,C9368,coupon,0.208,1
2024-06-18,S026,beverages,C4841,free_delivery,0.252,0
2024-06-23,S026,beverages,C1309,discount,0.234,0
2024-06-25,S026,beverages,C4110,free_delivery,0.161,0
2024-06-28,S026,beverages,C7074,discount,0.246,0
2024-07-10,S026,beverages,C6517,bundle,0.256,0
2024-07-19,S026,beverages,C3587,discount,0.128,0
2024-07-20,S026,beverages,C9052,coupon,0.242,0
2024-08-04,S026,beverages,C6674,discount,0.157,0
2024-08-17,S026,beverages,C6653,bundle,0.176,0
2024-08-19,S026,beverages,C3902,discount,0.225,1
2024-08-27,S026,beverages,C7080,free_delivery,0.243,0
2024-09-20,S026,beverages,C6361,coupon,0.21,1
2024-10-05,S026,beverages,C9342,bundle,0.186,1
2024-10-07,S026,beverages,C1145,discount,0.188,0
2024-10-10,S026,beverages,C2044,discount,0.215,0
2024-10-13,S026,beverages,C3059,discount,0.05,0
2024-10-18,S026,beverages,C8042,discount,0.17,1
2024-10-24,S026,beverages,C5733,discount,0.248,0
2024-11-13,S026,beverages,C6027,bundle,0.077,1
2024-11-27,S026,beverages,C8409,discount,0.187,0
2024-12-02,S026,beverages,C8515,discount,0.142,1
2024-12-04,S026,beverages,C8802,coupon,0.218,0
2024-12-09,S026,beverages,C9902,discount,0.214,1
2024-12-19,S026,beverages,C3280,discount,0.262,0
2024-12-21,S026,beverages,C1307,discount,0.223,0
2024-12-24,S026,beverages,C7547,bundle,0.065,1
2025-01-07,S026,beverages,C3546,bundle,0.18,0
2025-01-11,S026,beverages,C4392,discount,0.125,0
2025-01-14,S026,beverages,C8905,discount,0.2,0
2025-01-17,S026,beverages,C4935,free_delivery,0.168,1
2024-01-10,S026,snacks,C8941,bundle,0.077,0
2024-01-13,S026,snacks,C9260,free_delivery,0.19,0
2024-01-17,S026,snacks,C6474,discount,0.211,0
2024-01-18,S026,snacks,C7494,discount,0.153,0
2024-02-01,S026,snacks,C2583,discount,0.106,0
2024-02-02,S026,snacks,C9315,bundle,0.19,1
2024-02-04,S026,snacks,C6096,discount,0.12,0
2024-02-10,S026,snacks,C5394,coupon,0.096,0
2024-02-11,S026,snacks,C4775,discount,0.071,0
2024-02-17,S026,snacks,C8813,discount,0.267,1
2024-03-06,S026,snacks,C2744,discount,0.105,0
2024-03-12,S026,snacks,C1593,coupon,0.12,0
2024-03-19,S026,snacks,C4002,bundle,0.207,0
2024-04-05,S026,snacks,C2986,bundle,0.229,1
2024-04-20,S026,snacks,C3572,free_delivery,0.05,0
2024-04-23,S026,snacks,C9446,discount,0.125,0
2024-04-24,S026,snacks,C4974,coupon,0.167,0
2024-04-29,S026,snacks,C6521,bundle,0.193,1
2024-04-30,S026,snacks,C4008,free_delivery,0.242,0
2024-05-03,S026,snacks,C7051,discount,0.203,1
2024-05-05,S026,snacks,C9340,coupon,0.275,0
2024-05-08,S026,snacks,C3299,discount,0.257,0
2024-05-23,S026,snacks,C3873,discount,0.2,1
2024-05-30,S026,snacks,C5645,coupon,0.154,0
2024-06-04,S026,snacks,C3211,bundle,0.217,0
2024-06-17,S026,snacks,C4852,coupon,0.083,0
2024-06-26,S026,snacks,C4142,bundle,0.241,1
2024-07-01,S026,snacks,C8052,coupon,0.234,0
2024-07-02,S026,snacks,C9878,discount,0.212,0
2024-07-10,S026,snacks,C9348,coupon,0.197,0
2024-07-12,S026,snacks,C7860,free_delivery,0.232,1
2024-07-19,S026,snacks,C3327,discount,0.177,1
2024-07-20,S026,snacks,C4575,coupon,0.23,0
2024-07-22,S026,snacks,C4604,coupon,0.248,1
2024-07-26,S026,snacks,C5756,discount,0.153,1
2024-08-03,S026,snacks,C4613,discount,0.221,0
2024-08-04,S026,snacks,C8087,discount,0.144,0
2024-08-16,S026,snacks,C1589,discount,0.122,0
2024-09-15,S026,snacks,C4948,discount,0.177,0
2024-09-16,S026,snacks,C5157,discount,0.141,0
2024-09-18,S026,snacks,C2603,discount,0.268,0
2024-09-29,S026,snacks,C8189,coupon,0.283,1
2024-10-02,S026,snacks,C2797,discount,0.179,1
2024-10-03,S026,snacks,C6211,discount,0.157,1
2024-10-11,S026,snacks,C3508,discount,0.141,0
2024-10-14,S026,snacks,C3499,discount,0.05,0
2024-10-19,S026,snacks,C6556,discount,0.221,0
2024-11-02,S026,snacks,C3678,discount,0.176,1
2024-11-07,S026,snacks,C1490,discount,0.223,0
2024-11-18,S026,snacks,C6325,free_delivery,0.203,0
2024-11-20,S026,snacks,C4198,discount,0.191,0
2024-12-21,S026,snacks,C1447,coupon,0.307,1
2024-12-25,S026,snacks,C6136,coupon,0.233,0
2025-01-12,S026,snacks,C3706,coupon,0.183,1
2025-01-13,S026,snacks,C4970,bundle,0.13,1
2024-01-04,S026,fresh,C3552,bundle,0.306,0
2024-01-21,S026,fresh,C9128,discount,0.12,0
2024-02-14,S026,fresh,C1147,discount,0.21,0
2024-03-03,S026,fresh,C7479,free_delivery,0.075,0
2024-03-04,S026,fresh,C3165,discount,0.06,1
2024-03-15,S026,fresh,C7504,discount,0.172,0
2024-04-05,S026,fresh,C6602,discount,0.199,0
2024-04-20,S026,fresh,C9314,discount,0.165,0
2024-04-23,S026,fresh,C7357,discount,0.143,1
2024-05-26,S026,fresh,C4287,discount,0.201,0
2024-06-05,S026,fresh,C9153,coupon,0.12,0
2024-06-07,S026,fresh,C2938,coupon,0.075,0
2024-06-29,S026,fresh,C8322,discount,0.234,1
2024-07-01,S026,fresh,C1194,discount,0.131,1
2024-07-06,S026,fresh,C3958,coupon,0.222,0
2024-07-22,S026,fresh,C7144,coupon,0.14,1
2024-09-04,S026,fresh,C9541,bundle,0.222,0
2024-09-14,S026,fresh,C6362,bundle,0.175,0
2024-09-25,S026,fresh,C8662,free_delivery,0.209,1
2024-10-15,S026,fresh,C8514,discount,0.12,1
2024-10-29,S026,fresh,C3463,discount,0.213,0
2024-11-03,S026,fresh,C5591,coupon,0.262,0
2024-11-30,S026,fresh,C1428,discount,0.142,0
2024-12-06,S026,fresh,C4458,discount,0.341,1
2024-12-16,S026,fresh,C7751,discount,0.239,0
2024-12-21,S026,fresh,C4922,discount,0.224,1
2024-12-26,S026,fresh,C3980,free_delivery,0.223,1
2025-01-05,S026,fresh,C1190,discount,0.136,0
2025-01-08,S026,fresh,C8483,discount,0.237,1
2025-01-21,S026,fresh,C4622,free_delivery,0.152,0
2024-02-02,S026,household,C7604,bundle,0.163,1
2024-02-04,S026,household,C2651,discount,0.23,0
2024-02-07,S026,household,C7724,coupon,0.213,1
2024-03-11,S026,household,C7729,coupon,0.24,0
2024-03-19,S026,household,C1558,coupon,0.095,1
2024-03-29,S026,household,C9936,discount,0.09,1
2024-04-08,S026,household,C8742,discount,0.215,0
2024-06-04,S026,household,C5420,discount,0.114,0
2024-06-07,S026,household,C7156,discount,0.12,0
2024-06-22,S026,household,C7348,coupon,0.278,0
2024-07-24,S026,household,C8794,discount,0.222,0
2024-08-02,S026,household,C6778,discount,0.263,1
2024-08-03,S026,household,C5317,discount,0.196,0
2024-08-10,S026,household,C7162,discount,0.188,0
2024-08-30,S026,household,C1878,coupon,0.17,1
2024-09-07,S026,household,C6972,discount,0.158,0
2024-09-18,S026,household,C6344,coupon,0.123,0
2024-09-29,S026,household,C7330,discount,0.093,0
2024-10-01,S026,household,C5585,bundle,0.105,0
2024-10-27,S026,household,C2424,discount,0.135,0
2024-10-30,S026,household,C1286,discount,0.226,0
2024-11-02,S026,household,C6449,discount,0.114,0
2024-11-23,S026,household,C8508,discount,0.199,1
2024-11-25,S026,household,C9677,discount,0.179,0
2024-11-26,S026,household,C6518,discount,0.132,1
2025-01-10,S026,household,C3950,coupon,0.216,1
2025-01-18,S026,household,C2098,discount,0.139,1
2024-01-10,S026,ready_to_eat,C5469,discount,0.169,0
2024-01-19,S026,ready_to_eat,C9538,free_delivery,0.364,0
2024-01-22,S026,ready_to_eat,C4008,coupon,0.133,0
2024-01-24,S026,ready_to_eat,C1534,discount,0.052,0
2024-01-31,S026,ready_to_eat,C5005,discount,0.116,1
2024-02-10,S026,ready_to_eat,C3754,free_delivery,0.149,0
2024-02-11,S026,ready_to_eat,C4649,discount,0.163,1
2024-02-15,S026,ready_to_eat,C2432,discount,0.089,0
2024-02-17,S026,ready_to_eat,C2750,discount,0.163,1
2024-03-16,S026,ready_to_eat,C9832,discount,0.172,1
2024-03-23,S026,ready_to_eat,C2031,coupon,0.142,0
2024-03-26,S026,ready_to_eat,C8851,free_delivery,0.184,1
2024-04-05,S026,ready_to_eat,C5716,coupon,0.269,0
2024-04-07,S026,ready_to_eat,C8246,discount,0.091,1
2024-04-18,S026,ready_to_eat,C5985,discount,0.179,0
2024-04-28,S026,ready_to_eat,C7166,coupon,0.114,0
2024-04-30,S026,ready_to_eat,C3112,free_delivery,0.117,1
2024-05-10,S026,ready_to_eat,C5582,free_delivery,0.174,1
2024-05-17,S026,ready_to_eat,C6966,coupon,0.203,0
2024-05-30,S026,ready_to_eat,C5161,discount,0.241,1
2024-06-01,S026,ready_to_eat,C8904,coupon,0.171,0
2024-06-09,S026,ready_to_eat,C6622,bundle,0.258,1
2024-06-30,S026,ready_to_eat,C3901,bundle,0.291,0
2024-07-01,S026,ready_to_eat,C4541,discount,0.12,0
2024-07-20,S026,ready_to_eat,C6319,bundle,0.197,1
2024-07-21,S026,ready_to_eat,C5766,discount,0.218,1
2024-08-01,S026,ready_to_eat,C9039,bundle,0.245,1
2024-08-06,S026,ready_to_eat,C3873,discount,0.165,0
2024-09-06,S026,ready_to_eat,C8850,coupon,0.348,0
2024-09-09,S026,ready_to_eat,C1103,coupon,0.131,0
2024-09-14,S026,ready_to_eat,C9337,discount,0.193,0
2024-09-21,S026,ready_to_eat,C5070,coupon,0.191,1
2024-09-25,S026,ready_to_eat,C8409,discount,0.05,1
2024-10-04,S026,ready_to_eat,C9598,bundle,0.103,1
2024-10-15,S026,ready_to_eat,C6902,coupon,0.147,0
2024-10-21,S026,ready_to_eat,C3357,coupon,0.312,1
2024-11-06,S026,ready_to_eat,C4212,free_delivery,0.237,1
2024-11-07,S026,ready_to_eat,C1052,coupon,0.153,0
2024-11-17,S026,ready_to_eat,C5086,coupon,0.136,1
2024-11-24,S026,ready_to_eat,C5144,discount,0.163,0
2024-12-04,S026,ready_to_eat,C7255,free_delivery,0.093,0
2024-12-15,S026,ready_to_eat,C1317,discount,0.084,1
2024-12-22,S026,ready_to_eat,C8262,discount,0.188,0
2024-12-24,S026,ready_to_eat,C8206,bundle,0.25,0
2024-12-26,S026,ready_to_eat,C3232,bundle,0.224,0
2024-12-28,S026,ready_to_eat,C6749,free_delivery,0.278,0
2025-01-02,S026,ready_to_eat,C9569,bundle,0.117,0
2025-01-03,S026,ready_to_eat,C7041,free_delivery,0.22,1
2025-01-12,S026,ready_to_eat,C5699,bundle,0.095,0
2025-01-13,S026,ready_to_eat,C9424,free_delivery,0.23,0
2024-01-13,S026,personal_care,C8143,bundle,0.19,1
2024-01-25,S026,personal_care,C2414,discount,0.193,1
2024-02-06,S026,personal_care,C8906,coupon,0.163,1
2024-02-09,S026,personal_care,C1667,coupon,0.14,0
2024-02-14,S026,personal_care,C8444,discount,0.154,1
2024-02-18,S026,personal_care,C4051,coupon,0.131,1
2024-02-25,S026,personal_care,C8799,free_delivery,0.17,0
2024-02-28,S026,personal_care,C7713,bundle,0.272,1
2024-02-29,S026,personal_care,C1203,bundle,0.23,0
2024-03-13,S026,personal_care,C2781,bundle,0.22,0
2024-03-27,S026,personal_care,C6174,discount,0.232,1
2024-03-28,S026,personal_care,C2124,discount,0.271,0
2024-04-07,S026,personal_care,C5448,bundle,0.175,1
2024-04-15,S026,personal_care,C2655,free_delivery,0.137,0
2024-04-30,S026,personal_care,C3465,coupon,0.243,0
2024-05-03,S026,personal_care,C4406,discount,0.11,0
2024-05-30,S026,personal_care,C6850,discount,0.05,1
2024-06-13,S026,personal_care,C6190,discount,0.143,1
2024-06-17,S026,personal_care,C8091,bundle,0.13,1
2024-06-29,S026,personal_care,C4647,coupon,0.192,0
2024-07-01,S026,personal_care,C1504,discount,0.127,0
2024-07-08,S026,personal_care,C7329,discount,0.098,0
2024-07-30,S026,personal_care,C8422,discount,0.198,1
2024-08-03,S026,personal_care,C3989,discount,0.116,1
2024-08-06,S026,personal_care,C5057,free_delivery,0.091,0
2024-08-07,S026,personal_care,C6839,coupon,0.211,0
2024-08-18,S026,personal_care,C6930,free_delivery,0.205,1
2024-08-19,S026,personal_care,C2086,discount,0.076,0
2024-08-31,S026,personal_care,C8231,free_delivery,0.312,0
2024-09-15,S026,personal_care,C6171,discount,0.219,1
2024-09-23,S026,personal_care,C6023,discount,0.244,0
2024-09-27,S026,personal_care,C9295,discount,0.255,0
2024-10-06,S026,personal_care,C7691,discount,0.095,0
2024-10-07,S026,personal_care,C2999,discount,0.082,0
2024-10-10,S026,personal_care,C4624,discount,0.266,0
2024-10-12,S026,personal_care,C7315,discount,0.053,0
2024-10-20,S026,personal_care,C8452,coupon,0.179,0
2024-11-09,S026,personal_care,C4661,discount,0.148,1
2024-11-16,S026,personal_care,C4983,bundle,0.13,0
2024-11-24,S026,personal_care,C6244,coupon,0.279,0
2024-12-01,S026,personal_care,C9461,bundle,0.086,0
2025-01-02,S026,personal_care,C5574,free_delivery,0.177,1
2025-01-26,S026,personal_care,C7582,coupon,0.223,1
2024-01-03,S027,beverages,C7520,free_delivery,0.127,0
2024-01-04,S027,beverages,C5423,coupon,0.214,0
2024-01-06,S027,beverages,C6681,coupon,0.13,0
2024-01-22,S027,beverages,C7179,discount,0.21,0
2024-02-13,S027,beverages,C1959,free_delivery,0.184,1
2024-02-14,S027,beverages,C4730,coupon,0.271,0
2024-02-17,S027,beverages,C7060,free_delivery,0.327,1
2024-02-28,S027,beverages,C6407,discount,0.178,1
2024-03-02,S027,beverages,C4185,coupon,0.164,1
2024-03-03,S027,beverages,C8790,coupon,0.05,0
2024-03-04,S027,beverages,C6225,discount,0.137,0
2024-03-11,S027,beverages,C6575,discount,0.218,0
2024-03-16,S027,beverages,C9950,discount,0.175,0
2024-03-17,S027,beverages,C8561,discount,0.176,1
2024-03-22,S027,beverages,C3038,coupon,0.12,0
2024-03-26,S027,beverages,C1936,coupon,0.219,1
2024-04-07,S027,beverages,C2820,discount,0.125,1
2024-04-14,S027,beverages,C6000,discount,0.123,0
2024-04-17,S027,beverages,C8624,coupon,0.061,1
2024-04-24,S027,beverages,C7994,discount,0.099,1
2024-05-02,S027,beverages,C4638,coupon,0.166,1
2024-05-03,S027,beverages,C1373,bundle,0.162,0
2024-05-16,S027,beverages,C3228,discount,0.136,0
2024-05-23,S027,beverages,C3139,coupon,0.235,1
2024-05-25,S027,beverages,C7126,discount,0.087,0
2024-06-01,S027,beverages,C3538,bundle,0.297,0
2024-06-30,S027,beverages,C8508,discount,0.239,1
2024-07-02,S027,beverages,C6629,discount,0.302,0
2024-07-04,S027,beverages,C1647,discount,0.278,1
2024-08-06,S027,beverages,C1119,discount,0.357,1
2024-08-11,S027,beverages,C5593,free_delivery,0.194,0
2024-08-18,S027,beverages,C7470,bundle,0.185,1
2024-09-01,S027,beverages,C9604,coupon,0.289,0
2024-09-08,S027,beverages,C7708,discount,0.204,0
2024-09-10,S027,beverages,C4234,bundle,0.317,0
2024-09-13,S027,beverages,C1499,bundle,0.219,1
2024-09-15,S027,beverages,C8932,discount,0.22,1
2024-09-16,S027,beverages,C5527,bundle,0.198,0
2024-10-05,S027,beverages,C1897,coupon,0.211,0
2024-10-06,S027,beverages,C7888,discount,0.316,1
2024-10-08,S027,beverages,C4531,bundle,0.182,1
2024-10-13,S027,beverages,C8083,coupon,0.141,0
2024-10-19,S027,beverages,C5606,discount,0.142,1
2024-11-04,S027,beverages,C9838,free_delivery,1.2,1
2024-11-10,S027,beverages,C2660,free_delivery,0.196,0
2024-11-23,S027,beverages,C2207,discount,0.193,1
2024-11-24,S027,beverages,C3671,discount,0.117,0
2024-11-25,S027,beverages,C4077,discount,0.193,1
2024-11-27,S027,beverages,C1362,coupon,0.161,1
2024-12-04,S027,beverages,C2801,discount,0.217,0
2024-12-09,S027,beverages,C8428,discount,0.211,0
2024-12-11,S027,beverages,C7832,discount,0.145,1
2024-12-21,S027,beverages,C4495,bundle,0.172,1
2025-01-04,S027,beverages,C4013,free_delivery,0.208,1
2025-01-14,S027,beverages,C7919,discount,0.082,1
2025-01-20,S027,beverages,C6604,discount,0.156,0
2024-01-09,S027,snacks,C9647,free_delivery,0.086,0
2024-01-12,S027,snacks,C8217,free_delivery,0.185,1
2024-01-14,S027,snacks,C3250,bundle,0.172,1
2024-01-22,S027,snacks,C7880,discount,0.225,0
2024-01-28,S027,snacks,C5321,discount,0.144,1
2024-02-10,S027,snacks,C1891,coupon,0.17,0
2024-02-24,S027,snacks,C5191,discount,0.18,1
2024-02-27,S027,snacks,C5673,discount,0.352,1
2024-02-29,S027,snacks,C6498,discount,0.3,1
2024-03-08,S027,snacks,C5141,discount,0.151,1
2024-03-10,S027,snacks,C7308,coupon,0.305,0
2024-03-12,S027,snacks,C9505,discount,0.134,0
2024-03-17,S027,snacks,C8102,bundle,0.111,0
2024-03-27,S027,snacks,C3324,discount,0.27,0
2024-04-11,S027,snacks,C5194,coupon,0.23,0
2024-04-17,S027,snacks,C6593,bundle,0.18,0
2024-05-03,S027,snacks,C6400,discount,0.171,0
2024-05-14,S027,snacks,C8261,discount,0.181,0
2024-06-03,S027,snacks,C3862,discount,0.161,0
2024-06-05,S027,snacks,C3832,discount,0.32,1
2024-06-13,S027,snacks,C7523,discount,0.263,0
2024-06-21,S027,snacks,C6418,discount,0.189,1
2024-06-25,S027,snacks,C4292,coupon,0.258,0
2024-07-01,S027,snacks,C6624,bundle,0.149,0
2024-07-05,S027,snacks,C2838,discount,0.169,1
2024-07-10,S027,snacks,C3230,discount,0.05,1
2024-07-14,S027,snacks,C8071,bundle,0.087,0
2024-07-25,S027,snacks,C8417,discount,0.146,0
2024-07-30,S027,snacks,C4905,coupon,0.198,0
2024-08-05,S027,snacks,C7845,coupon,0.072,0
2024-08-23,S027,snacks,C3307,discount,0.312,1
2024-08-24,S027,snacks,C3329,bundle,0.157,1
2024-08-28,S027,snacks,C2305,discount,0.079,0
2024-09-08,S027,snacks,C1387,bundle,0.299,0
2024-09-19,S027,snacks,C6829,discount,0.05,0
2024-09-24,S027,snacks,C5561,coupon,0.191,1
2024-09-25,S027,snacks,C1644,discount,0.199,0
2024-09-28,S027,snacks,C4329,free_delivery,0.321,0
2024-09-29,S027,snacks,C1944,discount,0.135,0
2024-09-30,S027,snacks,C5829,discount,0.178,1
2024-10-06,S027,snacks,C1433,discount,0.091,1
2024-10-10,S027,snacks,C4074,coupon,0.143,1
2024-10-11,S027,snacks,C2708,discount,0.092,1
2024-10-27,S027,snacks,C6155,free_delivery,0.166,0
2024-11-03,S027,snacks,C8373,discount,0.128,1
2024-11-09,S027,snacks,C4156,coupon,0.201,0
2024-11-12,S027,snacks,C6256,discount,0.161,0
2024-11-28,S027,snacks,C8975,discount,0.181,0
2024-11-29,S027,snacks,C1897,discount,0.302,0
2024-12-03,S027,snacks,C7942,discount,0.225,0
2024-12-28,S027,snacks,C7772,discount,0.194,0
2025-01-13,S027,snacks,C8864,free_delivery,0.185,1
2025-01-15,S027,snacks,C7453,discount,0.2,1
2025-01-18,S027,snacks,C3767,discount,0.152,0
2025-01-21,S027,snacks,C3346,coupon,0.31,0
2025-01-23,S027,snacks,C5531,discount,0.143,1
2025-01-25,S027,snacks,C3078,bundle,0.195,0
2024-01-04,S027,fresh,C2280,discount,0.212,0
2024-01-13,S027,fresh,C7777,discount,0.082,0
2024-01-14,S027,fresh,C6377,discount,0.24,1
2024-01-15,S027,fresh,C8122,coupon,0.102,1
2024-02-16,S027,fresh,C4337,discount,0.242,0
2024-02-17,S027,fresh,C4122,coupon,0.225,0
2024-02-18,S027,fresh,C6067,discount,0.226,0
2024-02-20,S027,fresh,C9200,discount,0.284,0
2024-03-30,S027,fresh,C9645,coupon,0.088,1
2024-03-31,S027,fresh,C2001,coupon,0.198,1
2024-04-01,S027,fresh,C6521,bundle,0.069,1
2024-05-06,S027,fresh,C5368,discount,0.162,1
2024-05-09,S027,fresh,C9028,free_delivery,0.099,0
2024-05-25,S027,fresh,C6392,bundle,0.134,0
2024-06-01,S027,fresh,C7429,discount,0.185,0
2024-06-08,S027,fresh,C2583,discount,0.098,0
2024-07-01,S027,fresh,C5988,discount,0.18,0
2024-07-03,S027,fresh,C5036,discount,0.214,0
2024-07-21,S027,fresh,C5442,discount,0.355,0
2024-07-22,S027,fresh,C3360,coupon,0.106,0
2024-07-31,S027,fresh,C3920,coupon,0.167,0
2024-08-13,S027,fresh,C5119,coupon,0.247,0
2024-08-23,S027,fresh,C2605,coupon,0.05,0
2024-08-29,S027,fresh,C6396,free_delivery,0.104,0
2024-09-08,S027,fresh,C9108,free_delivery,0.17,1
2024-09-15,S027,fresh,C3979,bundle,0.217,0
2024-09-27,S027,fresh,C8144,bundle,0.201,0
2024-09-29,S027,fresh,C6229,discount,0.311,1
2024-10-05,S027,fresh,C3531,discount,0.173,0
2024-10-20,S027,fresh,C3918,discount,0.082,1
2024-11-04,S027,fresh,C5567,coupon,0.1,1
2024-11-09,S027,fresh,C2306,discount,0.209,0
2024-12-27,S027,fresh,C9816,discount,0.212,0
2025-01-23,S027,fresh,C1926,discount,0.132,0
2024-01-15,S027,household,C2338,coupon,0.143,1
2024-01-20,S027,household,C4372,discount,0.252,1
2024-01-24,S027,household,C5218,free_delivery,0.363,0
2024-01-29,S027,household,C2746,discount,0.241,0
2024-02-17,S027,household,C1592,discount,0.239,1
2024-02-18,S027,household,C8723,discount,0.244,0
2024-03-04,S027,household,C6280,coupon,0.226,1
2024-03-30,S027,household,C4705,discount,0.249,0
2024-04-28,S027,household,C6533,coupon,0.236,0
2024-06-08,S027,household,C5641,coupon,0.232,0
2024-06-15,S027,household,C9389,coupon,0.268,0
2024-07-18,S027,household,C1608,discount,0.187,0
2024-07-19,S027,household,C8856,free_delivery,0.286,0
2024-07-20,S027,household,C3838,discount,0.2,0
2024-08-25,S027,household,C3090,bundle,0.05,0
2024-09-13,S027,household,C9781,discount,0.191,1
2024-10-05,S027,household,C9577,bundle,0.19,0
2024-10-10,S027,household,C2310,bundle,0.253,0
2024-10-21,S027,household,C7030,coupon,0.164,0
2024-11-03,S027,household,C3955,bundle,0.227,1
2024-11-08,S027,household,C7760,coupon,0.291,0
2024-11-10,S027,household,C7238,free_delivery,0.2,0
2024-11-24,S027,household,C6074,discount,0.178,0
2024-11-29,S027,household,C5111,coupon,0.295,0
2025-01-12,S027,household,C9582,bundle,0.304,0
2025-01-18,S027,household,C6781,discount,0.132,0
2025-01-24,S027,household,C7029,bundle,0.255,0
2025-01-27,S027,household,C7713,discount,0.205,0
2024-01-01,S027,ready_to_eat,C9576,coupon,0.314,0
2024-01-11,S027,ready_to_eat,C5089,discount,0.238,1
2024-01-12,S027,ready_to_eat,C7428,coupon,0.144,0
2024-01-29,S027,ready_to_eat,C5116,free_delivery,0.172,1
2024-01-31,S027,ready_to_eat,C2356,coupon,0.292,0
2024-02-13,S027,ready_to_eat,C9712,bundle,0.091,1
2024-02-19,S027,ready_to_eat,C6664,discount,0.182,0
2024-02-22,S027,ready_to_eat,C2270,free_delivery,0.086,0
2024-03-09,S027,ready_to_eat,C5754,coupon,0.221,0
2024-03-14,S027,ready_to_eat,C5115,coupon,0.137,0
2024-03-15,S027,ready_to_eat,C1056,bundle,0.197,0
2024-04-14,S027,ready_to_eat,C5027,coupon,0.212,0
2024-04-15,S027,ready_to_eat,C3728,discount,0.203,0
2024-04-16,S027,ready_to_eat,C8715,discount,0.199,0
2024-04-25,S027,ready_to_eat,C3378,discount,0.21,0
2024-04-27,S027,ready_to_eat,C2097,coupon,0.267,1
2024-05-04,S027,ready_to_eat,C7189,bundle,0.284,0
2024-05-06,S027,ready_to_eat,C2961,discount,0.214,1
2024-05-17,S027,ready_to_eat,C2136,discount,0.192,0
2024-05-18,S027,ready_to_eat,C8885,discount,0.233,0
2024-05-25,S027,ready_to_eat,C4008,coupon,0.147,1
2024-05-31,S027,ready_to_eat,C3292,free_delivery,0.192,0
2024-06-06,S027,ready_to_eat,C9202,coupon,0.231,0
2024-07-14,S027,ready_to_eat,C5878,discount,0.199,1
2024-07-19,S027,ready_to_eat,C7262,discount,0.05,0
2024-07-27,S027,ready_to_eat,C2099,discount,0.187,0
2024-07-31,S027,ready_to_eat,C3317,bundle,0.084,0
2024-08-02,S027,ready_to_eat,C9336,bundle,0.05,0
2024-08-17,S027,ready_to_eat,C8428,discount,0.227,0
2024-09-17,S027,ready_to_eat,C5408,coupon,0.261,1
2024-09-19,S027,ready_to_eat,C5185,discount,0.146,1
2024-10-03,S027,ready_to_eat,C1987,coupon,0.298,0
2024-10-05,S027,ready_to_eat,C4346,coupon,0.203,0
2024-10-17,S027,ready_to_eat,C6778,discount,0.161,1
2024-10-20,S027,ready_to_eat,C9664,free_delivery,0.133,1
2024-10-29,S027,ready_to_eat,C7354,bundle,0.201,1
2024-10-30,S027,ready_to_eat,C4342,discount,0.068,0
2024-10-31,S027,ready_to_eat,C4189,free_delivery,0.221,0
2024-11-21,S027,ready_to_eat,C6006,discount,0.184,0
2024-12-13,S027,ready_to_eat,C5069,coupon,0.269,0
2024-12-14,S027,ready_to_eat,C5359,coupon,0.122,0
2024-12-16,S027,ready_to_eat,C7780,discount,0.058,0
2024-12-20,S027,ready_to_eat,C1699,coupon,0.095,0
2025-01-25,S027,ready_to_eat,C9005,coupon,0.247,0
2025-01-27,S027,ready_to_eat,C5962,discount,0.207,0
2024-01-02,S027,personal_care,C8768,discount,0.061,0
2024-01-11,S027,personal_care,C3634,coupon,0.189,0
2024-02-03,S027,personal_care,C3196,bundle,0.237,0
2024-02-18,S027,personal_care,C3492,free_delivery,0.16,0
2024-03-09,S027,personal_care,C2572,discount,0.117,0
2024-03-10,S027,personal_care,C7189,coupon,0.247,0
2024-03-16,S027,personal_care,C7329,free_delivery,0.202,1
2024-03-29,S027,personal_care,C1703,coupon,0.101,1
2024-04-20,S027,personal_care,C9106,discount,0.232,0
2024-04-21,S027,personal_care,C4585,discount,0.05,0
2024-05-13,S027,personal_care,C7459,bundle,0.151,0
2024-05-28,S027,personal_care,C3866,coupon,0.163,0
2024-05-31,S027,personal_care,C9081,discount,0.087,1
2024-06-17,S027,personal_care,C8163,free_delivery,0.242,1
2024-06-18,S027,personal_care,C5734,discount,0.052,1
2024-06-23,S027,personal_care,C6518,discount,0.136,0
2024-06-27,S027,personal_care,C7229,discount,0.176,1
2024-07-04,S027,personal_care,C1063,bundle,0.173,0
2024-07-14,S027,personal_care,C1999,free_delivery,0.199,1
2024-07-22,S027,personal_care,C6306,coupon,0.114,0
2024-08-04,S027,personal_care,C8430,discount,0.163,1
2024-08-10,S027,personal_care,C7909,discount,0.148,1
2024-08-11,S027,personal_care,C9928,free_delivery,0.18,0
2024-08-15,S027,personal_care,C5032,coupon,0.227,0
2024-09-02,S027,personal_care,C2539,coupon,0.158,1
2024-09-09,S027,personal_care,C3332,discount,0.085,1
2024-10-10,S027,personal_care,C3300,coupon,0.184,1
2024-10-19,S027,personal_care,C7169,discount,0.291,0
2024-10-23,S027,personal_care,C8610,discount,0.197,1
2024-10-29,S027,personal_care,C6365,bundle,0.209,0
2024-11-02,S027,personal_care,C1336,bundle,0.202,0
2024-11-04,S027,personal_care,C7823,free_delivery,0.142,1
2024-11-20,S027,personal_care,C6821,free_delivery,0.195,0
2024-11-21,S027,personal_care,C5741,discount,0.209,1
2024-11-26,S027,personal_care,C3563,bundle,0.186,1
2024-11-30,S027,personal_care,C7249,discount,0.266,0
2024-12-16,S027,personal_care,C6912,free_delivery,0.121,1
2024-12-18,S027,personal_care,C7377,coupon,0.187,1
2024-12-28,S027,personal_care,C3110,discount,0.166,0
2025-01-04,S027,personal_care,C7915,discount,0.271,0
2025-01-11,S027,personal_care,C2432,coupon,0.21,1
2025-01-21,S027,personal_care,C5660,free_delivery,0.095,0
2024-01-06,S028,beverages,C3388,discount,0.05,0
2024-01-09,S028,beverages,C6048,free_delivery,0.177,1
2024-01-21,S028,beverages,C1874,free_delivery,0.104,1
2024-02-03,S028,beverages,C1167,free_delivery,0.185,1
2024-02-05,S028,beverages,C7500,coupon,0.275,0
2024-02-06,S028,beverages,C9715,bundle,0.05,1
2024-02-07,S028,beverages,C7912,discount,0.183,0
2024-02-12,S028,beverages,C4426,coupon,0.295,1
2024-02-13,S028,beverages,C2020,free_delivery,0.163,1
2024-02-21,S028,beverages,C5882,free_delivery,0.174,1
2024-03-07,S028,beverages,C3747,discount,0.18,1
2024-03-14,S028,beverages,C1530,coupon,0.313,1
2024-03-17,S028,beverages,C3268,discount,0.06,1
2024-03-18,S028,beverages,C6265,discount,0.171,1
2024-03-25,S028,beverages,C7389,bundle,0.096,1
2024-03-28,S028,beverages,C8019,bundle,0.122,1
2024-04-06,S028,beverages,C3950,discount,0.194,1
2024-04-26,S028,beverages,C6343,discount,0.149,0
2024-05-05,S028,beverages,C4269,free_delivery,0.305,1
2024-05-17,S028,beverages,C6212,discount,0.255,0
2024-05-22,S028,beverages,C1220,coupon,0.187,1
2024-05-26,S028,beverages,C8749,bundle,0.05,1
2024-05-27,S028,beverages,C8951,discount,0.299,1
2024-05-31,S028,beverages,C9838,bundle,0.186,0
2024-06-10,S028,beverages,C6588,discount,0.111,0
2024-06-22,S028,beverages,C2896,coupon,0.247,0
2024-06-25,S028,beverages,C1647,bundle,0.074,0
2024-07-06,S028,beverages,C6934,discount,0.253,1
2024-07-07,S028,beverages,C3658,free_delivery,0.19,0
2024-07-19,S028,beverages,C2742,coupon,0.186,1
2024-07-26,S028,beverages,C9821,coupon,0.224,0
2024-08-04,S028,beverages,C6219,discount,0.365,0
2024-08-09,S028,beverages,C5376,discount,0.158,0
2024-08-14,S028,beverages,C3859,discount,0.109,0
2024-08-29,S028,beverages,C5197,coupon,0.262,1
2024-08-30,S028,beverages,C7515,free_delivery,0.095,0
2024-09-10,S028,beverages,C7989,discount,0.296,1
2024-09-11,S028,beverages,C8564,coupon,0.07,0
2024-09-15,S028,beverages,C5878,bundle,0.188,1
2024-09-23,S028,beverages,C4827,discount,0.11,0
2024-09-25,S028,beverages,C7604,coupon,0.34,0
2024-09-28,S028,beverages,C4348,bundle,0.168,0
2024-10-06,S028,beverages,C3644,coupon,0.145,1
2024-10-08,S028,beverages,C8098,discount,0.212,1
2024-10-13,S028,beverages,C2178,discount,0.229,0
2024-10-22,S028,beverages,C4881,bundle,0.197,0
2024-11-07,S028,beverages,C3315,discount,0.25,1
2024-11-08,S028,beverages,C5604,bundle,0.119,0
2024-11-13,S028,beverages,C1627,free_delivery,0.277,0
2024-12-04,S028,beverages,C9735,discount,0.201,1
2025-01-06,S028,beverages,C4563,discount,0.125,0
2025-01-14,S028,beverages,C9145,free_delivery,0.311,0
2025-01-21,S028,beverages,C5947,bundle,0.21,0
2024-01-13,S028,snacks,C2364,bundle,0.304,0
2024-01-15,S028,snacks,C1894,discount,0.194,0
2024-01-20,S028,snacks,C7293,discount,0.162,0
2024-01-25,S028,snacks,C6808,discount,0.209,0
2024-01-30,S028,snacks,C1602,discount,0.17,0
2024-02-02,S028,snacks,C7123,discount,0.172,0
2024-02-05,S028,snacks,C4479,discount,0.172,0
2024-02-28,S028,snacks,C4140,coupon,0.13,0
2024-03-02,S028,snacks,C4860,discount,0.114,1
2024-03-05,S028,snacks,C7331,bundle,0.171,1
2024-03-10,S028,snacks,C8456,discount,0.05,1
2024-03-20,S028,snacks,C5012,coupon,0.236,1
2024-03-30,S028,snacks,C7563,free_delivery,0.07,1
2024-04-04,S028,snacks,C2968,discount,0.136,0
2024-04-05,S028,snacks,C5761,discount,0.199,1
2024-04-06,S028,snacks,C4705,free_delivery,0.222,0
2024-04-20,S028,snacks,C5899,free_delivery,0.18,1
2024-04-21,S028,snacks,C9165,discount,0.285,0
2024-04-22,S028,snacks,C4435,discount,0.158,0
2024-04-29,S028,snacks,C4240,coupon,0.091,1
2024-05-11,S028,snacks,C7289,discount,0.268,0
2024-05-14,S028,snacks,C9413,discount,0.161,1
2024-05-23,S028,snacks,C1311,bundle,0.201,0
2024-05-31,S028,snacks,C4089,discount,0.056,1
2024-06-01,S028,snacks,C9353,bundle,0.151,1
2024-06-04,S028,snacks,C6335,free_delivery,0.11,0
2024-06-07,S028,snacks,C9693,free_delivery,0.174,1
2024-06-16,S028,snacks,C6259,coupon,0.277,1
2024-06-21,S028,snacks,C8341,coupon,0.102,1
2024-07-11,S028,snacks,C6355,discount,0.05,0
2024-07-13,S028,snacks,C1355,discount,0.091,0
2024-07-16,S028,snacks,C3169,discount,0.216,0
2024-07-20,S028,snacks,C9517,discount,0.152,0
2024-08-09,S028,snacks,C6026,discount,0.195,0
2024-08-12,S028,snacks,C1021,discount,0.174,0
2024-08-14,S028,snacks,C9790,discount,0.252,0
2024-08-18,S028,snacks,C7506,discount,0.204,1
2024-08-20,S028,snacks,C7844,bundle,0.075,0
2024-08-25,S028,snacks,C2687,bundle,0.175,0
2024-08-27,S028,snacks,C3966,discount,0.271,1
2024-09-09,S028,snacks,C2675,discount,0.18,1
2024-09-12,S028,snacks,C8139,discount,0.255,0
2024-09-25,S028,snacks,C7851,discount,0.196,0
2024-09-29,S028,snacks,C1874,discount,0.255,1
2024-10-17,S028,snacks,C4885,discount,0.163,0
2024-11-06,S028,snacks,C8049,free_delivery,0.216,0
2024-11-13,S028,snacks,C3482,discount,0.067,0
2024-11-23,S028,snacks,C3463,free_delivery,0.124,1
2024-12-09,S028,snacks,C5399,free_delivery,0.28,0
2024-12-15,S028,snacks,C1743,discount,0.165,0
2024-12-22,S028,snacks,C6914,discount,0.197,1
2024-12-23,S028,snacks,C3125,coupon,0.198,0
2024-12-25,S028,snacks,C3024,free_delivery,0.174,1
2024-12-26,S028,snacks,C4566,coupon,0.131,0
2024-12-28,S028,snacks,C8363,free_delivery,0.058,0
2025-01-12,S028,snacks,C8996,bundle,0.168,1
2025-01-14,S028,snacks,C8516,coupon,0.107,0
2024-01-18,S028,fresh,C6321,free_delivery,0.181,0
2024-01-27,S028,fresh,C9609,free_delivery,0.199,0
2024-02-02,S028,fresh,C9350,discount,0.172,0
2024-02-16,S028,fresh,C2787,coupon,0.18,1
2024-03-16,S028,fresh,C1471,coupon,0.05,0
2024-04-05,S028,fresh,C4362,free_delivery,0.171,0
2024-04-17,S028,fresh,C4764,free_delivery,0.172,1
2024-04-27,S028,fresh,C6993,discount,0.201,1
2024-05-05,S028,fresh,C4746,discount,0.147,0
2024-05-14,S028,fresh,C2086,discount,0.178,0
2024-05-25,S028,fresh,C8742,discount,0.234,0
2024-06-04,S028,fresh,C7623,discount,0.093,0
2024-06-09,S028,fresh,C2309,discount,0.05,0
2024-06-28,S028,fresh,C7580,discount,0.213,0
2024-07-30,S028,fresh,C7509,discount,0.221,1
2024-08-02,S028,fresh,C4409,discount,0.199,0
2024-08-06,S028,fresh,C4341,discount,0.225,1
2024-08-10,S028,fresh,C1220,discount,0.18,1
2024-08-11,S028,fresh,C7038,discount,0.19,0
2024-08-17,S028,fresh,C2656,bundle,0.135,0
2024-08-18,S028,fresh,C6039,discount,0.267,1
2024-08-25,S028,fresh,C3862,discount,0.216,1
2024-09-08,S028,fresh,C8627,bundle,0.109,0
2024-09-15,S028,fresh,C3929,discount,0.221,1
2024-10-08,S028,fresh,C5031,free_delivery,0.087,0
2024-10-14,S028,fresh,C1507,coupon,0.178,0
2024-10-19,S028,fresh,C5538,coupon,0.178,0
2024-11-16,S028,fresh,C1132,coupon,0.193,0
2024-11-23,S028,fresh,C4386,bundle,0.271,0
2024-12-01,S028,fresh,C1059,discount,0.072,0
2024-12-31,S028,fresh,C9581,discount,0.143,0
2024-01-12,S028,household,C6068,discount,0.227,0
2024-01-16,S028,household,C1657,discount,0.149,1
2024-02-27,S028,household,C4847,discount,0.166,1
2024-03-16,S028,household,C6698,coupon,0.166,0
2024-04-01,S028,household,C8406,coupon,0.119,0
2024-04-07,S028,household,C5691,coupon,0.152,0
2024-04-13,S028,household,C6248,discount,0.203,0
2024-04-22,S028,household,C7822,discount,0.055,1
2024-04-28,S028,household,C3381,coupon,0.129,0
2024-06-06,S028,household,C8785,coupon,0.278,1
2024-06-08,S028,household,C3023,discount,0.192,1
2024-07-06,S028,household,C8681,free_delivery,0.169,0
2024-08-18,S028,household,C7058,free_delivery,0.187,0
2024-09-26,S028,household,C2683,free_delivery,0.162,0
2024-09-28,S028,household,C8294,bundle,0.071,0
2024-10-09,S028,household,C9482,discount,0.186,0
2024-10-26,S028,household,C9202,discount,0.216,0
2024-10-27,S028,household,C1936,coupon,0.129,0
2024-10-28,S028,household,C8299,discount,0.129,0
2024-11-19,S028,household,C4714,discount,0.226,0
2024-12-11,S028,household,C7896,bundle,0.109,0
2024-12-15,S028,household,C8498,coupon,0.312,1
2024-12-23,S028,household,C4534,discount,0.171,0
2025-01-14,S028,household,C2586,discount,0.176,1
2025-01-25,S028,household,C4904,discount,0.217,0
2024-01-02,S028,ready_to_eat,C2881,free_delivery,0.156,0
2024-01-14,S028,ready_to_eat,C3536,discount,0.137,1
2024-01-16,S028,ready_to_eat,C4618,coupon,0.243,0
2024-01-21,S028,ready_to_eat,C5331,discount,0.262,0
2024-01-23,S028,ready_to_eat,C4786,bundle,0.314,0
2024-01-27,S028,ready_to_eat,C1516,free_delivery,0.246,0
2024-02-09,S028,ready_to_eat,C7165,bundle,0.279,0
2024-02-14,S028,ready_to_eat,C9388,bundle,0.245,0
2024-02-26,S028,ready_to_eat,C3595,discount,0.16,0
2024-03-16,S028,ready_to_eat,C1015,discount,0.167,1
2024-03-19,S028,ready_to_eat,C9712,discount,0.135,0
2024-03-27,S028,ready_to_eat,C5832,coupon,0.174,0
2024-04-03,S028,ready_to_eat,C2404,discount,0.05,1
2024-04-08,S028,ready_to_eat,C7318,discount,0.155,0
2024-05-01,S028,ready_to_eat,C2225,coupon,0.224,1
2024-05-02,S028,ready_to_eat,C8027,bundle,0.099,0
2024-05-19,S028,ready_to_eat,C8677,discount,0.267,1
2024-05-31,S028,ready_to_eat,C6416,discount,0.161,1
2024-06-12,S028,ready_to_eat,C2793,coupon,0.222,1
2024-06-15,S028,ready_to_eat,C7566,discount,0.229,0
2024-06-24,S028,ready_to_eat,C5434,free_delivery,0.325,0
2024-06-25,S028,ready_to_eat,C9285,coupon,0.161,0
2024-06-29,S028,ready_to_eat,C9473,discount,0.19,0
2024-07-12,S028,ready_to_eat,C7708,bundle,0.231,0
2024-08-01,S028,ready_to_eat,C5665,free_delivery,0.223,1
2024-09-01,S028,ready_to_eat,C9626,coupon,0.05,1
2024-09-03,S028,ready_to_eat,C2163,coupon,0.186,0
2024-09-05,S028,ready_to_eat,C2475,discount,0.175,1
2024-09-06,S028,ready_to_eat,C3057,discount,0.227,1
2024-09-07,S028,ready_to_eat,C7622,free_delivery,0.058,1
2024-09-14,S028,ready_to_eat,C3729,coupon,0.244,1
2024-09-24,S028,ready_to_eat,C3178,discount,0.195,0
2024-09-25,S028,ready_to_eat,C9069,bundle,0.164,1
2024-10-07,S028,ready_to_eat,C5206,coupon,0.208,1
2024-11-24,S028,ready_to_eat,C5660,bundle,0.181,1
2024-12-14,S028,ready_to_eat,C8758,discount,0.281,0
2024-12-17,S028,ready_to_eat,C1007,free_delivery,0.192,1
2025-01-01,S028,ready_to_eat,C4043,bundle,0.111,1
2025-01-07,S028,ready_to_eat,C9588,free_delivery,0.098,0
2025-01-14,S028,ready_to_eat,C5759,discount,0.19,0
2025-01-19,S028,ready_to_eat,C1303,free_delivery,0.1,1
2025-01-25,S028,ready_to_eat,C1868,bundle,0.19,1
2025-01-26,S028,ready_to_eat,C3306,discount,0.157,1
2024-01-10,S028,personal_care,C8801,free_delivery,0.23,1
2024-01-16,S028,personal_care,C4209,coupon,0.15,0
2024-01-20,S028,personal_care,C9860,coupon,0.09,0
2024-01-27,S028,personal_care,C6317,coupon,0.351,1
2024-02-11,S028,personal_care,C2700,discount,0.157,0
2024-02-21,S028,personal_care,C2771,bundle,0.124,1
2024-03-17,S028,personal_care,C7518,discount,0.185,1
2024-03-19,S028,personal_care,C1002,coupon,0.153,1
2024-03-23,S028,personal_care,C6166,discount,0.147,1
2024-04-05,S028,personal_care,C5774,free_delivery,0.065,0
2024-04-20,S028,personal_care,C8553,discount,0.22,1
2024-04-21,S028,personal_care,C8241,coupon,0.295,0
2024-04-29,S028,personal_care,C7680,bundle,0.258,0
2024-05-02,S028,personal_care,C6068,free_delivery,0.249,0
2024-05-03,S028,personal_care,C5106,coupon,0.123,0
2024-05-05,S028,personal_care,C8686,bundle,0.145,1
2024-05-13,S028,personal_care,C9537,discount,0.118,1
2024-05-15,S028,personal_care,C3165,bundle,0.198,0
2024-06-12,S028,personal_care,C1427,coupon,0.194,1
2024-07-04,S028,personal_care,C1992,coupon,0.113,0
2024-07-05,S028,personal_care,C8118,discount,0.127,0
2024-07-07,S028,personal_care,C4426,discount,0.257,0
2024-07-28,S028,personal_care,C4567,bundle,0.138,1
2024-08-16,S028,personal_care,C1088,bundle,0.142,0
2024-09-19,S028,personal_care,C2942,discount,0.179,1
2024-09-25,S028,personal_care,C3069,discount,0.199,1
2024-10-07,S028,personal_care,C1529,discount,0.205,1
2024-10-19,S028,personal_care,C6436,discount,0.308,0
2024-11-24,S028,personal_care,C8667,coupon,0.188,0
2024-11-25,S028,personal_care,C1259,discount,0.05,0
2024-12-01,S028,personal_care,C4697,discount,0.228,1
2024-12-05,S028,personal_care,C7296,discount,0.05,1
2024-12-23,S028,personal_care,C9209,discount,0.075,1
2024-12-28,S028,personal_care,C2181,free_delivery,0.122,0
2025-01-17,S028,personal_care,C5509,bundle,0.247,0
2025-01-25,S028,personal_care,C1192,discount,0.095,1
2024-01-05,S029,beverages,C5995,free_delivery,0.088,1
2024-01-06,S029,beverages,C7898,discount,0.194,0
2024-01-17,S029,beverages,C2156,bundle,0.293,0
2024-01-25,S029,beverages,C8348,discount,1.2,0
2024-01-26,S029,beverages,C1032,free_delivery,0.174,0
2024-01-31,S029,beverages,C5489,coupon,0.122,0
2024-02-02,S029,beverages,C2433,bundle,0.097,0
2024-02-05,S029,beverages,C7921,discount,0.202,0
2024-02-06,S029,beverages,C7422,free_delivery,0.175,1
2024-02-07,S029,beverages,C2548,discount,0.127,0
2024-02-20,S029,beverages,C3557,free_delivery,0.178,0
2024-02-29,S029,beverages,C9557,free_delivery,0.245,0
2024-03-10,S029,beverages,C1318,coupon,0.147,0
2024-03-12,S029,beverages,C3093,coupon,0.256,0
2024-03-18,S029,beverages,C1524,discount,0.131,1
2024-03-30,S029,beverages,C9818,bundle,0.071,0
2024-04-10,S029,beverages,C5096,free_delivery,0.187,0
2024-05-01,S029,beverages,C3894,discount,0.206,1
2024-05-03,S029,beverages,C9190,coupon,0.199,1
2024-05-07,S029,beverages,C8959,discount,0.268,1
2024-05-18,S029,beverages,C8094,discount,0.275,0
2024-05-30,S029,beverages,C3255,discount,0.187,1
2024-06-01,S029,beverages,C6870,bundle,0.198,1
2024-07-11,S029,beverages,C9031,discount,0.235,0
2024-08-04,S029,beverages,C6812,free_delivery,0.083,1
2024-08-08,S029,beverages,C9023,bundle,0.076,1
2024-08-12,S029,beverages,C1194,discount,0.07,0
2024-08-20,S029,beverages,C6748,bundle,0.257,0
2024-09-01,S029,beverages,C4649,coupon,0.229,0
2024-09-16,S029,beverages,C1044,bundle,0.162,0
2024-09-24,S029,beverages,C4369,coupon,0.073,1
2024-09-30,S029,beverages,C7167,coupon,0.245,0
2024-10-03,S029,beverages,C8855,discount,0.272,0
2024-10-14,S029,beverages,C4775,discount,0.282,0
2024-10-29,S029,beverages,C3449,coupon,0.179,0
2024-11-09,S029,beverages,C2546,bundle,0.266,1
2024-11-13,S029,beverages,C3738,free_delivery,0.152,1
2024-12-07,S029,beverages,C9983,free_delivery,0.412,1
2024-12-11,S029,beverages,C7221,discount,0.185,1
2024-12-23,S029,beverages,C1014,discount,0.171,1
2024-12-25,S029,beverages,C8130,discount,0.209,0
2025-01-23,S029,beverages,C3407,free_delivery,0.117,1
2024-01-06,S029,snacks,C2909,discount,0.261,1
2024-01-20,S029,snacks,C4025,free_delivery,0.306,0
2024-01-28,S029,snacks,C5187,discount,0.111,0
2024-02-07,S029,snacks,C5252,coupon,0.066,1
2024-02-08,S029,snacks,C5038,coupon,0.126,1
2024-02-14,S029,snacks,C3566,discount,0.114,1
2024-02-15,S029,snacks,C7598,coupon,0.33,0
2024-02-18,S029,snacks,C7971,coupon,0.325,0
2024-02-20,S029,snacks,C9870,discount,0.102,0
2024-02-24,S029,snacks,C3455,discount,0.05,1
2024-03-06,S029,snacks,C4904,coupon,0.084,0
2024-03-25,S029,snacks,C3504,coupon,0.185,0
2024-04-02,S029,snacks,C3424,coupon,0.28,0
2024-04-08,S029,snacks,C1720,bundle,0.148,1
2024-04-10,S029,snacks,C4254,bundle,0.302,1
2024-04-14,S029,snacks,C6332,free_delivery,0.25,1
2024-04-22,S029,snacks,C8956,discount,0.237,0
2024-05-08,S029,snacks,C8898,discount,0.176,1
2024-05-16,S029,snacks,C3561,discount,0.178,0
2024-05-17,S029,snacks,C2433,discount,0.271,0
2024-05-21,S029,snacks,C5986,coupon,0.215,0
2024-05-24,S029,snacks,C8126,free_delivery,0.209,0
2024-06-18,S029,snacks,C1100,bundle,0.261,0
2024-06-28,S029,snacks,C5317,bundle,0.212,1
2024-06-29,S029,snacks,C8333,discount,0.106,0
2024-07-14,S029,snacks,C2817,free_delivery,0.204,0
2024-07-20,S029,snacks,C9403,discount,0.277,0
2024-07-21,S029,snacks,C7811,discount,0.141,1
2024-07-22,S029,snacks,C2263,free_delivery,0.247,0
2024-07-27,S029,snacks,C9733,free_delivery,0.276,0
2024-07-31,S029,snacks,C3468,coupon,0.188,1
2024-08-04,S029,snacks,C3936,bundle,0.241,0
2024-08-12,S029,snacks,C5832,coupon,0.235,0
2024-08-31,S029,snacks,C1349,bundle,0.181,1
2024-09-02,S029,snacks,C4012,discount,0.244,0
2024-09-07,S029,snacks,C7323,coupon,0.225,0
2024-09-23,S029,snacks,C1365,discount,0.145,1
2024-09-25,S029,snacks,C9403,discount,0.211,1
2024-10-03,S029,snacks,C1863,discount,0.179,0
2024-10-06,S029,snacks,C1118,bundle,0.204,0
2024-10-07,S029,snacks,C4361,discount,0.169,0
2024-12-15,S029,snacks,C4360,coupon,0.211,0
2024-12-22,S029,snacks,C2105,coupon,0.234,0
2024-12-28,S029,snacks,C8651,discount,0.094,1
2025-01-01,S029,snacks,C6290,discount,0.171,0
2025-01-16,S029,snacks,C5420,free_delivery,0.093,0
2025-01-20,S029,snacks,C6663,coupon,0.203,0
2025-01-22,S029,snacks,C6868,coupon,0.079,0
2024-01-16,S029,fresh,C2406,discount,0.131,1
2024-01-28,S029,fresh,C5780,bundle,0.214,0
2024-03-22,S029,fresh,C3509,coupon,0.18,0
2024-03-31,S029,fresh,C7980,discount,0.125,0
2024-04-04,S029,fresh,C9713,discount,0.296,1
2024-04-16,S029,fresh,C4840,bundle,0.21,0
2024-04-27,S029,fresh,C4689,bundle,0.163,1
2024-05-09,S029,fresh,C7946,free_delivery,0.187,1
2024-06-05,S029,fresh,C5687,free_delivery,0.158,1
2024-06-09,S029,fresh,C2757,bundle,0.133,1
2024-07-25,S029,fresh,C3906,discount,0.169,0
2024-08-16,S029,fresh,C2270,bundle,0.158,0
2024-08-17,S029,fresh,C9314,free_delivery,0.136,1
2024-09-04,S029,fresh,C6739,discount,0.05,0
2024-09-14,S029,fresh,C1565,discount,0.332,0
2024-09-28,S029,fresh,C7792,coupon,0.201,0
2024-10-04,S029,fresh,C8036,coupon,0.198,1
2024-10-26,S029,fresh,C5782,coupon,0.231,0
2024-11-11,S029,fresh,C9397,discount,0.206,0
2024-11-15,S029,fresh,C2723,free_delivery,0.298,0
2024-11-16,S029,fresh,C3159,discount,0.065,0
2024-11-22,S029,fresh,C2629,free_delivery,0.102,1
2024-11-30,S029,fresh,C5126,coupon,0.086,1
2024-12-06,S029,fresh,C1128,bundle,0.177,0
2024-12-22,S029,fresh,C2511,bundle,0.238,1
2025-01-03,S029,fresh,C1149,discount,0.206,0
2025-01-26,S029,fresh,C6700,discount,0.262,0
2024-01-01,S029,household,C8162,bundle,0.157,0
2024-01-06,S029,household,C7793,coupon,0.113,1
2024-01-16,S029,household,C8565,discount,0.219,0
2024-02-12,S029,household,C6593,discount,0.177,1
2024-02-25,S029,household,C8028,free_delivery,0.344,0
2024-03-03,S029,household,C2351,discount,0.202,0
2024-03-05,S029,household,C9027,bundle,0.24,0
2024-03-14,S029,household,C8379,discount,0.235,0
2024-04-29,S029,household,C3953,free_delivery,0.233,1
2024-05-25,S029,household,C3421,discount,0.155,0
2024-06-09,S029,household,C5882,bundle,0.074,0
2024-06-10,S029,household,C7582,free_delivery,0.144,0
2024-06-15,S029,household,C5247,bundle,0.16,0
2024-06-24,S029,household,C2633,free_delivery,0.247,0
2024-07-02,S029,household,C4803,coupon,0.085,0
2024-07-11,S029,household,C2518,discount,0.167,1
2024-07-30,S029,household,C1855,bundle,0.187,1
2024-08-26,S029,household,C5357,discount,0.145,1
2024-09-10,S029,household,C5371,coupon,0.224,0
2024-09-28,S029,household,C6129,discount,0.109,1
2024-09-30,S029,household,C7397,coupon,0.218,0
2024-11-24,S029,household,C3265,discount,0.272,1
2024-12-10,S029,household,C8376,discount,0.17,1
2024-12-15,S029,household,C2696,free_delivery,0.193,0
2024-12-30,S029,household,C6750,discount,0.186,1
2025-01-03,S029,household,C6958,free_delivery,0.108,0
2025-01-25,S029,household,C9327,coupon,0.194,1
2024-01-07,S029,ready_to_eat,C4511,discount,0.228,0
2024-01-09,S029,ready_to_eat,C1230,bundle,0.229,0
2024-02-04,S029,ready_to_eat,C8618,coupon,0.242,0
2024-02-12,S029,ready_to_eat,C7113,discount,0.207,1
2024-02-18,S029,ready_to_eat,C2882,bundle,0.193,1
2024-02-19,S029,ready_to_eat,C6314,discount,0.13,1
2024-02-20,S029,ready_to_eat,C7972,free_delivery,0.233,1
2024-03-02,S029,ready_to_eat,C3853,discount,0.068,1
2024-03-03,S029,ready_to_eat,C2339,discount,0.285,1
2024-03-04,S029,ready_to_eat,C3714,bundle,0.05,0
2024-03-24,S029,ready_to_eat,C7126,coupon,0.234,1
2024-03-31,S029,ready_to_eat,C7870,discount,0.144,0
2024-04-20,S029,ready_to_eat,C1500,coupon,0.252,0
2024-05-02,S029,ready_to_eat,C5646,discount,0.17,1
2024-05-19,S029,ready_to_eat,C5322,coupon,0.072,1
2024-05-22,S029,ready_to_eat,C2337,discount,0.272,1
2024-07-04,S029,ready_to_eat,C3767,coupon,0.151,0
2024-07-13,S029,ready_to_eat,C7594,free_delivery,0.203,0
2024-07-15,S029,ready_to_eat,C5499,bundle,0.189,1
2024-07-24,S029,ready_to_eat,C3042,free_delivery,0.247,0
2024-07-25,S029,ready_to_eat,C8037,coupon,0.237,1
2024-08-06,S029,ready_to_eat,C7675,discount,0.159,1
2024-08-20,S029,ready_to_eat,C9937,bundle,0.244,0
2024-08-31,S029,ready_to_eat,C5020,discount,0.258,0
2024-09-12,S029,ready_to_eat,C2928,bundle,0.224,1
2024-09-21,S029,ready_to_eat,C9754,discount,0.184,0
2024-09-30,S029,ready_to_eat,C8675,discount,0.26,0
2024-10-15,S029,ready_to_eat,C2168,coupon,0.186,1
2024-11-05,S029,ready_to_eat,C9232,discount,0.147,0
2024-11-06,S029,ready_to_eat,C8049,discount,0.174,1
2024-11-17,S029,ready_to_eat,C2012,coupon,0.159,1
2024-11-25,S029,ready_to_eat,C6701,free_delivery,0.131,0
2024-12-04,S029,ready_to_eat,C7478,coupon,0.185,0
2024-12-05,S029,ready_to_eat,C1067,discount,0.203,1
2024-12-28,S029,ready_to_eat,C6137,discount,0.282,1
2024-12-30,S029,ready_to_eat,C9934,discount,0.158,0
2025-01-01,S029,ready_to_eat,C2961,discount,0.178,0
2024-01-07,S029,personal_care,C7878,discount,0.135,1
2024-01-09,S029,personal_care,C8768,discount,0.223,1
2024-02-01,S029,personal_care,C6094,discount,0.153,0
2024-02-22,S029,personal_care,C3925,coupon,0.11,0
2024-02-28,S029,personal_care,C9907,discount,0.152,0
2024-03-02,S029,personal_care,C9043,bundle,0.251,1
2024-03-05,S029,personal_care,C9295,discount,0.05,1
2024-03-30,S029,personal_care,C6911,bundle,0.181,1
2024-05-22,S029,personal_care,C5361,bundle,0.211,1
2024-06-01,S029,personal_care,C1295,free_delivery,0.24,1
2024-06-07,S029,personal_care,C2274,coupon,0.101,0
2024-06-08,S029,personal_care,C2360,discount,0.253,0
2024-07-03,S029,personal_care,C1472,discount,0.173,0
2024-07-04,S029,personal_care,C8794,discount,0.22,0
2024-08-03,S029,personal_care,C2224,bundle,0.114,0
2024-08-25,S029,personal_care,C3725,discount,0.1,0
2024-08-29,S029,personal_care,C5520,coupon,0.05,0
2024-09-15,S029,personal_care,C5463,discount,0.291,0
2024-09-29,S029,personal_care,C9047,coupon,0.14,0
2024-10-01,S029,personal_care,C6070,coupon,0.199,1
2024-10-06,S029,personal_care,C2715,discount,0.171,0
2024-10-15,S029,personal_care,C5228,discount,0.147,1
2024-11-04,S029,personal_care,C8223,bundle,0.065,1
2024-11-23,S029,personal_care,C2616,coupon,0.239,1
2024-11-29,S029,personal_care,C9083,discount,0.181,1
2024-12-17,S029,personal_care,C3628,coupon,0.28,0
2025-01-14,S029,personal_care,C2702,discount,0.223,0
2025-01-16,S029,personal_care,C7436,coupon,0.142,1
2025-01-20,S029,personal_care,C8615,discount,0.136,1
2024-01-11,S030,beverages,C5230,discount,0.281,0
2024-01-23,S030,beverages,C2831,bundle,0.193,1
2024-01-24,S030,beverages,C6731,bundle,0.079,1
2024-01-27,S030,beverages,C9251,coupon,0.134,0
2024-02-10,S030,beverages,C8321,free_delivery,0.359,0
2024-02-13,S030,beverages,C5658,discount,0.05,1
2024-02-21,S030,beverages,C2120,free_delivery,0.122,1
2024-02-29,S030,beverages,C8584,bundle,0.125,1
2024-03-09,S030,beverages,C1340,free_delivery,0.179,1
2024-03-14,S030,beverages,C6590,coupon,0.262,1
2024-03-22,S030,beverages,C8614,coupon,0.282,0
2024-03-23,S030,beverages,C4543,coupon,0.12,1
2024-03-31,S030,beverages,C2973,bundle,0.092,1
2024-04-04,S030,beverages,C3853,discount,0.154,0
2024-04-10,S030,beverages,C4810,discount,0.123,0
2024-04-27,S030,beverages,C4403,coupon,0.05,0
2024-05-04,S030,beverages,C3423,free_delivery,0.172,0
2024-05-11,S030,beverages,C4745,coupon,0.2,1
2024-05-20,S030,beverages,C2436,free_delivery,0.078,1
2024-05-21,S030,beverages,C5090,free_delivery,0.182,0
2024-05-25,S030,beverages,C4886,free_delivery,0.19,1
2024-05-29,S030,beverages,C1462,discount,0.064,0
2024-06-01,S030,beverages,C3590,bundle,0.204,1
2024-06-02,S030,beverages,C5410,coupon,0.215,0
2024-06-18,S030,beverages,C5962,discount,0.143,1
2024-06-29,S030,beverages,C4635,coupon,0.084,0
2024-07-12,S030,beverages,C7619,discount,0.05,0
2024-07-18,S030,beverages,C2167,discount,0.271,1
2024-07-28,S030,beverages,C9236,bundle,0.283,0
2024-07-30,S030,beverages,C5900,coupon,0.207,1
2024-07-31,S030,beverages,C6044,discount,0.205,0
2024-08-11,S030,beverages,C4334,discount,0.121,0
2024-08-17,S030,beverages,C6254,coupon,0.196,1
2024-08-22,S030,beverages,C9029,coupon,0.142,0
2024-08-28,S030,beverages,C4548,free_delivery,0.147,1
2024-09-08,S030,beverages,C5835,discount,0.173,1
2024-09-18,S030,beverages,C7700,coupon,0.145,0
2024-09-23,S030,beverages,C6968,discount,0.184,1
2024-10-01,S030,beverages,C2190,discount,0.316,0
2024-10-04,S030,beverages,C2652,free_delivery,0.202,0
2024-10-06,S030,beverages,C7238,coupon,0.178,0
2024-10-11,S030,beverages,C1582,bundle,0.129,1
2024-10-19,S030,beverages,C8953,free_delivery,0.128,1
2024-10-20,S030,beverages,C7425,coupon,0.206,0
2024-10-25,S030,beverages,C2774,discount,0.107,1
2024-11-03,S030,beverages,C9252,discount,0.161,0
2024-11-12,S030,beverages,C2804,coupon,0.215,1
2024-11-17,S030,beverages,C9888,discount,0.083,1
2024-11-18,S030,beverages,C9721,bundle,0.237,0
2024-11-24,S030,beverages,C2087,discount,0.194,1
2024-11-28,S030,beverages,C3181,free_delivery,0.348,1
2024-11-29,S030,beverages,C2411,coupon,0.184,1
2024-11-30,S030,beverages,C6783,free_delivery,0.144,0
2024-12-08,S030,beverages,C6268,coupon,0.231,0
2024-12-10,S030,beverages,C2494,coupon,0.106,0
2024-12-12,S030,beverages,C1036,discount,0.176,1
2024-12-15,S030,beverages,C9193,bundle,0.161,0
2024-12-18,S030,beverages,C9271,discount,0.199,0
2024-12-19,S030,beverages,C6776,discount,0.188,0
2024-12-30,S030,beverages,C4873,free_delivery,0.347,1
2025-01-01,S030,beverages,C2871,discount,0.111,0
2025-01-02,S030,beverages,C6244,discount,0.129,1
2025-01-10,S030,beverages,C7068,discount,0.329,0
2025-01-22,S030,beverages,C8383,discount,0.08,0
2024-01-02,S030,snacks,C5907,coupon,0.147,0
2024-01-06,S030,snacks,C6292,coupon,0.119,0
2024-01-08,S030,snacks,C8057,discount,0.136,1
2024-01-12,S030,snacks,C1290,discount,0.118,0
2024-01-13,S030,snacks,C8625,bundle,0.17,0
2024-01-21,S030,snacks,C5723,discount,0.114,1
2024-01-22,S030,snacks,C8322,discount,0.246,0
2024-01-26,S030,snacks,C2693,coupon,0.068,0
2024-01-31,S030,snacks,C6576,discount,0.169,0
2024-02-01,S030,snacks,C1596,coupon,0.116,0
2024-02-09,S030,snacks,C1062,discount,0.097,0
2024-02-16,S030,snacks,C8533,coupon,0.163,1
2024-02-20,S030,snacks,C7435,discount,0.137,1
2024-03-01,S030,snacks,C8011,coupon,0.349,0
2024-03-06,S030,snacks,C5673,coupon,0.224,0
2024-03-08,S030,snacks,C9451,discount,0.196,0
2024-03-14,S030,snacks,C7879,bundle,0.263,0
2024-03-15,S030,snacks,C5002,discount,0.145,0
2024-03-31,S030,snacks,C2693,discount,0.186,0
2024-04-03,S030,snacks,C1288,discount,0.081,1
2024-04-07,S030,snacks,C4963,discount,0.204,1
2024-05-05,S030,snacks,C8628,bundle,0.169,1
2024-05-18,S030,snacks,C7703,discount,0.276,1
2024-05-20,S030,snacks,C3490,coupon,0.079,0
2024-05-27,S030,snacks,C7111,bundle,0.136,0
2024-06-06,S030,snacks,C3782,discount,0.113,1
2024-06-27,S030,snacks,C5661,coupon,0.17,0
2024-07-01,S030,snacks,C4890,bundle,0.193,1
2024-07-03,S030,snacks,C1836,coupon,0.242,1
2024-07-14,S030,snacks,C5702,discount,0.187,0
2024-07-22,S030,snacks,C4835,coupon,0.235,1
2024-07-25,S030,snacks,C8951,free_delivery,0.192,1
2024-07-26,S030,snacks,C5045,discount,0.259,1
2024-08-06,S030,snacks,C1715,free_delivery,0.248,1
2024-08-18,S030,snacks,C9274,discount,0.261,0
2024-08-23,S030,snacks,C8655,discount,0.171,0
2024-09-03,S030,snacks,C6812,coupon,0.334,1
2024-09-14,S030,snacks,C7291,discount,0.178,0
2024-09-19,S030,snacks,C6486,discount,0.139,1
2024-09-24,S030,snacks,C1222,coupon,0.213,0
2024-09-26,S030,snacks,C3312,coupon,0.134,0
2024-09-27,S030,snacks,C7799,coupon,0.257,0
2024-10-03,S030,snacks,C7039,free_delivery,0.216,1
2024-10-12,S030,snacks,C4820,discount,0.134,1
2024-10-17,S030,snacks,C8332,free_delivery,0.222,0
2024-10-26,S030,snacks,C7296,discount,0.237,0
2024-11-05,S030,snacks,C8820,bundle,0.192,1
2024-11-09,S030,snacks,C6907,coupon,0.26,1
2024-11-12,S030,snacks,C2372,discount,0.115,0
2024-11-21,S030,snacks,C9075,coupon,0.214,1
2024-11-24,S030,snacks,C1034,discount,0.254,1
2024-12-01,S030,snacks,C2568,discount,0.242,0
2024-12-04,S030,snacks,C1648,free_delivery,0.089,1
2024-12-15,S030,snacks,C2507,coupon,0.166,0
2025-01-02,S030,snacks,C4638,coupon,0.155,1
2025-01-03,S030,snacks,C4885,bundle,0.076,0
2025-01-10,S030,snacks,C8776,discount,0.21,0
2025-01-22,S030,snacks,C6215,coupon,0.175,0
2024-02-09,S030,fresh,C9002,free_delivery,0.107,1
2024-02-11,S030,fresh,C2351,bundle,0.207,1
2024-02-14,S030,fresh,C6221,discount,0.189,0
2024-02-18,S030,fresh,C9067,discount,0.127,0
2024-02-21,S030,fresh,C1640,discount,0.166,0
2024-03-02,S030,fresh,C2882,discount,0.344,1
2024-04-07,S030,fresh,C9602,coupon,0.082,0
2024-04-14,S030,fresh,C4913,coupon,0.168,0
2024-04-20,S030,fresh,C6827,free_delivery,0.19,0
2024-05-24,S030,fresh,C9855,discount,0.213,0
2024-05-28,S030,fresh,C6192,discount,0.082,1
2024-06-06,S030,fresh,C3925,bundle,0.05,1
2024-06-07,S030,fresh,C2963,bundle,0.223,0
2024-06-10,S030,fresh,C3099,bundle,0.192,0
2024-06-28,S030,fresh,C8782,coupon,0.234,0
2024-07-01,S030,fresh,C1674,discount,0.258,1
2024-07-07,S030,fresh,C5718,discount,0.195,0
2024-07-12,S030,fresh,C2652,discount,0.168,0
2024-07-13,S030,fresh,C6528,discount,0.275,0
2024-07-15,S030,fresh,C9892,bundle,0.227,1
2024-07-16,S030,fresh,C5086,discount,0.151,0
2024-08-04,S030,fresh,C2258,discount,0.202,1
2024-08-12,S030,fresh,C4070,bundle,0.293,0
2024-08-18,S030,fresh,C6349,discount,0.242,0
2024-09-28,S030,fresh,C8421,discount,0.187,0
2024-10-16,S030,fresh,C6312,coupon,0.103,0
2024-11-01,S030,fresh,C9214,bundle,0.21,1
2024-11-11,S030,fresh,C4388,bundle,0.16,1
2024-11-14,S030,fresh,C4556,coupon,0.136,0
2024-11-15,S030,fresh,C3739,discount,0.148,0
2024-11-17,S030,fresh,C1645,coupon,0.324,0
2024-11-23,S030,fresh,C2475,free_delivery,0.192,1
2024-12-01,S030,fresh,C2857,discount,0.138,1
2024-12-21,S030,fresh,C9077,bundle,0.309,1
2024-12-22,S030,fresh,C7531,bundle,0.187,0
2025-01-01,S030,fresh,C3657,coupon,0.191,1
2025-01-06,S030,fresh,C2695,discount,0.277,1
2025-01-11,S030,fresh,C4682,free_delivery,0.307,1
2025-01-19,S030,fresh,C7871,free_delivery,1.2,0
2024-01-08,S030,household,C2332,discount,0.147,1
2024-01-10,S030,household,C8787,discount,0.221,0
2024-01-12,S030,household,C5744,discount,0.05,0
2024-01-23,S030,household,C7965,bundle,0.243,1
2024-02-11,S030,household,C7195,discount,0.079,0
2024-02-18,S030,household,C8689,discount,0.173,1
2024-02-25,S030,household,C9310,coupon,0.099,0
2024-03-02,S030,household,C2866,coupon,0.069,1
2024-03-08,S030,household,C4158,coupon,0.06,1
2024-03-09,S030,household,C3592,coupon,0.185,0
2024-04-07,S030,household,C5462,coupon,0.177,0
2024-04-23,S030,household,C6264,bundle,0.11,0
2024-04-24,S030,household,C8247,discount,0.111,1
2024-04-25,S030,household,C6006,discount,0.168,1
2024-04-28,S030,household,C5062,free_delivery,0.147,1
2024-05-03,S030,household,C8453,coupon,0.148,0
2024-05-06,S030,household,C5840,discount,0.317,1
2024-05-23,S030,household,C4625,coupon,0.146,1
2024-06-10,S030,household,C5400,discount,0.132,1
2024-06-16,S030,household,C3908,coupon,0.216,1
2024-06-23,S030,household,C7527,free_delivery,0.131,1
2024-08-01,S030,household,C8978,discount,0.263,1
2024-08-27,S030,household,C6050,coupon,0.147,1
2024-11-22,S030,household,C2492,discount,0.098,1
2024-11-27,S030,household,C8089,bundle,-0.1,1
2024-12-06,S030,household,C4182,free_delivery,0.104,0
2024-12-07,S030,household,C8174,coupon,0.128,0
2024-12-09,S030,household,C3719,discount,0.141,0
2025-01-26,S030,household,C6195,discount,0.161,0
2024-01-02,S030,ready_to_eat,C9359,coupon,0.138,1
2024-01-14,S030,ready_to_eat,C4231,bundle,0.225,1
2024-01-17,S030,ready_to_eat,C3588,discount,0.209,1
2024-01-19,S030,ready_to_eat,C9540,discount,0.1,1
2024-01-21,S030,ready_to_eat,C3315,free_delivery,0.221,1
2024-01-28,S030,ready_to_eat,C5531,discount,0.308,0
2024-02-16,S030,ready_to_eat,C9266,discount,0.115,0
2024-03-07,S030,ready_to_eat,C4346,discount,0.126,0
2024-03-13,S030,ready_to_eat,C1911,discount,0.104,0
2024-03-15,S030,ready_to_eat,C8477,free_delivery,0.135,1
2024-03-27,S030,ready_to_eat,C9398,coupon,0.235,1
2024-03-28,S030,ready_to_eat,C5713,discount,0.12,0
2024-04-02,S030,ready_to_eat,C9169,discount,0.241,0
2024-04-09,S030,ready_to_eat,C5999,discount,0.165,1
2024-04-16,S030,ready_to_eat,C7838,discount,0.1,0
2024-04-18,S030,ready_to_eat,C4403,bundle,0.073,0
2024-04-28,S030,ready_to_eat,C7376,free_delivery,0.128,0
2024-05-01,S030,ready_to_eat,C5180,coupon,0.234,1
2024-05-15,S030,ready_to_eat,C2736,discount,0.253,0
2024-05-16,S030,ready_to_eat,C2184,coupon,0.091,0
2024-05-19,S030,ready_to_eat,C8961,discount,0.146,1
2024-06-10,S030,ready_to_eat,C1380,free_delivery,0.243,0
2024-07-03,S030,ready_to_eat,C7871,coupon,0.181,1
2024-07-04,S030,ready_to_eat,C5647,free_delivery,0.304,0
2024-07-14,S030,ready_to_eat,C4476,coupon,0.274,0
2024-07-19,S030,ready_to_eat,C9114,discount,0.191,1
2024-07-21,S030,ready_to_eat,C1473,bundle,0.131,0
2024-07-31,S030,ready_to_eat,C9544,discount,0.148,0
2024-08-01,S030,ready_to_eat,C5984,bundle,0.247,1
2024-08-06,S030,ready_to_eat,C5939,coupon,0.119,0
2024-08-08,S030,ready_to_eat,C5952,free_delivery,0.263,1
2024-08-27,S030,ready_to_eat,C9124,free_delivery,0.14,0
2024-08-28,S030,ready_to_eat,C5378,coupon,0.359,1
2024-08-30,S030,ready_to_eat,C3393,coupon,0.074,1
2024-09-05,S030,ready_to_eat,C5813,discount,0.239,0
2024-09-08,S030,ready_to_eat,C7521,discount,0.176,0
2024-09-23,S030,ready_to_eat,C4451,discount,0.166,1
2024-09-30,S030,ready_to_eat,C1257,coupon,0.166,0
2024-10-02,S030,ready_to_eat,C4264,discount,0.154,0
2024-10-10,S030,ready_to_eat,C1534,discount,0.112,0
2024-10-19,S030,ready_to_eat,C6542,discount,0.203,0
2024-11-28,S030,ready_to_eat,C2221,discount,0.184,1
2024-12-04,S030,ready_to_eat,C4314,bundle,0.114,1
2024-12-05,S030,ready_to_eat,C3126,discount,0.226,0
2024-12-21,S030,ready_to_eat,C1234,coupon,0.131,1
2024-12-25,S030,ready_to_eat,C9700,discount,0.058,1
2025-01-01,S030,ready_to_eat,C8381,bundle,0.198,0
2025-01-10,S030,ready_to_eat,C9806,discount,0.211,1
2025-01-11,S030,ready_to_eat,C3344,discount,0.144,1
2025-01-14,S030,ready_to_eat,C4692,bundle,0.208,1
2025-01-20,S030,ready_to_eat,C5456,discount,0.12,0
2024-01-01,S030,personal_care,C4630,discount,0.111,1
2024-01-15,S030,personal_care,C7942,discount,0.173,1
2024-01-20,S030,personal_care,C6813,bundle,0.05,0
2024-01-27,S030,personal_care,C1508,coupon,0.155,0
2024-02-12,S030,personal_care,C3067,coupon,0.112,0
2024-02-25,S030,personal_care,C1496,bundle,0.098,0
2024-03-10,S030,personal_care,C4934,coupon,0.225,1
2024-03-11,S030,personal_care,C4190,discount,0.221,0
2024-03-27,S030,personal_care,C3926,free_delivery,0.248,0
2024-04-06,S030,personal_care,C2918,free_delivery,0.117,0
2024-04-11,S030,personal_care,C4767,discount,0.206,0
2024-04-21,S030,personal_care,C4662,discount,0.163,0
2024-04-26,S030,personal_care,C2749,discount,0.319,0
2024-05-10,S030,personal_care,C5587,bundle,0.362,0
2024-05-12,S030,personal_care,C7966,discount,0.121,1
2024-05-16,S030,personal_care,C6506,discount,0.239,1
2024-05-18,S030,personal_care,C8796,free_delivery,0.149,0
2024-05-22,S030,personal_care,C5953,bundle,0.197,0
2024-05-23,S030,personal_care,C4125,coupon,0.22,0
2024-05-28,S030,personal_care,C2014,discount,0.158,0
2024-06-09,S030,personal_care,C1790,coupon,0.121,1
2024-06-12,S030,personal_care,C3138,free_delivery,0.186,0
2024-06-26,S030,personal_care,C4214,discount,0.148,1
2024-07-15,S030,personal_care,C5951,free_delivery,0.213,1
2024-07-24,S030,personal_care,C5158,free_delivery,0.215,0
2024-07-31,S030,personal_care,C4239,discount,0.209,0
2024-08-02,S030,personal_care,C6240,coupon,0.15,1
2024-08-19,S030,personal_care,C8954,coupon,0.185,0
2024-09-16,S030,personal_care,C1111,coupon,0.109,0
2024-10-02,S030,personal_care,C2644,discount,0.175,1
2024-10-10,S030,personal_care,C4643,discount,0.129,1
2024-10-26,S030,personal_care,C2240,bundle,0.161,0
2024-10-27,S030,personal_care,C4804,coupon,0.11,0
2024-11-09,S030,personal_care,C4942,bundle,0.229,0
2024-11-14,S030,personal_care,C8477,coupon,0.232,0
2024-11-25,S030,personal_care,C9650,bundle,0.213,0
2024-11-27,S030,personal_care,C7434,discount,0.28,0
2024-12-01,S030,personal_care,C5816,free_delivery,0.052,1
2024-12-10,S030,personal_care,C7424,coupon,0.162,1
2024-12-18,S030,personal_care,C2263,discount,0.128,0
2025-01-15,S030,personal_care,C8482,discount,0.147,0
2025-01-19,S030,personal_care,C9185,discount,0.088,0
2024-01-09,S031,beverages,C5990,discount,0.19,0
2024-01-10,S031,beverages,C4788,coupon,0.093,0
2024-01-21,S031,beverages,C8365,discount,0.27,0
2024-01-26,S031,beverages,C1865,discount,0.158,1
2024-01-28,S031,beverages,C4972,bundle,0.12,0
2024-01-31,S031,beverages,C2163,coupon,0.107,0
2024-02-05,S031,beverages,C4686,free_delivery,0.129,0
2024-02-11,S031,beverages,C6817,discount,0.121,1
2024-02-13,S031,beverages,C6656,coupon,0.233,1
2024-02-28,S031,beverages,C3323,coupon,0.121,0
2024-03-09,S031,beverages,C8612,discount,0.105,0
2024-03-10,S031,beverages,C7829,free_delivery,0.168,0
2024-03-11,S031,beverages,C1531,discount,0.134,0
2024-03-17,S031,beverages,C4641,discount,0.177,0
2024-03-20,S031,beverages,C5136,bundle,0.051,1
2024-03-31,S031,beverages,C2253,bundle,0.245,0
2024-04-10,S031,beverages,C5886,discount,0.105,0
2024-04-13,S031,beverages,C5585,discount,0.065,1
2024-04-16,S031,beverages,C7922,coupon,0.134,0
2024-04-21,S031,beverages,C3399,free_delivery,0.128,0
2024-04-27,S031,beverages,C4052,coupon,0.311,0
2024-04-28,S031,beverages,C1719,coupon,0.219,0
2024-05-02,S031,beverages,C2530,discount,0.106,0
2024-05-04,S031,beverages,C7223,discount,0.199,0
2024-05-17,S031,beverages,C6543,coupon,0.133,0
2024-05-25,S031,beverages,C4066,discount,0.155,0
2024-06-11,S031,beverages,C6868,coupon,0.135,0
2024-06-17,S031,beverages,C7905,discount,0.282,1
2024-07-09,S031,beverages,C5506,discount,0.159,0
2024-07-16,S031,beverages,C3473,coupon,0.05,0
2024-07-20,S031,beverages,C4980,discount,0.324,0
2024-08-01,S031,beverages,C4156,discount,0.17,1
2024-08-10,S031,beverages,C7936,free_delivery,0.17,0
2024-08-21,S031,beverages,C1313,discount,0.261,0
2024-08-28,S031,beverages,C2850,discount,0.19,1
2024-08-29,S031,beverages,C5693,discount,0.197,1
2024-09-02,S031,beverages,C5163,discount,0.233,0
2024-09-12,S031,beverages,C7626,discount,0.05,0
2024-09-15,S031,beverages,C7164,discount,0.168,0
2024-09-24,S031,beverages,C1175,coupon,0.076,0
2024-10-06,S031,beverages,C8745,discount,0.063,1
2024-11-01,S031,beverages,C9540,coupon,0.148,1
2024-11-21,S031,beverages,C7695,bundle,0.201,0
2024-11-27,S031,beverages,C1688,bundle,0.171,0
2024-12-01,S031,beverages,C1669,coupon,0.221,1
2024-12-07,S031,beverages,C5966,discount,0.144,0
2024-12-11,S031,beverages,C3542,coupon,1.2,1
2024-12-24,S031,beverages,C6884,discount,0.272,0
2024-12-25,S031,beverages,C9737,discount,0.16,1
2025-01-04,S031,beverages,C1459,discount,0.186,0
2025-01-07,S031,beverages,C1818,discount,0.188,1
2025-01-09,S031,beverages,C8762,coupon,0.167,0
2025-01-15,S031,beverages,C1585,bundle,0.168,0
2024-01-02,S031,snacks,C9201,discount,0.118,0
2024-01-08,S031,snacks,C7320,coupon,0.211,0
2024-01-21,S031,snacks,C2973,discount,0.163,1
2024-01-22,S031,snacks,C5607,discount,0.174,0
2024-01-25,S031,snacks,C5060,bundle,0.169,0
2024-01-28,S031,snacks,C4179,discount,0.203,0
2024-01-30,S031,snacks,C6188,bundle,0.238,0
2024-02-11,S031,snacks,C4999,free_delivery,0.246,0
2024-02-17,S031,snacks,C5790,bundle,0.225,0
2024-02-29,S031,snacks,C9245,discount,0.106,0
2024-03-02,S031,snacks,C7063,free_delivery,0.332,0
2024-03-06,S031,snacks,C6915,free_delivery,0.237,0
2024-03-11,S031,snacks,C7648,discount,0.154,0
2024-03-12,S031,snacks,C4282,discount,0.221,0
2024-03-19,S031,snacks,C2648,discount,0.324,0
2024-03-21,S031,snacks,C6958,discount,0.169,1
2024-03-25,S031,snacks,C1780,discount,0.188,1
2024-04-02,S031,snacks,C8362,bundle,0.239,0
2024-04-12,S031,snacks,C9806,discount,0.131,0
2024-04-15,S031,snacks,C1825,coupon,0.124,1
2024-04-27,S031,snacks,C4684,free_delivery,0.118,1
2024-04-29,S031,snacks,C8162,coupon,0.129,0
2024-05-03,S031,snacks,C8267,coupon,0.163,1
2024-05-13,S031,snacks,C8899,coupon,0.212,1
2024-05-28,S031,snacks,C2625,free_delivery,0.12,0
2024-06-03,S031,snacks,C1169,discount,0.156,1
2024-06-23,S031,snacks,C1809,discount,0.148,0
2024-07-01,S031,snacks,C1959,coupon,0.069,1
2024-07-07,S031,snacks,C8663,coupon,0.149,0
2024-07-14,S031,snacks,C3097,discount,0.186,0
2024-07-18,S031,snacks,C2527,free_delivery,0.226,0
2024-07-29,S031,snacks,C3156,free_delivery,0.158,0
2024-08-03,S031,snacks,C8830,bundle,0.198,0
2024-08-18,S031,snacks,C6413,coupon,0.172,1
2024-08-24,S031,snacks,C1867,discount,0.14,1
2024-08-26,S031,snacks,C8183,discount,0.215,0
2024-08-30,S031,snacks,C3024,discount,0.21,1
2024-09-08,S031,snacks,C8463,discount,0.079,1
2024-09-09,S031,snacks,C6475,free_delivery,0.093,0
2024-09-10,S031,snacks,C6393,bundle,0.173,0
2024-09-11,S031,snacks,C9584,discount,0.233,1
2024-09-17,S031,snacks,C2857,coupon,0.207,0
2024-09-29,S031,snacks,C9023,bundle,0.249,0
2024-10-01,S031,snacks,C8180,discount,0.133,1
2024-10-05,S031,snacks,C5691,free_delivery,0.157,0
2024-10-06,S031,snacks,C2224,discount,0.201,0
2024-10-15,S031,snacks,C7324,coupon,0.164,0
2024-10-20,S031,snacks,C5779,free_delivery,0.23,0
2024-10-25,S031,snacks,C5927,discount,0.315,1
2024-10-27,S031,snacks,C5829,coupon,0.149,1
2024-11-11,S031,snacks,C9099,discount,0.219,0
2024-11-15,S031,snacks,C3822,discount,0.152,0
2024-11-20,S031,snacks,C1904,discount,0.222,0
2024-12-01,S031,snacks,C4650,discount,0.166,0
2024-12-04,S031,snacks,C2388,discount,0.214,0
2024-12-08,S031,snacks,C1869,free_delivery,0.274,1
2024-12-19,S031,snacks,C3376,bundle,0.23,0
2024-12-21,S031,snacks,C4112,discount,0.222,1
2024-12-28,S031,snacks,C5136,discount,0.213,0
2025-01-02,S031,snacks,C6150,discount,0.062,0
2025-01-12,S031,snacks,C7831,bundle,0.178,0
2025-01-17,S031,snacks,C3530,discount,0.2,1
2025-01-27,S031,snacks,C8431,free_delivery,0.182,0
2024-01-13,S031,fresh,C6657,discount,0.14,0
2024-01-28,S031,fresh,C4537,discount,0.05,0
2024-03-10,S031,fresh,C2946,coupon,0.166,0
2024-03-12,S031,fresh,C1848,free_delivery,0.165,1
2024-03-21,S031,fresh,C5002,free_delivery,0.084,0
2024-03-28,S031,fresh,C1376,discount,0.169,0
2024-04-04,S031,fresh,C9905,coupon,0.238,1
2024-04-14,S031,fresh,C9205,discount,0.05,0
2024-06-04,S031,fresh,C6730,discount,0.058,0
2024-06-08,S031,fresh,C3262,discount,0.13,1
2024-06-29,S031,fresh,C9941,coupon,0.125,0
2024-07-06,S031,fresh,C2277,free_delivery,0.265,0
2024-07-07,S031,fresh,C2318,discount,0.084,0
2024-07-08,S031,fresh,C1380,discount,0.147,0
2024-08-04,S031,fresh,C1679,discount,0.235,0
2024-08-16,S031,fresh,C4021,discount,0.125,0
2024-09-18,S031,fresh,C2420,bundle,0.254,0
2024-09-23,S031,fresh,C5672,bundle,0.05,0
2024-09-27,S031,fresh,C6163,coupon,0.171,1
2024-10-11,S031,fresh,C7382,discount,0.238,0
2024-10-13,S031,fresh,C7983,free_delivery,0.156,0
2024-11-02,S031,fresh,C6754,bundle,0.1,1
2024-11-06,S031,fresh,C4691,free_delivery,0.277,1
2024-12-07,S031,fresh,C5025,discount,0.126,1
2024-12-24,S031,fresh,C1316,coupon,0.181,1
2024-12-26,S031,fresh,C5860,discount,0.05,1
2024-12-31,S031,fresh,C8295,coupon,0.124,0
2025-01-08,S031,fresh,C5355,free_delivery,0.26,1
2025-01-09,S031,fresh,C3204,bundle,0.228,1
2024-01-18,S031,household,C9864,discount,0.135,1
2024-02-16,S031,household,C1776,free_delivery,0.116,0
2024-02-20,S031,household,C1917,coupon,0.216,0
2024-02-27,S031,household,C4155,discount,0.13,0
2024-03-09,S031,household,C7414,coupon,0.315,1
2024-04-02,S031,household,C4914,discount,0.249,1
2024-04-05,S031,household,C6365,discount,0.252,1
2024-05-02,S031,household,C9130,bundle,0.101,1
2024-05-15,S031,household,C7784,free_delivery,0.091,1
2024-05-21,S031,household,C6148,bundle,0.24,1
2024-06-08,S031,household,C5364,coupon,0.235,0
2024-06-30,S031,household,C6119,free_delivery,0.307,0
2024-07-04,S031,household,C3283,coupon,0.145,0
2024-07-06,S031,household,C6350,bundle,0.327,0
2024-07-07,S031,household,C8998,free_delivery,0.266,0
2024-07-13,S031,household,C7322,discount,0.196,1
2024-07-26,S031,household,C2983,discount,0.224,0
2024-08-26,S031,household,C5181,bundle,0.189,0
2024-09-30,S031,household,C8376,discount,0.307,0
2024-10-06,S031,household,C4345,discount,0.202,0
2024-11-09,S031,household,C5889,bundle,0.229,1
2024-11-12,S031,household,C8730,discount,0.152,1
2024-11-16,S031,household,C1953,discount,0.165,0
2024-11-25,S031,household,C2285,discount,0.13,0
2024-12-22,S031,household,C1604,discount,0.109,0
2024-12-29,S031,household,C3722,discount,0.281,1
2025-01-18,S031,household,C3524,coupon,0.191,0
2025-01-20,S031,household,C2248,discount,0.199,0
2025-01-26,S031,household,C7574,coupon,0.134,1
2024-01-13,S031,ready_to_eat,C2434,free_delivery,0.19,0
2024-01-20,S031,ready_to_eat,C2163,coupon,0.249,0
2024-02-02,S031,ready_to_eat,C5626,discount,0.15,1
2024-02-16,S031,ready_to_eat,C5501,coupon,0.079,0
2024-02-17,S031,ready_to_eat,C5420,free_delivery,0.244,0
2024-02-18,S031,ready_to_eat,C3942,discount,0.249,0
2024-02-22,S031,ready_to_eat,C9964,bundle,0.136,1
2024-03-15,S031,ready_to_eat,C8541,discount,0.281,0
2024-03-16,S031,ready_to_eat,C7833,discount,0.05,0
2024-03-21,S031,ready_to_eat,C5700,free_delivery,0.193,0
2024-03-24,S031,ready_to_eat,C7323,discount,0.148,0
2024-03-31,S031,ready_to_eat,C7102,discount,0.139,0
2024-04-04,S031,ready_to_eat,C6721,discount,0.142,0
2024-04-12,S031,ready_to_eat,C3440,bundle,0.164,0
2024-04-19,S031,ready_to_eat,C4590,coupon,0.171,1
2024-04-28,S031,ready_to_eat,C5555,discount,0.278,1
2024-05-10,S031,ready_to_eat,C1655,coupon,0.171,0
2024-05-18,S031,ready_to_eat,C7153,free_delivery,0.095,0
2024-05-30,S031,ready_to_eat,C3214,discount,0.064,1
2024-06-17,S031,ready_to_eat,C1623,discount,0.355,0
2024-06-27,S031,ready_to_eat,C2630,coupon,0.314,0
2024-07-11,S031,ready_to_eat,C3109,discount,0.167,1
2024-08-01,S031,ready_to_eat,C3003,free_delivery,0.307,0
2024-08-03,S031,ready_to_eat,C9126,coupon,0.263,1
2024-08-04,S031,ready_to_eat,C9425,coupon,0.234,0
2024-08-10,S031,ready_to_eat,C7743,coupon,0.199,1
2024-08-11,S031,ready_to_eat,C3442,coupon,0.167,0
2024-08-16,S031,ready_to_eat,C6553,discount,0.052,0
2024-08-17,S031,ready_to_eat,C2089,coupon,0.164,1
2024-08-20,S031,ready_to_eat,C5009,discount,0.185,0
2024-08-22,S031,ready_to_eat,C7132,coupon,0.218,1
2024-08-24,S031,ready_to_eat,C1839,discount,0.251,0
2024-09-11,S031,ready_to_eat,C4805,discount,0.196,1
2024-09-20,S031,ready_to_eat,C8886,discount,0.225,0
2024-09-25,S031,ready_to_eat,C6809,discount,0.115,0
2024-10-01,S031,ready_to_eat,C3513,discount,0.227,0
2024-10-02,S031,ready_to_eat,C7663,discount,0.19,0
2024-10-06,S031,ready_to_eat,C3641,discount,0.265,0
2024-10-10,S031,ready_to_eat,C2092,coupon,0.288,0
2024-10-17,S031,ready_to_eat,C6332,discount,0.166,0
2024-10-19,S031,ready_to_eat,C7711,free_delivery,0.273,0
2024-10-24,S031,ready_to_eat,C9287,discount,0.18,1
2024-11-14,S031,ready_to_eat,C2486,coupon,0.189,0
2024-11-23,S031,ready_to_eat,C3840,coupon,0.079,0
2024-12-08,S031,ready_to_eat,C1664,coupon,0.162,1
2024-12-10,S031,ready_to_eat,C2707,discount,0.217,0
2024-12-15,S031,ready_to_eat,C5340,discount,0.161,1
2025-01-04,S031,ready_to_eat,C5569,discount,0.141,1
2025-01-11,S031,ready_to_eat,C4338,discount,0.192,0
2025-01-21,S031,ready_to_eat,C4553,coupon,0.24,0
2024-01-20,S031,personal_care,C9427,coupon,0.246,0
2024-01-31,S031,personal_care,C4712,coupon,0.222,1
2024-02-06,S031,personal_care,C8183,discount,0.11,0
2024-02-10,S031,personal_care,C3502,discount,0.094,1
2024-02-14,S031,personal_care,C8513,discount,0.165,0
2024-02-29,S031,personal_care,C3794,coupon,0.203,1
2024-03-08,S031,personal_care,C2431,coupon,0.235,1
2024-03-30,S031,personal_care,C1589,coupon,0.091,1
2024-04-04,S031,personal_care,C6091,free_delivery,0.224,1
2024-04-07,S031,personal_care,C9451,free_delivery,0.173,1
2024-04-10,S031,personal_care,C6682,free_delivery,0.063,1
2024-04-15,S031,personal_care,C3743,coupon,0.078,0
2024-04-18,S031,personal_care,C3660,free_delivery,0.241,0
2024-04-24,S031,personal_care,C4506,coupon,0.264,1
2024-04-28,S031,personal_care,C5868,coupon,0.19,0
2024-05-05,S031,personal_care,C9750,bundle,0.251,0
2024-05-15,S031,personal_care,C2520,bundle,0.052,1
2024-06-09,S031,personal_care,C3684,coupon,0.163,0
2024-06-29,S031,personal_care,C8398,discount,0.065,1
2024-07-24,S031,personal_care,C1256,discount,0.175,0
2024-07-25,S031,personal_care,C9192,coupon,0.214,0
2024-08-03,S031,personal_care,C8784,discount,0.217,0
2024-08-09,S031,personal_care,C6669,discount,0.158,1
2024-08-24,S031,personal_care,C5902,bundle,0.304,0
2024-08-25,S031,personal_care,C6268,discount,0.224,0
2024-09-08,S031,personal_care,C1314,discount,0.337,0
2024-09-13,S031,personal_care,C1550,discount,0.201,0
2024-09-15,S031,personal_care,C7606,bundle,0.256,1
2024-09-29,S031,personal_care,C4527,coupon,0.14,0
2024-10-14,S031,personal_care,C4702,discount,0.214,1
2024-10-17,S031,personal_care,C6355,free_delivery,0.278,0
2024-10-18,S031,personal_care,C7603,discount,0.203,0
2024-10-19,S031,personal_care,C2331,discount,0.171,0
2024-10-25,S031,personal_care,C7334,free_delivery,0.249,0
2024-11-01,S031,personal_care,C2532,discount,0.233,0
2024-11-09,S031,personal_care,C4955,bundle,0.26,0
2024-11-11,S031,personal_care,C9420,coupon,0.233,0
2024-11-15,S031,personal_care,C9294,discount,0.16,1
2024-11-27,S031,personal_care,C4290,coupon,0.063,1
2024-11-30,S031,personal_care,C9626,bundle,0.099,0
2024-12-06,S031,personal_care,C2354,bundle,0.169,1
2024-12-14,S031,personal_care,C2015,discount,0.36,0
2024-12-29,S031,personal_care,C2822,discount,0.265,0
2025-01-07,S031,personal_care,C1105,bundle,0.255,0
2025-01-20,S031,personal_care,C1907,free_delivery,0.245,0
2025-01-24,S031,personal_care,C9939,coupon,0.123,1
2024-01-01,S032,beverages,C7511,bundle,0.228,0
2024-01-05,S032,beverages,C1403,free_delivery,0.212,1
2024-01-14,S032,beverages,C2038,coupon,0.116,1
2024-01-17,S032,beverages,C1282,free_delivery,0.05,0
2024-01-19,S032,beverages,C5172,discount,0.154,1
2024-01-20,S032,beverages,C8644,free_delivery,0.162,0
2024-02-01,S032,beverages,C1022,bundle,0.18,0
2024-02-04,S032,beverages,C5011,free_delivery,0.177,0
2024-02-11,S032,beverages,C5116,discount,0.069,1
2024-02-23,S032,beverages,C8881,discount,0.178,1
2024-02-26,S032,beverages,C5569,discount,0.109,0
2024-03-01,S032,beverages,C4275,free_delivery,0.179,1
2024-03-03,S032,beverages,C8335,bundle,0.2,1
2024-03-10,S032,beverages,C2189,free_delivery,0.161,1
2024-03-17,S032,beverages,C5835,discount,0.274,0
2024-03-27,S032,beverages,C5110,discount,0.165,0
2024-04-11,S032,beverages,C2126,discount,0.23,0
2024-04-14,S032,beverages,C5080,discount,0.252,0
2024-04-15,S032,beverages,C7975,discount,0.145,1
2024-04-16,S032,beverages,C2885,discount,0.156,1
2024-04-27,S032,beverages,C4610,free_delivery,0.113,0
2024-04-28,S032,beverages,C1648,discount,0.12,1
2024-04-29,S032,beverages,C6371,discount,0.171,0
2024-04-30,S032,beverages,C7561,coupon,0.258,0
2024-05-02,S032,beverages,C2442,discount,0.146,0
2024-05-13,S032,beverages,C4391,free_delivery,0.079,1
2024-05-15,S032,beverages,C5637,discount,0.185,0
2024-05-17,S032,beverages,C2331,free_delivery,0.102,0
2024-06-06,S032,beverages,C4592,discount,0.193,1
2024-06-10,S032,beverages,C2192,discount,0.223,0
2024-06-12,S032,beverages,C4645,bundle,0.196,1
2024-06-16,S032,beverages,C7514,discount,0.139,1
2024-06-17,S032,beverages,C8117,discount,0.127,1
2024-06-21,S032,beverages,C8595,discount,0.215,0
2024-06-25,S032,beverages,C4695,coupon,0.05,1
2024-06-26,S032,beverages,C4430,coupon,0.191,0
2024-07-08,S032,beverages,C4987,free_delivery,0.174,0
2024-07-16,S032,beverages,C9877,discount,0.191,0
2024-07-20,S032,beverages,C8928,bundle,0.231,0
2024-07-24,S032,beverages,C5849,discount,0.353,0
2024-07-29,S032,beverages,C6304,discount,0.116,0
2024-08-12,S032,beverages,C3769,free_delivery,0.325,1
2024-08-13,S032,beverages,C4151,coupon,0.168,0
2024-08-15,S032,beverages,C4356,free_delivery,0.128,1
2024-08-19,S032,beverages,C8404,free_delivery,0.199,0
2024-08-24,S032,beverages,C2521,bundle,0.098,1
2024-08-29,S032,beverages,C6223,discount,0.296,0
2024-08-31,S032,beverages,C1128,discount,0.269,1
2024-09-01,S032,beverages,C5543,discount,0.145,0
2024-09-05,S032,beverages,C7955,coupon,0.226,0
2024-09-06,S032,beverages,C2006,discount,0.13,1
2024-09-07,S032,beverages,C1089,coupon,0.249,1
2024-09-11,S032,beverages,C2743,discount,0.264,0
2024-09-17,S032,beverages,C5912,discount,0.15,1
2024-09-24,S032,beverages,C9103,discount,0.262,1
2024-10-02,S032,beverages,C1311,discount,0.136,0
2024-10-13,S032,beverages,C6154,bundle,0.167,0
2024-10-18,S032,beverages,C9772,coupon,0.319,1
2024-10-24,S032,beverages,C8335,discount,0.119,1
2024-11-03,S032,beverages,C3768,coupon,0.191,1
2024-11-08,S032,beverages,C6990,discount,0.144,0
2024-11-11,S032,beverages,C8726,discount,0.05,0
2024-11-26,S032,beverages,C9658,discount,0.13,0
2024-12-11,S032,beverages,C9198,discount,0.195,1
2024-12-22,S032,beverages,C2529,bundle,0.267,1
2024-12-26,S032,beverages,C9822,free_delivery,0.136,0
2024-01-01,S032,snacks,C1098,discount,0.125,0
2024-01-05,S032,snacks,C2092,discount,0.114,0
2024-01-06,S032,snacks,C4775,coupon,0.178,1
2024-01-08,S032,snacks,C1888,free_delivery,0.127,1
2024-01-22,S032,snacks,C1643,free_delivery,0.244,0
2024-02-11,S032,snacks,C5953,coupon,0.321,0
2024-02-18,S032,snacks,C3384,discount,0.207,0
2024-02-19,S032,snacks,C8263,discount,0.17,0
2024-02-20,S032,snacks,C6297,coupon,0.182,0
2024-03-06,S032,snacks,C4805,discount,0.236,0
2024-03-09,S032,snacks,C2383,free_delivery,0.148,0
2024-03-10,S032,snacks,C9691,discount,0.138,0
2024-03-13,S032,snacks,C9153,discount,0.175,1
2024-03-18,S032,snacks,C7539,discount,0.05,0
2024-03-30,S032,snacks,C6760,bundle,0.272,1
2024-05-09,S032,snacks,C2106,discount,0.138,1
2024-05-14,S032,snacks,C4676,discount,0.05,0
2024-05-18,S032,snacks,C6127,free_delivery,0.05,0
2024-05-26,S032,snacks,C6532,bundle,0.13,0
2024-06-09,S032,snacks,C8094,discount,0.118,0
2024-06-10,S032,snacks,C9100,discount,0.141,1
2024-06-14,S032,snacks,C4793,free_delivery,0.095,1
2024-06-19,S032,snacks,C1575,coupon,0.261,0
2024-06-23,S032,snacks,C2738,bundle,0.169,1
2024-06-25,S032,snacks,C5868,discount,0.169,0
2024-06-26,S032,snacks,C8214,coupon,0.229,1
2024-06-27,S032,snacks,C5583,coupon,0.231,1
2024-07-01,S032,snacks,C2865,bundle,0.182,1
2024-07-04,S032,snacks,C6071,discount,0.254,0
2024-07-06,S032,snacks,C4129,discount,0.14,0
2024-07-07,S032,snacks,C9455,coupon,0.185,1
2024-07-14,S032,snacks,C2585,coupon,0.155,1
2024-07-27,S032,snacks,C4428,coupon,0.111,1
2024-07-28,S032,snacks,C9697,free_delivery,0.36,0
2024-07-30,S032,snacks,C6100,coupon,0.219,0
2024-08-09,S032,snacks,C8417,coupon,0.182,1
2024-08-28,S032,snacks,C6686,free_delivery,0.124,0
2024-08-29,S032,snacks,C7149,bundle,0.116,0
2024-09-08,S032,snacks,C4310,free_delivery,0.245,0
2024-09-14,S032,snacks,C5589,discount,0.102,0
2024-09-16,S032,snacks,C6692,discount,0.228,0
2024-09-22,S032,snacks,C1251,discount,0.231,0
2024-10-06,S032,snacks,C8558,coupon,0.183,0
2024-11-04,S032,snacks,C3512,bundle,0.132,1
2024-11-10,S032,snacks,C3672,discount,0.199,1
2024-11-11,S032,snacks,C2940,free_delivery,0.09,0
2024-11-26,S032,snacks,C4556,coupon,0.264,1
2024-12-15,S032,snacks,C9286,discount,0.139,0
2024-12-16,S032,snacks,C7648,coupon,0.232,0
2024-12-20,S032,snacks,C4115,discount,0.213,1
2024-12-21,S032,snacks,C7230,free_delivery,0.13,1
2025-01-03,S032,snacks,C5150,bundle,0.281,0
2025-01-09,S032,snacks,C1484,bundle,0.26,0
2025-01-12,S032,snacks,C9630,coupon,0.173,0
2025-01-20,S032,snacks,C2926,bundle,0.224,0
2025-01-22,S032,snacks,C8809,discount,0.228,1
2024-01-01,S032,fresh,C4026,coupon,0.162,1
2024-01-31,S032,fresh,C3072,bundle,0.243,1
2024-02-10,S032,fresh,C5875,coupon,0.286,1
2024-03-05,S032,fresh,C5804,coupon,0.115,1
2024-03-06,S032,fresh,C5206,free_delivery,0.097,0
2024-03-16,S032,fresh,C8553,coupon,0.129,1
2024-03-21,S032,fresh,C3616,discount,0.307,1
2024-03-24,S032,fresh,C9408,bundle,0.23,0
2024-03-28,S032,fresh,C9604,coupon,0.146,0
2024-03-31,S032,fresh,C7435,discount,0.08,1
2024-04-01,S032,fresh,C2836,bundle,0.184,1
2024-04-07,S032,fresh,C9953,bundle,0.155,1
2024-04-09,S032,fresh,C2039,discount,0.115,0
2024-04-21,S032,fresh,C2218,discount,0.212,0
2024-05-02,S032,fresh,C2952,discount,0.27,1
2024-05-05,S032,fresh,C7980,coupon,0.194,1
2024-05-06,S032,fresh,C2649,bundle,0.106,1
2024-05-13,S032,fresh,C1399,free_delivery,0.224,1
2024-05-18,S032,fresh,C5171,coupon,1.2,0
2024-07-06,S032,fresh,C2335,discount,0.135,0
2024-08-11,S032,fresh,C1177,discount,0.141,0
2024-08-31,S032,fresh,C8951,free_delivery,0.238,1
2024-09-07,S032,fresh,C8523,discount,0.05,0
2024-09-28,S032,fresh,C9613,free_delivery,0.304,0
2024-10-17,S032,fresh,C7749,free_delivery,0.218,0
2024-11-02,S032,fresh,C4866,discount,0.182,0
2024-12-04,S032,fresh,C3058,bundle,0.21,1
2024-12-05,S032,fresh,C4993,coupon,0.296,1
2024-12-09,S032,fresh,C6712,discount,0.2,0
2024-12-16,S032,fresh,C2626,free_delivery,0.155,1
2024-12-30,S032,fresh,C8926,discount,0.117,0
2025-01-09,S032,fresh,C6622,discount,0.184,0
2025-01-13,S032,fresh,C5128,coupon,0.214,1
2025-01-21,S032,fresh,C7070,coupon,0.105,0
2024-01-13,S032,household,C7421,coupon,0.078,1
2024-01-21,S032,household,C3850,discount,0.141,1
2024-02-02,S032,household,C7589,coupon,0.11,0
2024-02-10,S032,household,C1846,discount,0.268,0
2024-02-14,S032,household,C7658,discount,0.176,1
2024-03-01,S032,household,C4374,coupon,0.161,0
2024-03-25,S032,household,C1528,discount,0.14,1
2024-04-13,S032,household,C6239,discount,0.127,1
2024-05-14,S032,household,C7615,coupon,0.197,1
2024-06-20,S032,household,C9106,coupon,0.245,1
2024-06-24,S032,household,C3236,discount,0.247,0
2024-07-23,S032,household,C9678,coupon,0.188,0
2024-08-14,S032,household,C3060,discount,0.226,0
2024-09-07,S032,household,C9861,discount,0.252,1
2024-09-13,S032,household,C8091,discount,0.244,0
2024-10-08,S032,household,C3885,free_delivery,0.355,1
2024-10-12,S032,household,C4517,discount,0.152,1
2024-11-01,S032,household,C9761,bundle,0.201,0
2024-12-13,S032,household,C4957,bundle,0.186,1
2024-12-24,S032,household,C4805,coupon,0.224,1
2025-01-12,S032,household,C3510,discount,0.05,0
2025-01-25,S032,household,C5242,discount,0.201,1
2024-01-18,S032,ready_to_eat,C5616,discount,0.252,0
2024-02-18,S032,ready_to_eat,C9141,discount,0.243,0
2024-02-20,S032,ready_to_eat,C3080,coupon,0.206,1
2024-02-22,S032,ready_to_eat,C7612,coupon,0.202,0
2024-03-02,S032,ready_to_eat,C1337,discount,0.205,0
2024-03-23,S032,ready_to_eat,C4104,coupon,0.143,0
2024-03-29,S032,ready_to_eat,C1990,coupon,0.232,0
2024-04-20,S032,ready_to_eat,C5295,bundle,0.183,1
2024-04-23,S032,ready_to_eat,C8198,discount,0.265,1
2024-05-06,S032,ready_to_eat,C5382,coupon,0.179,0
2024-05-15,S032,ready_to_eat,C1546,free_delivery,0.157,0
2024-05-23,S032,ready_to_eat,C2776,discount,0.223,0
2024-06-06,S032,ready_to_eat,C2159,discount,0.084,0
2024-06-08,S032,ready_to_eat,C2124,bundle,0.272,0
2024-06-26,S032,ready_to_eat,C2644,free_delivery,0.195,1
2024-07-01,S032,ready_to_eat,C8504,discount,0.216,0
2024-07-04,S032,ready_to_eat,C6544,coupon,0.25,0
2024-07-24,S032,ready_to_eat,C8332,discount,0.05,0
2024-07-30,S032,ready_to_eat,C3537,discount,0.05,0
2024-08-01,S032,ready_to_eat,C3258,discount,0.15,0
2024-08-19,S032,ready_to_eat,C9341,discount,0.146,0
2024-09-04,S032,ready_to_eat,C7041,bundle,0.19,0
2024-09-05,S032,ready_to_eat,C9233,discount,0.21,0
2024-09-12,S032,ready_to_eat,C2313,bundle,0.193,1
2024-09-20,S032,ready_to_eat,C9314,discount,0.1,0
2024-11-09,S032,ready_to_eat,C7195,coupon,0.163,1
2024-11-16,S032,ready_to_eat,C8453,discount,0.125,1
2024-12-30,S032,ready_to_eat,C7865,bundle,0.152,1
2025-01-22,S032,ready_to_eat,C4802,discount,0.138,0
2024-01-09,S032,personal_care,C4557,discount,0.173,0
2024-01-24,S032,personal_care,C8376,coupon,0.149,0
2024-02-25,S032,personal_care,C9148,discount,0.198,0
2024-03-01,S032,personal_care,C8055,bundle,0.346,0
2024-03-09,S032,personal_care,C8132,discount,0.247,1
2024-03-10,S032,personal_care,C9374,discount,0.205,0
2024-03-11,S032,personal_care,C2360,bundle,0.223,0
2024-04-05,S032,personal_care,C5498,coupon,0.267,1
2024-04-30,S032,personal_care,C6562,free_delivery,0.061,0
2024-05-05,S032,personal_care,C1446,discount,0.233,1
2024-05-11,S032,personal_care,C7734,discount,0.247,1
2024-05-14,S032,personal_care,C4199,discount,0.097,0
2024-05-24,S032,personal_care,C7963,coupon,0.211,0
2024-06-02,S032,personal_care,C7735,discount,0.141,0
2024-06-03,S032,personal_care,C9704,coupon,0.166,0
2024-06-07,S032,personal_care,C2993,discount,0.113,1
2024-06-08,S032,personal_care,C4333,coupon,0.156,0
2024-06-11,S032,personal_care,C4994,coupon,0.153,1
2024-06-19,S032,personal_care,C6618,discount,0.058,0
2024-06-27,S032,personal_care,C4880,discount,0.213,1
2024-06-28,S032,personal_care,C4164,discount,0.145,0
2024-07-27,S032,personal_care,C5198,free_delivery,0.174,0
2024-08-04,S032,personal_care,C4173,free_delivery,0.194,1
2024-08-17,S032,personal_care,C5704,discount,0.232,0
2024-08-19,S032,personal_care,C4817,discount,0.151,0
2024-08-24,S032,personal_care,C6699,coupon,0.177,0
2024-09-02,S032,personal_care,C1862,coupon,0.111,0
2024-09-08,S032,personal_care,C1462,coupon,0.157,0
2024-09-30,S032,personal_care,C6963,coupon,0.239,0
2024-10-07,S032,personal_care,C2351,coupon,0.182,1
2024-10-15,S032,personal_care,C1240,bundle,0.178,0
2024-11-01,S032,personal_care,C2141,discount,0.192,0
2024-12-18,S032,personal_care,C1632,discount,0.183,0
2024-12-23,S032,personal_care,C1568,discount,0.207,1
2024-12-31,S032,personal_care,C2934,discount,0.213,0
2025-01-02,S032,personal_care,C1576,discount,0.198,0
2025-01-22,S032,personal_care,C7051,bundle,0.077,1
2025-01-26,S032,personal_care,C3228,coupon,0.261,1
2024-01-02,S033,beverages,C6950,discount,0.197,0
2024-01-04,S033,beverages,C3397,discount,0.107,0
2024-01-07,S033,beverages,C7989,discount,0.183,1
2024-01-09,S033,beverages,C5459,coupon,0.097,0
2024-01-13,S033,beverages,C3448,free_delivery,0.08,0
2024-01-29,S033,beverages,C6220,discount,0.057,0
2024-02-03,S033,beverages,C2838,free_delivery,0.082,1
2024-02-11,S033,beverages,C7556,discount,0.23,0
2024-02-29,S033,beverages,C1124,bundle,0.278,0
2024-03-02,S033,beverages,C2097,coupon,0.341,0
2024-03-06,S033,beverages,C1310,coupon,0.264,1
2024-03-07,S033,beverages,C5243,discount,0.145,0
2024-03-10,S033,beverages,C5232,bundle,0.069,0
2024-03-17,S033,beverages,C8121,discount,0.184,0
2024-03-29,S033,beverages,C9725,discount,0.253,0
2024-04-06,S033,beverages,C3276,discount,0.143,0
2024-04-14,S033,beverages,C2983,free_delivery,0.138,1
2024-04-15,S033,beverages,C1613,discount,0.145,0
2024-04-21,S033,beverages,C7353,bundle,0.05,1
2024-04-30,S033,beverages,C1235,discount,0.2,1
2024-05-01,S033,beverages,C2211,bundle,0.094,0
2024-05-02,S033,beverages,C9670,free_delivery,0.164,0
2024-05-06,S033,beverages,C9385,free_delivery,0.202,1
2024-05-11,S033,beverages,C3249,discount,0.249,0
2024-05-13,S033,beverages,C8216,discount,0.154,0
2024-06-22,S033,beverages,C1778,coupon,0.223,0
2024-06-30,S033,beverages,C5434,coupon,0.101,0
2024-07-03,S033,beverages,C9365,discount,0.249,1
2024-07-13,S033,beverages,C8518,bundle,0.184,0
2024-07-15,S033,beverages,C1266,discount,0.12,0
2024-08-03,S033,beverages,C4344,discount,0.184,1
2024-08-04,S033,beverages,C6481,discount,0.152,1
2024-08-08,S033,beverages,C6627,discount,0.087,0
2024-08-14,S033,beverages,C5101,discount,0.091,0
2024-08-24,S033,beverages,C5447,free_delivery,0.219,1
2024-08-27,S033,beverages,C4316,coupon,0.338,1
2024-08-30,S033,beverages,C8099,coupon,0.264,0
2024-09-06,S033,beverages,C4022,discount,0.05,1
2024-09-13,S033,beverages,C7349,discount,0.096,0
2024-09-19,S033,beverages,C8233,free_delivery,0.152,0
2024-09-20,S033,beverages,C1772,free_delivery,0.191,1
2024-10-02,S033,beverages,C9073,discount,0.154,0
2024-10-05,S033,beverages,C8788,bundle,0.223,1
2024-10-24,S033,beverages,C9152,discount,0.261,0
2024-11-02,S033,beverages,C6032,discount,0.108,0
2024-12-02,S033,beverages,C2120,discount,0.05,0
2024-12-13,S033,beverages,C9912,bundle,0.151,0
2024-12-15,S033,beverages,C1808,discount,0.283,1
2025-01-03,S033,beverages,C9759,coupon,0.068,1
2025-01-11,S033,beverages,C5643,discount,0.078,1
2025-01-15,S033,beverages,C1412,free_delivery,0.284,1
2025-01-21,S033,beverages,C4563,discount,0.271,0
2024-01-03,S033,snacks,C1819,discount,0.256,0
2024-01-08,S033,snacks,C7063,bundle,0.204,1
2024-01-21,S033,snacks,C2272,discount,0.122,0
2024-01-26,S033,snacks,C7325,discount,0.106,0
2024-02-11,S033,snacks,C9371,discount,0.214,0
2024-02-17,S033,snacks,C3164,discount,0.14,1
2024-02-26,S033,snacks,C2520,coupon,0.187,0
2024-03-11,S033,snacks,C9597,coupon,0.128,0
2024-03-13,S033,snacks,C3586,free_delivery,0.236,0
2024-03-14,S033,snacks,C6605,discount,0.176,0
2024-03-31,S033,snacks,C8359,discount,0.227,0
2024-04-04,S033,snacks,C1166,discount,0.168,0
2024-04-06,S033,snacks,C5969,discount,0.25,0
2024-04-09,S033,snacks,C3419,coupon,0.244,0
2024-04-13,S033,snacks,C6516,coupon,0.139,1
2024-04-18,S033,snacks,C9421,coupon,0.157,1
2024-04-27,S033,snacks,C8125,discount,0.157,0
2024-04-29,S033,snacks,C4070,free_delivery,0.269,0
2024-05-09,S033,snacks,C7211,free_delivery,0.184,0
2024-05-20,S033,snacks,C8442,discount,0.122,0
2024-05-26,S033,snacks,C6421,free_delivery,0.136,0
2024-05-29,S033,snacks,C8400,discount,0.258,1
2024-06-03,S033,snacks,C1154,discount,0.127,0
2024-06-11,S033,snacks,C5377,discount,0.129,0
2024-06-12,S033,snacks,C4035,discount,0.196,0
2024-06-13,S033,snacks,C2372,free_delivery,0.202,1
2024-06-16,S033,snacks,C3731,coupon,0.23,1
2024-06-21,S033,snacks,C6670,coupon,0.166,1
2024-06-22,S033,snacks,C7626,discount,0.238,1
2024-06-26,S033,snacks,C7644,free_delivery,0.124,0
2024-07-01,S033,snacks,C6679,discount,0.221,0
2024-07-15,S033,snacks,C7500,discount,0.14,0
2024-07-16,S033,snacks,C9952,discount,0.24,0
2024-07-19,S033,snacks,C3534,discount,0.208,0
2024-07-20,S033,snacks,C8572,free_delivery,0.197,0
2024-07-25,S033,snacks,C8798,coupon,0.195,0
2024-08-15,S033,snacks,C9122,coupon,0.168,0
2024-09-13,S033,snacks,C6816,bundle,0.217,0
2024-09-14,S033,snacks,C4838,coupon,0.163,0
2024-09-15,S033,snacks,C1093,discount,0.221,0
2024-09-18,S033,snacks,C2674,discount,0.112,0
2024-09-19,S033,snacks,C1248,free_delivery,0.117,1
2024-09-21,S033,snacks,C3249,discount,0.196,1
2024-09-22,S033,snacks,C5964,discount,0.172,1
2024-09-25,S033,snacks,C1760,coupon,0.249,1
2024-10-02,S033,snacks,C4448,discount,0.187,1
2024-10-03,S033,snacks,C2102,discount,0.285,0
2024-10-06,S033,snacks,C9976,coupon,0.272,0
2024-10-10,S033,snacks,C6803,bundle,0.134,0
2024-10-18,S033,snacks,C4211,discount,0.133,0
2024-10-27,S033,snacks,C9971,discount,0.071,1
2024-10-31,S033,snacks,C3112,discount,0.127,1
2024-11-01,S033,snacks,C6980,discount,0.13,0
2024-11-04,S033,snacks,C4479,discount,0.359,1
2024-11-08,S033,snacks,C5844,discount,0.278,0
2024-11-12,S033,snacks,C4918,discount,0.216,1
2024-11-14,S033,snacks,C9843,free_delivery,0.062,0
2024-11-16,S033,snacks,C3225,coupon,0.245,0
2024-11-21,S033,snacks,C1594,coupon,0.191,1
2024-11-23,S033,snacks,C6986,free_delivery,0.178,0
2024-11-30,S033,snacks,C3100,discount,0.265,0
2024-12-15,S033,snacks,C5268,coupon,0.277,1
2025-01-07,S033,snacks,C5884,bundle,0.246,0
2025-01-20,S033,snacks,C1492,discount,0.059,0
2025-01-23,S033,snacks,C7727,discount,0.132,1
2025-01-24,S033,snacks,C7992,coupon,0.27,1
2025-01-25,S033,snacks,C2643,discount,0.305,1
2025-01-26,S033,snacks,C6473,coupon,0.151,0
2024-01-03,S033,fresh,C8582,discount,0.281,0
2024-01-04,S033,fresh,C1055,coupon,0.215,1
2024-01-16,S033,fresh,C4194,free_delivery,0.152,1
2024-02-17,S033,fresh,C3282,free_delivery,0.268,0
2024-02-27,S033,fresh,C9060,free_delivery,0.201,0
2024-02-28,S033,fresh,C8663,coupon,0.113,0
2024-03-12,S033,fresh,C4930,bundle,0.087,0
2024-04-13,S033,fresh,C5859,coupon,0.123,0
2024-04-22,S033,fresh,C9129,free_delivery,0.163,0
2024-05-13,S033,fresh,C9800,bundle,0.163,1
2024-05-26,S033,fresh,C8016,discount,0.24,1
2024-05-31,S033,fresh,C8627,discount,0.217,0
2024-06-05,S033,fresh,C6609,coupon,0.243,1
2024-07-19,S033,fresh,C6704,coupon,0.129,0
2024-07-22,S033,fresh,C7836,free_delivery,0.166,0
2024-07-28,S033,fresh,C9252,free_delivery,0.05,1
2024-09-20,S033,fresh,C9146,coupon,0.139,0
2024-10-06,S033,fresh,C3323,discount,0.228,0
2024-10-16,S033,fresh,C5787,discount,0.235,1
2024-11-05,S033,fresh,C2651,bundle,0.168,0
2024-11-06,S033,fresh,C8336,coupon,0.162,1
2024-11-19,S033,fresh,C5728,discount,0.151,0
2024-12-07,S033,fresh,C8039,coupon,0.148,0
2024-12-20,S033,fresh,C9698,coupon,0.208,0
2024-12-22,S033,fresh,C7524,bundle,0.264,0
2025-01-12,S033,fresh,C9570,discount,0.168,0
2025-01-21,S033,fresh,C7652,discount,0.157,0
2024-01-06,S033,household,C3670,coupon,0.156,0
2024-01-07,S033,household,C8031,free_delivery,0.328,0
2024-01-14,S033,household,C9143,coupon,0.25,0
2024-01-16,S033,household,C6180,bundle,0.096,1
2024-02-23,S033,household,C9825,bundle,0.192,0
2024-03-07,S033,household,C1577,coupon,0.183,0
2024-03-23,S033,household,C3269,discount,0.14,0
2024-03-31,S033,household,C9190,discount,0.22,0
2024-04-15,S033,household,C2732,discount,0.177,1
2024-04-24,S033,household,C9426,discount,0.195,1
2024-05-11,S033,household,C2849,discount,0.207,0
2024-05-17,S033,household,C4510,discount,0.138,1
2024-05-24,S033,household,C6561,discount,0.292,0
2024-06-13,S033,household,C8639,coupon,0.116,0
2024-07-06,S033,household,C2465,discount,0.221,0
2024-07-12,S033,household,C6826,discount,0.21,1
2024-07-17,S033,household,C5663,discount,0.127,0
2024-08-03,S033,household,C8439,free_delivery,0.063,0
2024-08-06,S033,household,C8751,coupon,0.058,1
2024-08-07,S033,household,C4661,bundle,0.171,0
2024-08-10,S033,household,C1292,coupon,0.316,0
2024-11-13,S033,household,C1009,coupon,0.057,0
2024-12-01,S033,household,C1393,coupon,0.27,0
2025-01-21,S033,household,C3603,discount,0.194,0
2024-01-01,S033,ready_to_eat,C3723,free_delivery,0.184,1
2024-01-07,S033,ready_to_eat,C1297,coupon,0.05,0
2024-02-02,S033,ready_to_eat,C2884,discount,0.129,1
2024-02-17,S033,ready_to_eat,C5752,bundle,0.25,0
2024-02-23,S033,ready_to_eat,C4656,discount,0.05,0
2024-03-04,S033,ready_to_eat,C1844,coupon,0.195,0
2024-03-07,S033,ready_to_eat,C3420,bundle,0.1,0
2024-03-24,S033,ready_to_eat,C3264,coupon,0.155,1
2024-03-26,S033,ready_to_eat,C3864,discount,0.319,1
2024-04-04,S033,ready_to_eat,C4712,discount,0.302,0
2024-04-16,S033,ready_to_eat,C8841,discount,0.146,0
2024-04-20,S033,ready_to_eat,C6085,coupon,0.211,0
2024-05-01,S033,ready_to_eat,C9107,coupon,0.256,1
2024-05-15,S033,ready_to_eat,C9898,coupon,0.22,1
2024-05-17,S033,ready_to_eat,C7986,bundle,0.137,1
2024-06-13,S033,ready_to_eat,C6511,coupon,0.213,0
2024-06-19,S033,ready_to_eat,C9677,discount,0.189,0
2024-06-28,S033,ready_to_eat,C1298,coupon,0.243,0
2024-06-29,S033,ready_to_eat,C6901,discount,0.132,1
2024-07-20,S033,ready_to_eat,C3416,discount,0.238,0
2024-07-21,S033,ready_to_eat,C2196,discount,0.103,0
2024-08-01,S033,ready_to_eat,C4465,coupon,0.174,0
2024-08-25,S033,ready_to_eat,C7114,bundle,0.22,0
2024-08-28,S033,ready_to_eat,C9289,discount,0.083,0
2024-09-02,S033,ready_to_eat,C1468,discount,0.233,0
2024-09-04,S033,ready_to_eat,C1320,discount,0.12,1
2024-09-16,S033,ready_to_eat,C3727,discount,0.211,1
2024-09-21,S033,ready_to_eat,C7657,discount,0.201,1
2024-10-06,S033,ready_to_eat,C7983,discount,0.05,1
2024-10-17,S033,ready_to_eat,C6412,discount,0.07,1
2024-10-21,S033,ready_to_eat,C8689,coupon,0.18,1
2024-10-26,S033,ready_to_eat,C7426,coupon,0.306,0
2024-11-09,S033,ready_to_eat,C3408,free_delivery,0.11,0
2024-11-16,S033,ready_to_eat,C6626,free_delivery,0.157,0
2024-11-20,S033,ready_to_eat,C4342,discount,0.118,0
2024-11-23,S033,ready_to_eat,C3867,bundle,0.225,0
2024-11-24,S033,ready_to_eat,C6129,discount,0.05,0
2024-12-01,S033,ready_to_eat,C5366,discount,0.146,0
2024-12-19,S033,ready_to_eat,C1789,free_delivery,0.153,0
2024-12-21,S033,ready_to_eat,C9831,coupon,0.276,1
2025-01-05,S033,ready_to_eat,C3859,free_delivery,0.086,0
2025-01-08,S033,ready_to_eat,C7476,bundle,0.146,1
2025-01-18,S033,ready_to_eat,C9207,discount,0.256,0
2025-01-22,S033,ready_to_eat,C9697,coupon,0.171,0
2025-01-23,S033,ready_to_eat,C8264,discount,0.179,0
2025-01-27,S033,ready_to_eat,C3853,bundle,0.218,1
2024-01-11,S033,personal_care,C5726,coupon,0.375,1
2024-01-17,S033,personal_care,C1801,coupon,0.137,0
2024-01-24,S033,personal_care,C6527,free_delivery,0.05,1
2024-02-01,S033,personal_care,C1222,coupon,0.115,0
2024-02-22,S033,personal_care,C8642,discount,0.09,1
2024-03-05,S033,personal_care,C2275,discount,0.135,1
2024-03-09,S033,personal_care,C5663,coupon,0.247,0
2024-03-10,S033,personal_care,C4477,discount,0.093,0
2024-03-23,S033,personal_care,C8018,coupon,0.223,1
2024-03-24,S033,personal_care,C5259,coupon,0.207,1
2024-04-14,S033,personal_care,C4829,discount,0.273,0
2024-04-20,S033,personal_care,C6546,coupon,0.263,0
2024-04-22,S033,personal_care,C6674,free_delivery,0.248,0
2024-04-27,S033,personal_care,C4156,bundle,0.168,1
2024-04-29,S033,personal_care,C6469,free_delivery,0.066,1
2024-05-03,S033,personal_care,C2950,bundle,0.184,0
2024-05-12,S033,personal_care,C6749,bundle,0.126,1
2024-05-19,S033,personal_care,C5131,discount,0.229,1
2024-05-20,S033,personal_care,C4933,discount,0.14,0
2024-05-26,S033,personal_care,C5796,discount,0.122,0
2024-05-28,S033,personal_care,C1592,discount,0.138,0
2024-06-01,S033,personal_care,C5207,free_delivery,0.168,0
2024-07-20,S033,personal_care,C5822,discount,0.163,1
2024-07-23,S033,personal_care,C5412,coupon,0.105,0
2024-08-02,S033,personal_care,C3056,bundle,0.174,0
2024-08-03,S033,personal_care,C3701,free_delivery,0.188,0
2024-08-10,S033,personal_care,C5395,coupon,0.079,1
2024-08-22,S033,personal_care,C1158,bundle,0.182,0
2024-09-16,S033,personal_care,C6376,bundle,0.1,0
2024-10-04,S033,personal_care,C9267,bundle,0.232,1
2024-10-11,S033,personal_care,C6063,free_delivery,0.282,1
2024-10-16,S033,personal_care,C1946,bundle,0.237,0
2024-10-17,S033,personal_care,C3723,coupon,0.181,0
2024-10-19,S033,personal_care,C1111,coupon,0.233,1
2024-11-15,S033,personal_care,C6973,coupon,0.193,0
2024-11-30,S033,personal_care,C9576,free_delivery,0.189,1
2025-01-07,S033,personal_care,C5202,discount,0.088,0
2025-01-08,S033,personal_care,C9163,discount,0.069,0
2025-01-12,S033,personal_care,C2544,coupon,0.216,0
2025-01-16,S033,personal_care,C3576,coupon,0.055,1
2025-01-22,S033,personal_care,C3544,discount,0.157,1
2024-01-01,S034,beverages,C8050,free_delivery,0.215,0
2024-01-06,S034,beverages,C7358,coupon,0.226,1
2024-01-07,S034,beverages,C1173,discount,0.172,1
2024-01-13,S034,beverages,C7235,coupon,0.123,1
2024-01-15,S034,beverages,C9474,discount,0.202,0
2024-01-18,S034,beverages,C5936,discount,0.248,1
2024-01-19,S034,beverages,C1654,bundle,0.222,0
2024-01-21,S034,beverages,C6375,discount,0.142,0
2024-01-24,S034,beverages,C3557,coupon,0.201,0
2024-01-27,S034,beverages,C8765,coupon,0.121,1
2024-02-04,S034,beverages,C7902,discount,0.238,1
2024-02-22,S034,beverages,C7420,coupon,0.1,0
2024-02-23,S034,beverages,C4560,discount,0.287,0
2024-02-25,S034,beverages,C4322,coupon,0.161,0
2024-02-28,S034,beverages,C4709,discount,0.258,1
2024-03-02,S034,beverages,C4593,discount,0.152,0
2024-03-03,S034,beverages,C5842,free_delivery,0.164,0
2024-03-07,S034,beverages,C1284,discount,0.247,1
2024-03-09,S034,beverages,C7992,discount,0.292,1
2024-03-25,S034,beverages,C7269,free_delivery,0.131,1
2024-03-27,S034,beverages,C7742,discount,0.05,0
2024-04-01,S034,beverages,C5662,discount,0.201,0
2024-04-13,S034,beverages,C6682,coupon,0.174,0
2024-04-14,S034,beverages,C3543,discount,0.134,0
2024-04-24,S034,beverages,C7246,coupon,0.24,1
2024-04-28,S034,beverages,C5272,coupon,0.178,0
2024-05-08,S034,beverages,C1929,discount,0.276,0
2024-05-10,S034,beverages,C2161,coupon,0.072,0
2024-05-11,S034,beverages,C9844,bundle,0.294,0
2024-05-12,S034,beverages,C6610,discount,0.229,0
2024-05-14,S034,beverages,C5011,bundle,0.138,0
2024-05-15,S034,beverages,C7539,free_delivery,0.191,0
2024-05-22,S034,beverages,C3981,bundle,0.244,1
2024-05-27,S034,beverages,C6461,discount,0.159,1
2024-05-28,S034,beverages,C9986,discount,0.151,0
2024-06-02,S034,beverages,C5864,coupon,0.31,0
2024-06-06,S034,beverages,C4691,discount,0.3,0
2024-06-11,S034,beverages,C2608,bundle,0.12,1
2024-06-14,S034,beverages,C5241,discount,0.264,0
2024-06-24,S034,beverages,C5283,discount,0.126,0
2024-07-05,S034,beverages,C8165,discount,0.126,0
2024-07-08,S034,beverages,C4715,coupon,0.144,0
2024-07-11,S034,beverages,C9971,discount,0.17,1
2024-07-21,S034,beverages,C2366,discount,0.128,1
2024-07-27,S034,beverages,C6020,discount,0.174,0
2024-07-30,S034,beverages,C7558,coupon,0.197,1
2024-08-07,S034,beverages,C7508,bundle,0.202,1
2024-08-19,S034,beverages,C6617,free_delivery,0.177,1
2024-08-24,S034,beverages,C6836,coupon,0.266,0
2024-08-25,S034,beverages,C1121,bundle,0.224,0
2024-09-19,S034,beverages,C1369,discount,0.223,0
2024-09-25,S034,beverages,C2293,free_delivery,0.05,0
2024-10-05,S034,beverages,C8556,discount,0.276,0
2024-10-09,S034,beverages,C8088,free_delivery,0.194,0
2024-10-20,S034,beverages,C7958,free_delivery,0.194,0
2024-10-22,S034,beverages,C1400,discount,0.221,0
2024-11-04,S034,beverages,C4629,bundle,0.195,1
2024-11-11,S034,beverages,C8946,coupon,0.335,0
2024-11-16,S034,beverages,C8168,free_delivery,0.106,0
2024-11-17,S034,beverages,C9427,discount,0.161,0
2024-12-01,S034,beverages,C6490,coupon,0.096,0
2024-12-09,S034,beverages,C9210,discount,0.163,0
2024-12-27,S034,beverages,C2854,discount,0.137,0
2025-01-04,S034,beverages,C5177,coupon,0.233,0
2025-01-08,S034,beverages,C8892,discount,0.16,1
2025-01-10,S034,beverages,C3683,bundle,0.369,1
2025-01-15,S034,beverages,C6014,coupon,0.196,0
2025-01-24,S034,beverages,C9523,free_delivery,0.095,0
2025-01-27,S034,beverages,C7929,coupon,0.154,0
2024-01-28,S034,snacks,C2338,bundle,0.234,1
2024-02-03,S034,snacks,C9284,free_delivery,0.122,0
2024-02-08,S034,snacks,C9090,free_delivery,0.2,1
2024-02-18,S034,snacks,C8115,discount,0.154,0
2024-02-21,S034,snacks,C3651,discount,0.228,1
2024-02-27,S034,snacks,C5309,discount,0.144,1
2024-02-28,S034,snacks,C1909,coupon,0.283,0
2024-03-01,S034,snacks,C1218,bundle,0.206,0
2024-03-04,S034,snacks,C8602,discount,0.105,0
2024-03-06,S034,snacks,C1050,coupon,0.256,1
2024-03-09,S034,snacks,C1873,discount,0.187,0
2024-03-11,S034,snacks,C2731,discount,0.228,1
2024-03-17,S034,snacks,C4335,discount,0.262,0
2024-03-28,S034,snacks,C1145,bundle,0.3,0
2024-04-04,S034,snacks,C9140,discount,0.254,0
2024-04-22,S034,snacks,C4369,free_delivery,0.28,0
2024-04-23,S034,snacks,C1460,coupon,0.119,1
2024-05-12,S034,snacks,C9025,coupon,0.194,1
2024-05-21,S034,snacks,C7225,bundle,0.176,0
2024-06-07,S034,snacks,C3946,discount,0.111,1
2024-06-09,S034,snacks,C5696,coupon,0.213,1
2024-06-23,S034,snacks,C7367,free_delivery,0.173,0
2024-06-30,S034,snacks,C4816,discount,0.309,0
2024-07-03,S034,snacks,C2711,discount,0.084,0
2024-07-06,S034,snacks,C7292,coupon,0.288,1
2024-07-10,S034,snacks,C9031,discount,0.394,0
2024-07-17,S034,snacks,C7764,coupon,0.277,1
2024-07-18,S034,snacks,C8589,coupon,0.188,1
2024-07-21,S034,snacks,C7474,coupon,0.342,0
2024-07-23,S034,snacks,C8749,coupon,0.252,0
2024-07-25,S034,snacks,C4106,discount,0.231,1
2024-08-10,S034,snacks,C3459,discount,0.066,0
2024-08-11,S034,snacks,C9161,discount,0.186,0
2024-08-18,S034,snacks,C9614,coupon,0.149,0
2024-08-29,S034,snacks,C6917,bundle,0.293,0
2024-09-04,S034,snacks,C2140,discount,0.262,0
2024-09-12,S034,snacks,C4014,discount,0.091,0
2024-09-19,S034,snacks,C9958,discount,0.207,1
2024-09-29,S034,snacks,C1996,discount,0.221,1
2024-10-08,S034,snacks,C8892,coupon,0.18,0
2024-10-12,S034,snacks,C5132,coupon,0.275,0
2024-10-13,S034,snacks,C6338,bundle,0.168,0
2024-11-10,S034,snacks,C7368,coupon,0.059,0
2024-11-27,S034,snacks,C2269,discount,0.184,0
2024-11-28,S034,snacks,C9398,discount,0.275,1
2024-12-07,S034,snacks,C6645,coupon,0.05,0
2024-12-13,S034,snacks,C6849,coupon,0.121,0
2025-01-01,S034,snacks,C7127,discount,0.17,0
2025-01-18,S034,snacks,C1224,discount,0.056,0
2025-01-19,S034,snacks,C8611,coupon,0.081,0
2024-02-03,S034,fresh,C7387,discount,0.258,0
2024-02-23,S034,fresh,C3641,discount,0.218,1
2024-02-25,S034,fresh,C9837,discount,0.232,1
2024-03-21,S034,fresh,C4636,coupon,0.227,0
2024-03-23,S034,fresh,C2107,bundle,0.163,0
2024-03-31,S034,fresh,C1723,discount,0.227,0
2024-04-07,S034,fresh,C8911,coupon,0.158,0
2024-06-08,S034,fresh,C3345,discount,0.108,1
2024-06-15,S034,fresh,C6872,discount,0.18,0
2024-06-22,S034,fresh,C6991,discount,0.264,0
2024-07-05,S034,fresh,C3191,free_delivery,0.283,1
2024-07-08,S034,fresh,C7306,discount,0.182,1
2024-07-13,S034,fresh,C6452,coupon,0.136,1
2024-07-21,S034,fresh,C1793,bundle,0.05,0
2024-08-19,S034,fresh,C3351,coupon,0.124,0
2024-08-21,S034,fresh,C1482,discount,0.112,0
2024-08-24,S034,fresh,C1998,discount,0.349,1
2024-09-08,S034,fresh,C1753,free_delivery,0.067,0
2024-09-18,S034,fresh,C3946,coupon,0.169,1
2024-09-19,S034,fresh,C2309,discount,0.205,0
2024-09-25,S034,fresh,C9253,discount,0.112,0
2024-10-05,S034,fresh,C9385,coupon,0.112,0
2024-10-06,S034,fresh,C4239,free_delivery,0.185,1
2024-11-07,S034,fresh,C2927,bundle,0.201,1
2024-11-10,S034,fresh,C9473,coupon,0.202,0
2024-11-20,S034,fresh,C4969,discount,0.208,1
2024-11-27,S034,fresh,C5167,discount,0.33,1
2024-11-28,S034,fresh,C1954,coupon,0.211,0
2024-11-29,S034,fresh,C3530,coupon,0.158,0
2024-12-01,S034,fresh,C5737,bundle,0.165,0
2024-12-02,S034,fresh,C5704,discount,0.185,0
2024-12-05,S034,fresh,C1619,bundle,0.196,1
2024-12-07,S034,fresh,C4670,coupon,0.1,0
2024-01-06,S034,household,C6637,coupon,-0.1,0
2024-01-11,S034,household,C7170,discount,0.118,1
2024-01-30,S034,household,C1835,bundle,0.229,0
2024-02-22,S034,household,C7607,bundle,0.138,1
2024-04-17,S034,household,C1722,coupon,0.207,1
2024-04-21,S034,household,C1276,discount,0.204,0
2024-05-07,S034,household,C7949,free_delivery,0.086,0
2024-05-08,S034,household,C6319,coupon,0.058,1
2024-05-26,S034,household,C5100,discount,0.125,1
2024-05-30,S034,household,C4898,discount,0.166,0
2024-07-06,S034,household,C1542,bundle,0.145,0
2024-07-25,S034,household,C1827,discount,0.131,0
2024-08-01,S034,household,C3890,bundle,0.301,0
2024-09-05,S034,household,C1377,free_delivery,0.225,0
2024-09-11,S034,household,C3607,discount,0.181,1
2024-09-15,S034,household,C3745,coupon,0.227,0
2024-10-09,S034,household,C3207,discount,0.214,1
2024-10-10,S034,household,C3579,discount,0.227,0
2024-10-12,S034,household,C8787,coupon,0.143,0
2024-10-17,S034,household,C5321,discount,0.176,1
2024-10-25,S034,household,C2668,coupon,0.201,0
2024-11-01,S034,household,C3564,coupon,0.173,0
2024-11-02,S034,household,C8430,free_delivery,0.24,0
2024-11-10,S034,household,C2624,bundle,0.131,0
2024-11-14,S034,household,C3648,discount,0.221,1
2024-11-15,S034,household,C1665,bundle,0.198,0
2024-11-25,S034,household,C7471,free_delivery,0.057,0
2024-11-26,S034,household,C7573,discount,0.228,0
2024-12-01,S034,household,C9477,discount,0.263,1
2024-12-12,S034,household,C4277,free_delivery,0.159,1
2024-12-16,S034,household,C5947,discount,0.265,0
2024-12-24,S034,household,C3196,coupon,0.137,0
2024-12-27,S034,household,C2326,discount,0.068,1
2024-12-31,S034,household,C3760,coupon,0.301,1
2025-01-13,S034,household,C1727,free_delivery,0.061,0
2024-01-10,S034,ready_to_eat,C2803,discount,0.091,0
2024-01-28,S034,ready_to_eat,C4209,coupon,0.165,0
2024-02-03,S034,ready_to_eat,C5658,bundle,0.157,0
2024-02-12,S034,ready_to_eat,C2094,coupon,0.13,1
2024-03-09,S034,ready_to_eat,C5629,free_delivery,0.125,0
2024-03-10,S034,ready_to_eat,C6516,coupon,0.103,1
2024-03-23,S034,ready_to_eat,C9730,coupon,0.192,1
2024-04-14,S034,ready_to_eat,C3465,bundle,0.284,1
2024-04-22,S034,ready_to_eat,C2307,discount,0.105,1
2024-04-29,S034,ready_to_eat,C9433,bundle,0.13,1
2024-05-01,S034,ready_to_eat,C2598,bundle,0.05,1
2024-05-25,S034,ready_to_eat,C5123,discount,0.151,0
2024-06-02,S034,ready_to_eat,C5510,coupon,0.203,0
2024-06-09,S034,ready_to_eat,C3857,coupon,0.205,0
2024-06-10,S034,ready_to_eat,C5907,discount,0.291,1
2024-06-11,S034,ready_to_eat,C1303,discount,0.214,0
2024-06-15,S034,ready_to_eat,C2563,coupon,0.204,0
2024-06-20,S034,ready_to_eat,C7500,coupon,0.274,0
2024-07-11,S034,ready_to_eat,C6169,coupon,0.314,0
2024-07-18,S034,ready_to_eat,C1609,coupon,0.08,0
2024-07-19,S034,ready_to_eat,C5870,discount,0.22,1
2024-08-07,S034,ready_to_eat,C6107,bundle,0.253,1
2024-08-10,S034,ready_to_eat,C4820,discount,0.18,0
2024-09-08,S034,ready_to_eat,C2047,free_delivery,0.05,0
2024-09-13,S034,ready_to_eat,C7317,bundle,0.217,1
2024-09-15,S034,ready_to_eat,C1822,coupon,0.2,1
2024-10-03,S034,ready_to_eat,C8543,discount,0.148,0
2024-10-17,S034,ready_to_eat,C6329,coupon,0.219,0
2024-10-24,S034,ready_to_eat,C8437,coupon,0.118,1
2024-11-03,S034,ready_to_eat,C1958,discount,0.133,0
2024-11-11,S034,ready_to_eat,C1340,free_delivery,0.187,1
2024-11-17,S034,ready_to_eat,C3663,discount,0.116,0
2024-12-07,S034,ready_to_eat,C1652,discount,0.054,0
2024-12-09,S034,ready_to_eat,C8872,discount,0.05,0
2024-12-11,S034,ready_to_eat,C2812,discount,0.157,0
2024-12-12,S034,ready_to_eat,C2353,coupon,0.303,0
2024-12-19,S034,ready_to_eat,C6737,coupon,0.116,0
2025-01-09,S034,ready_to_eat,C9374,discount,0.268,1
2025-01-23,S034,ready_to_eat,C6396,coupon,0.179,1
2025-01-25,S034,ready_to_eat,C7607,discount,0.05,0
2024-01-01,S034,personal_care,C1170,discount,0.164,1
2024-01-08,S034,personal_care,C6069,bundle,0.177,1
2024-01-12,S034,personal_care,C2824,coupon,1.2,1
2024-01-17,S034,personal_care,C6831,free_delivery,0.216,1
2024-01-29,S034,personal_care,C7963,coupon,0.171,1
2024-01-31,S034,personal_care,C9396,coupon,0.178,0
2024-02-08,S034,personal_care,C8148,coupon,0.224,1
2024-02-15,S034,personal_care,C5536,coupon,0.264,0
2024-02-22,S034,personal_care,C7274,discount,0.05,1
2024-03-31,S034,personal_care,C3537,coupon,0.246,0
2024-04-02,S034,personal_care,C1567,discount,0.139,0
2024-04-06,S034,personal_care,C3675,bundle,0.173,0
2024-04-07,S034,personal_care,C4593,discount,0.185,0
2024-04-14,S034,personal_care,C1685,discount,0.244,0
2024-04-15,S034,personal_care,C8473,coupon,0.14,0
2024-04-25,S034,personal_care,C2609,discount,0.16,0
2024-04-30,S034,personal_care,C9212,discount,0.208,0
2024-05-27,S034,personal_care,C8246,coupon,0.282,0
2024-05-31,S034,personal_care,C4921,discount,0.297,0
2024-06-21,S034,personal_care,C6150,bundle,0.077,0
2024-07-05,S034,personal_care,C2395,discount,0.224,0
2024-07-11,S034,personal_care,C8654,discount,0.203,1
2024-07-14,S034,personal_care,C5891,bundle,0.219,0
2024-07-21,S034,personal_care,C1735,discount,0.273,0
2024-07-28,S034,personal_care,C7561,discount,0.157,0
2024-08-04,S034,personal_care,C5070,coupon,0.165,0
2024-08-29,S034,personal_care,C1535,discount,0.313,1
2024-08-31,S034,personal_care,C5528,discount,0.16,0
2024-09-03,S034,personal_care,C5708,coupon,0.139,1
2024-09-14,S034,personal_care,C5495,bundle,0.162,0
2024-09-25,S034,personal_care,C9064,free_delivery,0.207,0
2024-09-29,S034,personal_care,C4904,discount,0.177,0
2024-10-09,S034,personal_care,C2660,discount,0.073,0
2024-10-14,S034,personal_care,C4523,free_delivery,0.153,1
2024-11-19,S034,personal_care,C9696,discount,0.222,1
2024-11-23,S034,personal_care,C4299,free_delivery,0.244,1
2024-11-24,S034,personal_care,C4152,coupon,0.341,1
2024-12-08,S034,personal_care,C8361,discount,0.103,0
2024-12-29,S034,personal_care,C9002,free_delivery,0.22,0
2025-01-07,S034,personal_care,C1479,free_delivery,0.096,0
2025-01-09,S034,personal_care,C3563,discount,0.281,0
2025-01-12,S034,personal_care,C1487,free_delivery,0.161,0
2025-01-18,S034,personal_care,C6010,free_delivery,0.125,0
2024-01-01,S035,beverages,C7503,free_delivery,0.196,0
2024-01-04,S035,beverages,C4104,discount,0.091,0
2024-01-10,S035,beverages,C6064,coupon,0.129,0
2024-02-10,S035,beverages,C8306,discount,0.254,0
2024-02-24,S035,beverages,C2239,discount,0.05,1
2024-03-07,S035,beverages,C6570,discount,0.168,1
2024-03-10,S035,beverages,C9764,discount,0.174,1
2024-03-31,S035,beverages,C3302,coupon,0.093,0
2024-04-06,S035,beverages,C5470,discount,0.076,0
2024-04-24,S035,beverages,C6817,coupon,0.284,1
2024-05-01,S035,beverages,C6586,discount,0.208,1
2024-05-06,S035,beverages,C8410,free_delivery,0.05,0
2024-05-11,S035,beverages,C6091,discount,0.126,0
2024-05-22,S035,beverages,C1769,discount,0.126,1
2024-05-31,S035,beverages,C8174,coupon,0.164,0
2024-06-01,S035,beverages,C2198,discount,0.207,0
2024-06-06,S035,beverages,C3333,discount,0.227,0
2024-06-14,S035,beverages,C8795,discount,0.198,0
2024-07-10,S035,beverages,C4826,free_delivery,0.155,0
2024-07-19,S035,beverages,C8717,bundle,0.198,0
2024-07-27,S035,beverages,C4158,bundle,0.247,0
2024-08-02,S035,beverages,C7910,discount,0.19,0
2024-08-05,S035,beverages,C2105,bundle,0.372,0
2024-08-19,S035,beverages,C5515,discount,0.056,1
2024-08-21,S035,beverages,C5940,bundle,0.172,0
2024-09-21,S035,beverages,C6318,discount,0.366,1
2024-09-22,S035,beverages,C1340,discount,0.104,1
2024-09-26,S035,beverages,C8032,discount,0.132,0
2024-09-29,S035,beverages,C9060,coupon,0.303,1
2024-10-04,S035,beverages,C4220,coupon,0.124,1
2024-10-07,S035,beverages,C9573,coupon,0.226,1
2024-10-08,S035,beverages,C7087,discount,0.158,0
2024-10-17,S035,beverages,C1556,discount,0.204,1
2024-10-30,S035,beverages,C6159,bundle,0.228,0
2024-11-05,S035,beverages,C2938,discount,0.18,0
2024-11-10,S035,beverages,C8880,discount,0.071,1
2024-11-21,S035,beverages,C4043,bundle,0.185,0
2024-11-27,S035,beverages,C7148,discount,0.177,1
2024-11-28,S035,beverages,C4262,discount,0.212,1
2024-12-01,S035,beverages,C1829,coupon,0.154,1
2024-12-05,S035,beverages,C3118,bundle,0.222,0
2024-12-11,S035,beverages,C3500,discount,0.22,0
2024-12-18,S035,beverages,C4392,free_delivery,0.232,1
2024-12-25,S035,beverages,C2722,free_delivery,0.177,1
2024-12-28,S035,beverages,C7603,discount,0.129,0
2024-12-30,S035,beverages,C3031,discount,0.169,0
2025-01-01,S035,beverages,C3261,discount,0.06,0
2025-01-03,S035,beverages,C6842,discount,0.183,0
2025-01-05,S035,beverages,C2867,discount,0.151,0
2025-01-11,S035,beverages,C3965,bundle,0.254,0
2025-01-16,S035,beverages,C8190,discount,0.191,1
2025-01-23,S035,beverages,C3901,coupon,0.28,0
2025-01-24,S035,beverages,C2399,discount,0.146,1
2024-01-01,S035,snacks,C2967,free_delivery,0.208,0
2024-01-04,S035,snacks,C4863,discount,0.118,0
2024-01-18,S035,snacks,C9431,bundle,0.141,1
2024-01-27,S035,snacks,C4165,coupon,0.147,1
2024-02-09,S035,snacks,C8231,discount,0.136,1
2024-02-14,S035,snacks,C3651,coupon,0.173,0
2024-03-24,S035,snacks,C6549,discount,0.137,0
2024-04-13,S035,snacks,C7603,discount,0.118,1
2024-04-20,S035,snacks,C6901,discount,0.189,1
2024-05-10,S035,snacks,C7588,discount,0.182,0
2024-05-14,S035,snacks,C7206,free_delivery,0.146,0
2024-05-20,S035,snacks,C5001,bundle,0.281,0
2024-05-31,S035,snacks,C4818,discount,0.206,1
2024-06-13,S035,snacks,C4551,coupon,0.207,0
2024-06-28,S035,snacks,C4449,discount,0.127,0
2024-06-29,S035,snacks,C2105,discount,0.211,0
2024-06-30,S035,snacks,C9828,coupon,0.129,1
2024-07-04,S035,snacks,C4040,bundle,0.217,0
2024-07-05,S035,snacks,C9702,discount,0.163,0
2024-07-08,S035,snacks,C8910,coupon,0.2,1
2024-07-13,S035,snacks,C5824,discount,0.195,1
2024-07-27,S035,snacks,C7626,discount,0.111,0
2024-07-28,S035,snacks,C6608,discount,0.192,1
2024-07-29,S035,snacks,C1666,coupon,0.229,0
2024-07-30,S035,snacks,C6497,free_delivery,0.136,1
2024-08-04,S035,snacks,C1231,bundle,0.268,1
2024-08-11,S035,snacks,C4603,free_delivery,0.239,0
2024-08-17,S035,snacks,C2225,discount,0.145,1
2024-08-22,S035,snacks,C7606,bundle,0.256,0
2024-08-26,S035,snacks,C5884,discount,0.246,1
2024-08-30,S035,snacks,C6782,coupon,0.147,0
2024-09-19,S035,snacks,C2222,coupon,0.244,1
2024-09-25,S035,snacks,C4073,coupon,0.101,0
2024-10-03,S035,snacks,C1624,discount,0.227,1
2024-10-06,S035,snacks,C5722,discount,0.119,0
2024-10-10,S035,snacks,C8895,bundle,0.154,1
2024-10-17,S035,snacks,C3820,free_delivery,0.149,1
2024-10-28,S035,snacks,C3545,coupon,0.143,1
2024-11-07,S035,snacks,C1313,coupon,0.208,1
2024-11-11,S035,snacks,C5282,bundle,0.155,1
2024-12-12,S035,snacks,C7359,coupon,0.164,1
2024-12-25,S035,snacks,C2497,discount,0.237,0
2024-12-31,S035,snacks,C8920,coupon,0.169,0
2025-01-03,S035,snacks,C8917,discount,0.095,0
2025-01-08,S035,snacks,C3301,discount,0.158,1
2025-01-16,S035,snacks,C4342,free_delivery,0.138,1
2024-01-02,S035,fresh,C4568,free_delivery,0.164,1
2024-01-27,S035,fresh,C7639,bundle,0.13,0
2024-02-24,S035,fresh,C9434,free_delivery,0.128,0
2024-03-06,S035,fresh,C9856,free_delivery,0.21,0
2024-03-18,S035,fresh,C1643,discount,0.195,0
2024-03-26,S035,fresh,C7478,discount,0.238,0
2024-03-31,S035,fresh,C6058,discount,0.16,0
2024-04-07,S035,fresh,C9430,discount,0.203,0
2024-04-13,S035,fresh,C3785,discount,0.193,0
2024-04-20,S035,fresh,C9497,coupon,0.14,1
2024-04-21,S035,fresh,C5781,discount,0.252,0
2024-05-01,S035,fresh,C1970,coupon,0.205,1
2024-05-04,S035,fresh,C9904,discount,0.05,0
2024-06-02,S035,fresh,C6391,free_delivery,0.288,0
2024-06-13,S035,fresh,C8620,discount,0.227,0
2024-06-21,S035,fresh,C3256,coupon,0.13,0
2024-06-25,S035,fresh,C6370,discount,0.142,1
2024-07-16,S035,fresh,C2346,discount,0.128,1
2024-07-17,S035,fresh,C6320,discount,0.131,1
2024-08-03,S035,fresh,C1947,bundle,0.126,0
2024-08-08,S035,fresh,C8890,discount,0.312,0
2024-08-22,S035,fresh,C5664,discount,0.2,1
2024-08-25,S035,fresh,C2995,discount,0.136,1
2024-08-29,S035,fresh,C2398,free_delivery,0.276,1
2024-09-07,S035,fresh,C4715,coupon,0.077,0
2024-09-10,S035,fresh,C8174,coupon,0.286,1
2024-09-15,S035,fresh,C3663,coupon,0.167,1
2024-09-19,S035,fresh,C2803,coupon,0.148,0
2024-09-22,S035,fresh,C5770,discount,0.225,1
2024-10-04,S035,fresh,C5740,discount,0.164,1
2024-10-17,S035,fresh,C9398,discount,0.1,0
2024-12-04,S035,fresh,C4663,coupon,0.135,0
2024-12-06,S035,fresh,C4279,free_delivery,0.173,1
2024-12-22,S035,fresh,C1358,coupon,0.096,0
2024-12-27,S035,fresh,C5199,coupon,0.168,0
2024-12-31,S035,fresh,C4297,coupon,0.184,1
2024-02-05,S035,household,C1056,discount,0.251,1
2024-02-19,S035,household,C1352,coupon,0.155,1
2024-03-19,S035,household,C8477,bundle,0.313,0
2024-03-31,S035,household,C6375,discount,0.101,0
2024-04-27,S035,household,C5519,coupon,0.162,0
2024-05-03,S035,household,C9905,discount,0.269,1
2024-05-05,S035,household,C5289,coupon,0.185,0
2024-05-19,S035,household,C3373,discount,0.295,0
2024-06-01,S035,household,C2196,free_delivery,0.169,0
2024-06-15,S035,household,C4201,discount,0.139,1
2024-06-30,S035,household,C1145,discount,0.09,0
2024-07-08,S035,household,C9476,discount,0.167,0
2024-07-18,S035,household,C3686,coupon,0.279,0
2024-07-24,S035,household,C2004,discount,0.087,0
2024-08-09,S035,household,C9396,discount,0.214,0
2024-08-15,S035,household,C7881,free_delivery,0.188,1
2024-08-18,S035,household,C9746,bundle,0.162,0
2024-08-19,S035,household,C8324,coupon,0.075,1
2024-08-30,S035,household,C8991,bundle,0.083,1
2024-09-08,S035,household,C1575,discount,0.307,0
2024-10-03,S035,household,C3379,free_delivery,0.324,1
2024-10-11,S035,household,C7843,coupon,0.127,1
2024-10-23,S035,household,C9671,discount,0.162,0
2024-12-11,S035,household,C9575,bundle,0.222,1
2024-12-17,S035,household,C6407,discount,0.194,0
2025-01-02,S035,household,C4481,coupon,0.296,1
2025-01-25,S035,household,C4716,coupon,0.251,0
2024-01-03,S035,ready_to_eat,C1910,discount,0.179,0
2024-01-04,S035,ready_to_eat,C8378,bundle,0.239,0
2024-01-11,S035,ready_to_eat,C2863,discount,0.132,1
2024-01-19,S035,ready_to_eat,C3062,free_delivery,0.176,0
2024-02-02,S035,ready_to_eat,C5676,discount,0.172,0
2024-02-10,S035,ready_to_eat,C7015,discount,0.148,1
2024-03-31,S035,ready_to_eat,C5565,bundle,0.188,1
2024-04-03,S035,ready_to_eat,C2138,discount,0.163,0
2024-04-20,S035,ready_to_eat,C8376,coupon,0.207,0
2024-04-21,S035,ready_to_eat,C5057,bundle,0.13,0
2024-04-22,S035,ready_to_eat,C8194,bundle,0.101,0
2024-04-26,S035,ready_to_eat,C3016,coupon,0.249,0
2024-05-06,S035,ready_to_eat,C9098,coupon,0.175,0
2024-05-23,S035,ready_to_eat,C4781,discount,0.239,0
2024-05-27,S035,ready_to_eat,C6341,free_delivery,0.143,1
2024-06-13,S035,ready_to_eat,C8253,discount,0.05,1
2024-06-30,S035,ready_to_eat,C3485,discount,0.254,0
2024-07-30,S035,ready_to_eat,C6544,discount,0.192,0
2024-08-21,S035,ready_to_eat,C1410,bundle,0.241,0
2024-08-22,S035,ready_to_eat,C4437,free_delivery,0.072,1
2024-08-24,S035,ready_to_eat,C2495,coupon,0.157,1
2024-08-31,S035,ready_to_eat,C2071,bundle,0.05,0
2024-09-04,S035,ready_to_eat,C8049,coupon,0.096,0
2024-09-20,S035,ready_to_eat,C3202,bundle,0.214,1
2024-09-21,S035,ready_to_eat,C6359,bundle,0.138,1
2024-09-25,S035,ready_to_eat,C1451,discount,0.088,1
2024-09-26,S035,ready_to_eat,C5218,discount,0.214,0
2024-09-29,S035,ready_to_eat,C4965,coupon,0.24,1
2024-10-16,S035,ready_to_eat,C8276,free_delivery,0.151,1
2024-10-24,S035,ready_to_eat,C2373,free_delivery,0.225,1
2024-10-31,S035,ready_to_eat,C1672,coupon,0.187,0
2024-11-05,S035,ready_to_eat,C4259,discount,0.196,1
2024-11-14,S035,ready_to_eat,C3354,coupon,0.248,1
2024-11-19,S035,ready_to_eat,C8424,free_delivery,0.109,0
2024-12-03,S035,ready_to_eat,C5275,free_delivery,0.095,1
2024-12-15,S035,ready_to_eat,C7854,free_delivery,0.174,0
2024-12-23,S035,ready_to_eat,C8811,discount,0.05,1
2024-12-25,S035,ready_to_eat,C9401,free_delivery,0.123,0
2024-12-28,S035,ready_to_eat,C4396,free_delivery,0.142,0
2025-01-04,S035,ready_to_eat,C1209,coupon,0.162,1
2025-01-14,S035,ready_to_eat,C1070,discount,0.158,1
2024-01-21,S035,personal_care,C4010,bundle,0.267,0
2024-01-24,S035,personal_care,C3394,discount,0.368,1
2024-01-27,S035,personal_care,C9558,bundle,0.202,0
2024-02-14,S035,personal_care,C4620,coupon,0.189,0
2024-02-17,S035,personal_care,C8283,discount,0.105,1
2024-02-18,S035,personal_care,C9978,bundle,0.235,0
2024-03-02,S035,personal_care,C5080,discount,0.158,0
2024-03-03,S035,personal_care,C6157,free_delivery,0.202,1
2024-03-08,S035,personal_care,C7978,bundle,0.08,1
2024-03-13,S035,personal_care,C1070,discount,0.101,1
2024-03-14,S035,personal_care,C5719,free_delivery,0.094,0
2024-03-17,S035,personal_care,C1144,discount,0.144,0
2024-04-09,S035,personal_care,C8889,discount,0.179,0
2024-04-11,S035,personal_care,C9965,discount,0.239,0
2024-04-24,S035,personal_care,C4815,bundle,0.282,0
2024-04-26,S035,personal_care,C2892,discount,0.221,0
2024-04-30,S035,personal_care,C9858,coupon,0.05,0
2024-05-15,S035,personal_care,C3748,bundle,0.152,0
2024-05-19,S035,personal_care,C2395,bundle,0.197,1
2024-05-28,S035,personal_care,C2601,bundle,0.282,0
2024-06-03,S035,personal_care,C2388,coupon,0.173,1
2024-06-04,S035,personal_care,C3238,coupon,0.229,0
2024-06-10,S035,personal_care,C1017,bundle,0.113,0
2024-07-01,S035,personal_care,C1619,discount,0.185,1
2024-07-06,S035,personal_care,C1295,discount,0.095,0
2024-07-10,S035,personal_care,C6976,free_delivery,0.167,0
2024-07-22,S035,personal_care,C5870,discount,0.191,1
2024-07-31,S035,personal_care,C2138,discount,0.164,0
2024-08-03,S035,personal_care,C2023,bundle,0.158,1
2024-08-20,S035,personal_care,C3251,discount,0.103,0
2024-09-09,S035,personal_care,C5192,coupon,0.241,1
2024-09-10,S035,personal_care,C7267,discount,0.05,0
2024-09-17,S035,personal_care,C6989,coupon,0.067,0
2024-10-04,S035,personal_care,C6206,coupon,0.171,1
2024-10-14,S035,personal_care,C9474,coupon,0.2,1
2024-11-16,S035,personal_care,C8606,free_delivery,0.05,1
2024-11-26,S035,personal_care,C5774,discount,0.212,0
2024-11-27,S035,personal_care,C7757,coupon,0.089,1
2024-11-28,S035,personal_care,C4925,discount,0.215,1
2024-12-02,S035,personal_care,C8253,discount,0.154,0
2024-12-03,S035,personal_care,C4965,discount,0.144,0
2024-12-11,S035,personal_care,C9155,discount,0.202,1
2024-12-14,S035,personal_care,C6070,coupon,0.286,0
2024-12-19,S035,personal_care,C2614,bundle,0.221,0
2024-12-22,S035,personal_care,C6932,discount,0.134,0
2024-12-26,S035,personal_care,C7931,coupon,0.215,0
2025-01-05,S035,personal_care,C3014,discount,0.089,0
2025-01-12,S035,personal_care,C2841,discount,0.283,0
2025-01-14,S035,personal_care,C8382,coupon,0.05,0
2024-01-02,S036,beverages,C4329,coupon,0.281,1
2024-01-03,S036,beverages,C6562,bundle,0.153,0
2024-01-04,S036,beverages,C9456,coupon,0.05,1
2024-01-14,S036,beverages,C7818,discount,0.128,1
2024-01-19,S036,beverages,C6157,discount,0.139,0
2024-01-21,S036,beverages,C1732,discount,0.193,1
2024-02-02,S036,beverages,C7814,coupon,0.15,0
2024-02-03,S036,beverages,C7395,bundle,0.245,0
2024-02-10,S036,beverages,C1474,coupon,0.15,1
2024-02-25,S036,beverages,C2353,free_delivery,0.128,0
2024-03-06,S036,beverages,C7006,free_delivery,0.26,1
2024-03-07,S036,beverages,C4323,free_delivery,0.106,1
2024-03-13,S036,beverages,C1770,bundle,0.066,1
2024-03-20,S036,beverages,C7203,coupon,0.062,1
2024-04-14,S036,beverages,C7203,coupon,0.25,0
2024-04-16,S036,beverages,C4629,discount,0.187,0
2024-04-19,S036,beverages,C7558,free_delivery,0.05,0
2024-04-26,S036,beverages,C2626,bundle,0.123,0
2024-05-07,S036,beverages,C6923,free_delivery,0.16,1
2024-05-09,S036,beverages,C8767,free_delivery,0.233,0
2024-05-20,S036,beverages,C6190,discount,0.179,1
2024-05-27,S036,beverages,C8072,free_delivery,0.159,0
2024-06-05,S036,beverages,C6988,bundle,0.117,1
2024-06-18,S036,beverages,C3841,discount,0.112,1
2024-06-21,S036,beverages,C5647,bundle,0.098,1
2024-06-30,S036,beverages,C6008,coupon,0.169,0
2024-07-02,S036,beverages,C8942,discount,0.233,0
2024-07-11,S036,beverages,C3798,discount,0.098,0
2024-08-15,S036,beverages,C3787,free_delivery,0.249,1
2024-09-14,S036,beverages,C3445,coupon,0.149,0
2024-09-16,S036,beverages,C8758,discount,0.238,1
2024-09-30,S036,beverages,C3986,bundle,0.162,0
2024-10-02,S036,beverages,C9694,free_delivery,0.202,1
2024-10-04,S036,beverages,C7559,coupon,0.174,1
2024-10-05,S036,beverages,C5449,coupon,0.184,1
2024-10-10,S036,beverages,C9847,bundle,0.123,1
2024-10-13,S036,beverages,C9310,coupon,0.269,1
2024-10-15,S036,beverages,C7803,discount,0.153,0
2024-10-16,S036,beverages,C3207,bundle,0.234,0
2024-10-22,S036,beverages,C2434,discount,0.16,0
2024-10-23,S036,beverages,C1681,bundle,0.213,0
2024-10-24,S036,beverages,C3155,free_delivery,0.072,0
2024-10-25,S036,beverages,C1936,discount,0.199,0
2024-10-27,S036,beverages,C5086,bundle,0.378,1
2024-11-07,S036,beverages,C7214,discount,0.149,1
2024-11-09,S036,beverages,C7862,coupon,0.161,0
2024-11-12,S036,beverages,C2063,coupon,0.109,0
2024-11-14,S036,beverages,C5455,free_delivery,0.271,0
2024-11-22,S036,beverages,C7627,coupon,0.183,1
2024-11-30,S036,beverages,C9886,coupon,0.129,0
2024-12-08,S036,beverages,C9833,free_delivery,0.224,0
2024-12-10,S036,beverages,C5593,discount,0.23,0
2024-12-24,S036,beverages,C7677,discount,0.242,0
2024-12-26,S036,beverages,C8269,discount,0.05,1
2024-12-27,S036,beverages,C1623,discount,0.278,0
2025-01-07,S036,beverages,C8259,discount,0.204,1
2025-01-09,S036,beverages,C4552,coupon,0.202,1
2025-01-19,S036,beverages,C5269,discount,0.146,1
2024-01-05,S036,snacks,C3913,bundle,0.174,0
2024-01-08,S036,snacks,C4262,coupon,0.164,0
2024-01-19,S036,snacks,C6184,bundle,0.222,1
2024-01-21,S036,snacks,C1148,discount,0.068,0
2024-01-22,S036,snacks,C3821,coupon,0.068,0
2024-02-03,S036,snacks,C4308,discount,0.157,0
2024-03-20,S036,snacks,C6090,bundle,0.107,0
2024-03-22,S036,snacks,C3488,free_delivery,0.157,0
2024-03-24,S036,snacks,C9107,coupon,0.199,0
2024-03-31,S036,snacks,C4570,coupon,0.186,1
2024-04-05,S036,snacks,C7945,free_delivery,0.071,1
2024-04-07,S036,snacks,C9072,coupon,0.106,1
2024-04-08,S036,snacks,C8279,free_delivery,0.145,0
2024-04-19,S036,snacks,C9033,free_delivery,0.153,0
2024-04-20,S036,snacks,C9366,discount,0.237,0
2024-04-25,S036,snacks,C1522,bundle,0.192,0
2024-04-26,S036,snacks,C5498,discount,0.138,0
2024-05-10,S036,snacks,C3428,coupon,0.07,0
2024-05-15,S036,snacks,C1961,bundle,0.199,1
2024-05-16,S036,snacks,C2704,coupon,0.177,1
2024-05-17,S036,snacks,C3498,discount,0.077,1
2024-05-18,S036,snacks,C5560,bundle,0.088,0
2024-05-26,S036,snacks,C8385,bundle,0.126,0
2024-06-11,S036,snacks,C1165,bundle,0.227,1
2024-06-25,S036,snacks,C4139,discount,0.05,1
2024-07-17,S036,snacks,C9279,bundle,0.191,0
2024-07-18,S036,snacks,C2277,discount,0.184,0
2024-07-21,S036,snacks,C5505,discount,0.208,0
2024-08-08,S036,snacks,C2868,discount,0.09,0
2024-08-12,S036,snacks,C6646,coupon,0.247,0
2024-08-20,S036,snacks,C7766,discount,0.291,0
2024-08-26,S036,snacks,C7572,coupon,0.113,1
2024-09-06,S036,snacks,C3066,discount,0.173,0
2024-09-11,S036,snacks,C4419,bundle,0.174,1
2024-09-15,S036,snacks,C1997,free_delivery,0.126,1
2024-09-29,S036,snacks,C4598,bundle,0.165,0
2024-10-08,S036,snacks,C2752,free_delivery,0.17,0
2024-10-11,S036,snacks,C2735,free_delivery,0.162,0
2024-10-16,S036,snacks,C7778,coupon,0.117,0
2024-10-17,S036,snacks,C9954,bundle,0.276,0
2024-10-26,S036,snacks,C1418,free_delivery,0.139,0
2024-10-31,S036,snacks,C1454,coupon,0.219,1
2024-11-04,S036,snacks,C3920,coupon,0.06,0
2024-11-18,S036,snacks,C7363,coupon,0.167,0
2024-11-19,S036,snacks,C7878,bundle,0.162,0
2024-11-27,S036,snacks,C7684,discount,0.205,0
2024-12-13,S036,snacks,C6858,coupon,0.069,0
2024-12-15,S036,snacks,C2584,discount,0.23,0
2024-12-30,S036,snacks,C5282,discount,0.112,0
2024-12-31,S036,snacks,C7652,free_delivery,0.176,0
2025-01-02,S036,snacks,C3192,discount,0.05,1
2025-01-04,S036,snacks,C7667,free_delivery,0.134,0
2025-01-05,S036,snacks,C7713,bundle,0.161,0
2025-01-07,S036,snacks,C5248,coupon,0.153,0
2025-01-16,S036,snacks,C5599,coupon,0.182,1
2025-01-26,S036,snacks,C2932,coupon,0.226,0
2024-01-09,S036,fresh,C2343,bundle,0.311,0
2024-02-23,S036,fresh,C9442,discount,0.115,1
2024-03-01,S036,fresh,C2311,free_delivery,0.217,0
2024-03-03,S036,fresh,C1041,bundle,0.182,0
2024-03-18,S036,fresh,C3394,coupon,0.285,0
2024-03-23,S036,fresh,C4493,bundle,0.179,1
2024-04-16,S036,fresh,C4478,bundle,0.158,1
2024-04-21,S036,fresh,C4592,discount,0.184,0
2024-04-26,S036,fresh,C7240,discount,0.121,1
2024-05-20,S036,fresh,C3840,discount,0.099,0
2024-05-24,S036,fresh,C3899,coupon,0.124,0
2024-06-20,S036,fresh,C9911,bundle,0.218,0
2024-07-07,S036,fresh,C8125,bundle,0.153,0
2024-08-09,S036,fresh,C6384,discount,0.168,0
2024-08-23,S036,fresh,C3221,free_delivery,0.224,0
2024-09-06,S036,fresh,C4104,discount,0.166,1
2024-09-10,S036,fresh,C2352,free_delivery,0.227,1
2024-10-12,S036,fresh,C7730,bundle,0.073,0
2024-12-16,S036,fresh,C6801,discount,0.211,0
2024-12-29,S036,fresh,C5161,discount,0.29,0
2025-01-22,S036,fresh,C7038,coupon,0.145,0
2024-01-20,S036,household,C6567,discount,0.138,1
2024-02-03,S036,household,C2561,coupon,0.139,0
2024-02-12,S036,household,C1917,bundle,0.195,0
2024-02-24,S036,household,C1728,discount,0.121,0
2024-02-25,S036,household,C5615,free_delivery,0.078,1
2024-04-12,S036,household,C7878,discount,0.15,0
2024-04-23,S036,household,C4826,discount,0.148,0
2024-04-29,S036,household,C4045,coupon,0.295,0
2024-05-10,S036,household,C5775,discount,0.324,1
2024-05-28,S036,household,C1711,discount,0.068,1
2024-07-08,S036,household,C1674,coupon,0.081,0
2024-07-20,S036,household,C5293,bundle,0.189,0
2024-07-22,S036,household,C1808,discount,0.087,1
2024-08-04,S036,household,C6211,coupon,0.311,0
2024-08-08,S036,household,C3332,bundle,0.281,0
2024-08-15,S036,household,C3175,coupon,0.136,0
2024-08-16,S036,household,C8627,bundle,0.264,0
2024-08-23,S036,household,C9419,coupon,0.16,1
2024-08-26,S036,household,C5910,coupon,0.104,0
2024-09-01,S036,household,C8230,discount,0.147,1
2024-09-15,S036,household,C8747,coupon,0.05,0
2024-09-18,S036,household,C7678,coupon,0.175,0
2024-10-02,S036,household,C6653,discount,0.273,1
2024-10-07,S036,household,C4666,discount,0.11,0
2024-10-25,S036,household,C2570,discount,0.113,0
2024-10-26,S036,household,C4833,coupon,0.123,0
2024-11-16,S036,household,C1373,free_delivery,0.202,1
2024-11-29,S036,household,C3446,discount,0.233,0
2024-12-05,S036,household,C7625,discount,0.244,0
2024-12-14,S036,household,C7154,discount,0.258,1
2025-01-13,S036,household,C5023,bundle,0.128,0
2025-01-19,S036,household,C5765,discount,0.178,0
2024-01-05,S036,ready_to_eat,C4210,coupon,0.179,0
2024-01-11,S036,ready_to_eat,C7969,bundle,0.125,0
2024-01-12,S036,ready_to_eat,C3105,discount,0.24,1
2024-01-13,S036,ready_to_eat,C9657,discount,0.274,1
2024-02-10,S036,ready_to_eat,C3794,discount,0.083,0
2024-02-12,S036,ready_to_eat,C7456,discount,0.129,0
2024-03-03,S036,ready_to_eat,C3611,discount,0.101,1
2024-03-11,S036,ready_to_eat,C5250,discount,0.247,1
2024-03-14,S036,ready_to_eat,C2798,discount,0.149,1
2024-04-04,S036,ready_to_eat,C1880,bundle,0.344,0
2024-04-21,S036,ready_to_eat,C5692,discount,0.133,0
2024-04-26,S036,ready_to_eat,C7013,coupon,0.173,0
2024-04-30,S036,ready_to_eat,C2237,coupon,0.144,1
2024-05-19,S036,ready_to_eat,C7724,discount,0.243,1
2024-05-31,S036,ready_to_eat,C3787,coupon,0.073,0
2024-06-23,S036,ready_to_eat,C2643,bundle,0.204,0
2024-07-05,S036,ready_to_eat,C4285,coupon,0.097,1
2024-07-12,S036,ready_to_eat,C5764,coupon,0.092,0
2024-07-18,S036,ready_to_eat,C6849,free_delivery,0.15,1
2024-07-22,S036,ready_to_eat,C2516,coupon,0.188,1
2024-07-29,S036,ready_to_eat,C4457,discount,0.157,1
2024-07-30,S036,ready_to_eat,C8119,free_delivery,0.093,0
2024-08-03,S036,ready_to_eat,C3922,coupon,0.166,0
2024-08-24,S036,ready_to_eat,C4610,coupon,0.156,0
2024-10-05,S036,ready_to_eat,C8485,bundle,0.052,0
2024-10-18,S036,ready_to_eat,C7917,discount,0.219,1
2024-10-26,S036,ready_to_eat,C5399,discount,0.05,1
2024-11-09,S036,ready_to_eat,C7193,coupon,0.196,1
2024-11-13,S036,ready_to_eat,C7143,bundle,0.186,1
2024-11-14,S036,ready_to_eat,C7563,bundle,0.208,0
2024-11-23,S036,ready_to_eat,C1902,bundle,0.087,1
2024-12-15,S036,ready_to_eat,C6006,coupon,0.156,0
2024-12-25,S036,ready_to_eat,C1269,discount,0.097,0
2024-12-30,S036,ready_to_eat,C4090,discount,0.258,0
2025-01-06,S036,ready_to_eat,C9827,free_delivery,0.204,1
2025-01-16,S036,ready_to_eat,C1500,coupon,0.177,0
2025-01-23,S036,ready_to_eat,C6213,discount,0.159,0
2024-01-13,S036,personal_care,C3423,discount,0.185,0
2024-01-29,S036,personal_care,C4150,discount,0.19,1
2024-02-07,S036,personal_care,C6731,coupon,0.279,0
2024-02-11,S036,personal_care,C2218,discount,0.247,0
2024-02-15,S036,personal_care,C8048,coupon,0.115,1
2024-02-21,S036,personal_care,C2821,coupon,0.275,0
2024-02-25,S036,personal_care,C3104,discount,0.148,1
2024-03-02,S036,personal_care,C4053,free_delivery,0.331,0
2024-03-07,S036,personal_care,C3932,discount,0.238,1
2024-03-16,S036,personal_care,C6035,free_delivery,0.216,1
2024-03-30,S036,personal_care,C8622,free_delivery,0.168,1
2024-03-31,S036,personal_care,C4618,free_delivery,0.111,0
2024-04-02,S036,personal_care,C3460,free_delivery,0.092,0
2024-04-09,S036,personal_care,C6567,coupon,0.153,1
2024-05-03,S036,personal_care,C6756,free_delivery,0.156,1
2024-05-04,S036,personal_care,C4355,discount,0.249,1
2024-05-25,S036,personal_care,C2912,coupon,0.308,0
2024-05-28,S036,personal_care,C3852,bundle,0.113,1
2024-06-03,S036,personal_care,C6340,discount,0.162,0
2024-06-04,S036,personal_care,C4337,discount,0.23,1
2024-06-10,S036,personal_care,C2479,discount,0.27,1
2024-06-11,S036,personal_care,C2961,bundle,0.094,0
2024-06-21,S036,personal_care,C1926,discount,0.052,1
2024-07-14,S036,personal_care,C3204,discount,0.126,1
2024-07-20,S036,personal_care,C3645,discount,0.112,1
2024-07-27,S036,personal_care,C3027,discount,0.143,1
2024-08-05,S036,personal_care,C5345,discount,0.108,0
2024-08-07,S036,personal_care,C5663,coupon,0.278,0
2024-08-27,S036,personal_care,C5163,discount,0.146,0
2024-09-15,S036,personal_care,C1223,coupon,0.111,0
2024-09-20,S036,personal_care,C9734,discount,0.116,1
2024-09-22,S036,personal_care,C8321,free_delivery,0.304,0
2024-10-02,S036,personal_care,C4544,coupon,0.309,1
2024-10-10,S036,personal_care,C5997,free_delivery,0.203,1
2024-10-17,S036,personal_care,C7635,bundle,0.264,0
2024-10-29,S036,personal_care,C1427,discount,0.257,0
2024-11-03,S036,personal_care,C8353,discount,0.107,1
2024-11-06,S036,personal_care,C7415,discount,0.099,0
2024-11-10,S036,personal_care,C4623,coupon,0.118,0
2024-11-16,S036,personal_care,C9118,discount,0.2,0
2024-11-23,S036,personal_care,C1347,free_delivery,0.212,1
2024-11-27,S036,personal_care,C8911,bundle,0.305,0
2024-12-01,S036,personal_care,C3910,discount,0.075,1
2024-12-08,S036,personal_care,C1876,discount,0.138,0
2025-01-08,S036,personal_care,C9639,coupon,0.115,0
2025-01-23,S036,personal_care,C1448,discount,0.162,0
2024-01-08,S037,beverages,C4215,free_delivery,0.154,1
2024-01-11,S037,beverages,C5324,discount,0.133,1
2024-01-13,S037,beverages,C3147,discount,0.161,0
2024-01-31,S037,beverages,C4333,discount,0.316,0
2024-02-07,S037,beverages,C4673,discount,0.155,0
2024-02-13,S037,beverages,C1896,discount,0.244,0
2024-02-14,S037,beverages,C4482,coupon,0.208,1
2024-02-15,S037,beverages,C2757,bundle,0.126,1
2024-02-17,S037,beverages,C5349,discount,0.147,0
2024-02-18,S037,beverages,C5411,coupon,0.143,1
2024-02-26,S037,beverages,C4336,discount,0.107,1
2024-03-22,S037,beverages,C3308,coupon,0.217,0
2024-03-23,S037,beverages,C3464,free_delivery,0.103,1
2024-03-30,S037,beverages,C1562,coupon,0.115,1
2024-04-02,S037,beverages,C9408,discount,0.231,1
2024-04-03,S037,beverages,C8447,free_delivery,0.186,0
2024-04-07,S037,beverages,C8455,free_delivery,0.13,0
2024-04-20,S037,beverages,C7411,coupon,0.146,1
2024-05-06,S037,beverages,C7228,free_delivery,0.205,0
2024-05-07,S037,beverages,C6221,discount,0.213,0
2024-05-13,S037,beverages,C2726,coupon,0.173,1
2024-05-14,S037,beverages,C9124,coupon,-0.1,0
2024-05-16,S037,beverages,C5508,free_delivery,0.236,0
2024-05-21,S037,beverages,C3437,coupon,0.193,1
2024-05-26,S037,beverages,C6445,free_delivery,0.111,0
2024-05-27,S037,beverages,C1829,discount,0.254,0
2024-05-30,S037,beverages,C8206,coupon,0.21,1
2024-05-31,S037,beverages,C1326,coupon,0.279,1
2024-06-03,S037,beverages,C1224,bundle,0.166,1
2024-06-04,S037,beverages,C4992,discount,0.071,0
2024-06-23,S037,beverages,C6175,bundle,0.159,1
2024-07-01,S037,beverages,C2032,free_delivery,0.112,0
2024-07-03,S037,beverages,C9329,discount,0.08,0
2024-07-30,S037,beverages,C5513,discount,0.188,1
2024-08-05,S037,beverages,C3519,free_delivery,0.193,1
2024-08-07,S037,beverages,C9428,discount,0.168,0
2024-08-08,S037,beverages,C6976,free_delivery,0.199,0
2024-08-15,S037,beverages,C6852,discount,0.184,1
2024-08-18,S037,beverages,C4277,discount,0.279,0
2024-09-17,S037,beverages,C7547,discount,0.168,0
2024-09-19,S037,beverages,C8200,discount,0.196,1
2024-09-21,S037,beverages,C2748,bundle,0.116,0
2024-09-22,S037,beverages,C9504,free_delivery,0.29,1
2024-10-01,S037,beverages,C8950,coupon,0.273,0
2024-10-04,S037,beverages,C6097,discount,0.123,0
2024-10-09,S037,beverages,C1719,coupon,0.166,0
2024-10-12,S037,beverages,C7111,coupon,0.134,0
2024-10-19,S037,beverages,C2351,bundle,0.194,1
2024-10-26,S037,beverages,C4309,discount,0.246,0
2024-11-12,S037,beverages,C9974,coupon,0.196,1
2024-11-18,S037,beverages,C1193,discount,0.19,1
2024-11-26,S037,beverages,C2420,discount,0.179,0
2024-12-02,S037,beverages,C4072,coupon,0.332,0
2024-12-08,S037,beverages,C3897,coupon,0.239,1
2024-12-21,S037,beverages,C1410,discount,0.098,1
2025-01-20,S037,beverages,C7818,discount,0.268,0
2024-01-01,S037,snacks,C7951,discount,0.178,0
2024-01-08,S037,snacks,C2406,discount,0.18,0
2024-01-19,S037,snacks,C8257,discount,0.162,0
2024-01-22,S037,snacks,C6222,discount,0.199,1
2024-01-29,S037,snacks,C1304,coupon,0.129,1
2024-02-09,S037,snacks,C4708,bundle,0.23,0
2024-02-12,S037,snacks,C6065,bundle,0.179,0
2024-02-17,S037,snacks,C4542,discount,0.093,1
2024-02-21,S037,snacks,C8583,discount,0.145,0
2024-02-23,S037,snacks,C2396,discount,0.184,1
2024-03-02,S037,snacks,C8592,discount,0.121,0
2024-03-17,S037,snacks,C8551,coupon,0.05,1
2024-03-18,S037,snacks,C8973,bundle,0.269,0
2024-03-22,S037,snacks,C6358,free_delivery,0.19,0
2024-03-28,S037,snacks,C3569,bundle,0.255,0
2024-04-01,S037,snacks,C9478,discount,0.254,1
2024-04-05,S037,snacks,C1402,free_delivery,0.23,0
2024-04-08,S037,snacks,C5687,coupon,0.093,0
2024-04-19,S037,snacks,C8675,bundle,0.159,1
2024-04-30,S037,snacks,C1364,discount,0.18,0
2024-05-03,S037,snacks,C2579,discount,0.091,1
2024-05-13,S037,snacks,C5098,bundle,0.281,0
2024-05-15,S037,snacks,C5135,bundle,0.054,1
2024-05-16,S037,snacks,C4674,coupon,0.239,0
2024-05-24,S037,snacks,C9019,coupon,0.118,0
2024-06-02,S037,snacks,C5132,coupon,0.134,1
2024-06-03,S037,snacks,C1801,discount,0.166,0
2024-06-04,S037,snacks,C9689,coupon,0.144,1
2024-06-07,S037,snacks,C3053,coupon,0.19,0
2024-06-17,S037,snacks,C4365,coupon,0.189,0
2024-06-20,S037,snacks,C2367,coupon,0.156,1
2024-06-30,S037,snacks,C2316,discount,0.1,0
2024-07-12,S037,snacks,C1137,free_delivery,0.102,1
2024-07-19,S037,snacks,C5454,discount,0.05,0
2024-07-20,S037,snacks,C9705,coupon,0.188,1
2024-07-26,S037,snacks,C8668,bundle,0.193,0
2024-07-28,S037,snacks,C1933,discount,0.19,0
2024-08-05,S037,snacks,C3175,free_delivery,0.229,0
2024-08-19,S037,snacks,C2169,bundle,0.301,0
2024-08-25,S037,snacks,C5739,discount,0.226,0
2024-09-01,S037,snacks,C7061,coupon,0.102,0
2024-09-05,S037,snacks,C5418,discount,0.084,1
2024-09-07,S037,snacks,C2855,discount,0.258,1
2024-09-12,S037,snacks,C2409,discount,0.236,0
2024-09-16,S037,snacks,C4386,free_delivery,0.05,0
2024-09-22,S037,snacks,C6677,discount,0.191,0
2024-09-29,S037,snacks,C3388,bundle,0.217,0
2024-10-03,S037,snacks,C9453,discount,0.193,1
2024-10-06,S037,snacks,C6209,discount,0.11,1
2024-10-10,S037,snacks,C3495,bundle,0.116,0
2024-10-13,S037,snacks,C2394,coupon,0.254,1
2024-10-15,S037,snacks,C5414,free_delivery,0.095,0
2024-10-17,S037,snacks,C3346,discount,0.12,1
2024-10-27,S037,snacks,C7316,discount,0.197,1
2024-10-30,S037,snacks,C6673,free_delivery,0.138,0
2024-11-14,S037,snacks,C5768,coupon,0.229,0
2024-11-15,S037,snacks,C1509,discount,0.136,0
2024-11-20,S037,snacks,C5245,discount,0.21,0
2024-11-22,S037,snacks,C8262,discount,0.289,1
2024-12-15,S037,snacks,C8694,discount,0.095,1
2024-12-16,S037,snacks,C7783,discount,0.197,0
2024-12-17,S037,snacks,C2145,discount,0.186,1
2024-12-18,S037,snacks,C6529,bundle,0.202,0
2024-12-29,S037,snacks,C9016,coupon,0.324,0
2024-12-30,S037,snacks,C8128,free_delivery,0.165,0
2024-12-31,S037,snacks,C1269,discount,0.262,0
2025-01-01,S037,snacks,C8401,discount,0.321,1
2025-01-21,S037,snacks,C4016,bundle,0.304,1
2024-01-01,S037,fresh,C4969,free_delivery,0.197,0
2024-01-16,S037,fresh,C4321,discount,0.243,1
2024-02-04,S037,fresh,C5071,coupon,0.05,0
2024-02-05,S037,fresh,C5726,free_delivery,1.2,0
2024-02-06,S037,fresh,C6896,free_delivery,0.176,1
2024-02-10,S037,fresh,C2562,coupon,0.316,0
2024-02-11,S037,fresh,C5274,discount,0.193,1
2024-02-12,S037,fresh,C7591,free_delivery,0.242,0
2024-02-14,S037,fresh,C2309,discount,0.251,0
2024-03-21,S037,fresh,C3250,discount,0.297,0
2024-04-07,S037,fresh,C2022,free_delivery,0.299,1
2024-05-01,S037,fresh,C8882,discount,0.14,0
2024-05-13,S037,fresh,C8718,bundle,0.165,1
2024-05-21,S037,fresh,C9699,discount,0.143,0
2024-05-24,S037,fresh,C1902,discount,0.267,0
2024-06-25,S037,fresh,C5118,coupon,0.142,0
2024-06-27,S037,fresh,C8187,bundle,0.191,1
2024-09-30,S037,fresh,C6803,bundle,0.179,0
2024-10-03,S037,fresh,C1472,discount,0.113,0
2024-10-09,S037,fresh,C7799,discount,0.218,0
2024-10-30,S037,fresh,C7059,bundle,0.209,1
2024-11-03,S037,fresh,C9281,coupon,0.192,0
2024-11-30,S037,fresh,C1265,coupon,0.217,1
2025-01-05,S037,fresh,C7896,discount,0.331,0
2025-01-24,S037,fresh,C4776,bundle,0.161,0
2025-01-25,S037,fresh,C3931,free_delivery,0.262,1
2024-01-24,S037,household,C4086,bundle,0.204,0
2024-02-07,S037,household,C5642,bundle,0.152,1
2024-02-10,S037,household,C7743,coupon,0.208,0
2024-03-03,S037,household,C6601,coupon,0.296,1
2024-03-06,S037,household,C4958,free_delivery,0.25,1
2024-03-09,S037,household,C2542,discount,0.352,0
2024-03-18,S037,household,C4541,coupon,0.065,0
2024-03-19,S037,household,C6897,discount,0.126,0
2024-03-28,S037,household,C7518,bundle,0.109,0
2024-04-04,S037,household,C6011,discount,0.165,1
2024-04-05,S037,household,C5271,bundle,0.173,0
2024-05-24,S037,household,C5719,bundle,0.055,1
2024-06-08,S037,household,C5753,discount,0.15,0
2024-06-16,S037,household,C5016,coupon,0.071,0
2024-07-23,S037,household,C8018,free_delivery,0.121,1
2024-07-28,S037,household,C3519,discount,0.174,0
2024-08-20,S037,household,C7368,discount,0.21,0
2024-08-31,S037,household,C6757,bundle,0.182,0
2024-09-15,S037,household,C7418,discount,0.197,0
2024-09-20,S037,household,C8709,discount,0.113,0
2024-09-28,S037,household,C4645,coupon,0.19,0
2024-10-19,S037,household,C8251,free_delivery,0.11,0
2024-11-24,S037,household,C6971,free_delivery,0.299,0
2024-12-09,S037,household,C9484,discount,0.189,0
2024-12-14,S037,household,C4982,discount,0.179,1
2024-12-17,S037,household,C1985,bundle,0.062,0
2024-12-18,S037,household,C8478,discount,0.213,1
2025-01-16,S037,household,C2601,bundle,0.218,1
2025-01-25,S037,household,C4109,discount,0.224,1
2024-01-01,S037,ready_to_eat,C2931,free_delivery,0.155,1
2024-01-09,S037,ready_to_eat,C1718,coupon,0.202,1
2024-01-13,S037,ready_to_eat,C3164,discount,0.154,1
2024-01-18,S037,ready_to_eat,C8005,coupon,0.124,0
2024-01-19,S037,ready_to_eat,C9006,free_delivery,0.208,0
2024-01-25,S037,ready_to_eat,C3268,coupon,0.224,0
2024-02-18,S037,ready_to_eat,C7903,coupon,0.202,0
2024-02-19,S037,ready_to_eat,C4404,free_delivery,0.192,0
2024-02-23,S037,ready_to_eat,C6135,discount,0.164,1
2024-02-24,S037,ready_to_eat,C7554,coupon,0.103,0
2024-02-25,S037,ready_to_eat,C1658,discount,0.205,0
2024-03-02,S037,ready_to_eat,C5232,discount,0.222,1
2024-03-22,S037,ready_to_eat,C2352,coupon,0.179,0
2024-03-31,S037,ready_to_eat,C3473,discount,0.124,0
2024-04-07,S037,ready_to_eat,C8306,coupon,0.281,1
2024-04-14,S037,ready_to_eat,C9956,discount,0.091,0
2024-04-27,S037,ready_to_eat,C4881,bundle,0.05,0
2024-05-01,S037,ready_to_eat,C1079,discount,0.127,1
2024-05-22,S037,ready_to_eat,C2779,discount,0.204,1
2024-05-26,S037,ready_to_eat,C5974,free_delivery,0.131,1
2024-06-02,S037,ready_to_eat,C9795,free_delivery,0.167,0
2024-06-11,S037,ready_to_eat,C2479,discount,0.294,1
2024-07-14,S037,ready_to_eat,C3427,bundle,0.13,0
2024-07-31,S037,ready_to_eat,C5653,discount,0.183,0
2024-08-08,S037,ready_to_eat,C1725,free_delivery,0.266,0
2024-08-09,S037,ready_to_eat,C4746,discount,0.282,1
2024-08-20,S037,ready_to_eat,C3565,bundle,0.05,1
2024-08-27,S037,ready_to_eat,C7019,discount,0.224,0
2024-09-01,S037,ready_to_eat,C1452,free_delivery,0.133,0
2024-09-04,S037,ready_to_eat,C3104,bundle,0.21,0
2024-09-07,S037,ready_to_eat,C4413,free_delivery,0.059,0
2024-09-14,S037,ready_to_eat,C5166,discount,0.201,0
2024-09-16,S037,ready_to_eat,C9939,discount,0.2,0
2024-09-21,S037,ready_to_eat,C5482,discount,0.11,0
2024-09-26,S037,ready_to_eat,C1210,discount,0.165,1
2024-10-01,S037,ready_to_eat,C9642,bundle,0.25,0
2024-10-02,S037,ready_to_eat,C3658,discount,0.219,1
2024-10-04,S037,ready_to_eat,C6299,coupon,0.125,0
2024-10-05,S037,ready_to_eat,C8370,coupon,0.218,0
2024-10-13,S037,ready_to_eat,C7971,coupon,0.207,0
2024-10-19,S037,ready_to_eat,C7956,discount,0.206,0
2024-10-23,S037,ready_to_eat,C2934,discount,0.05,0
2024-11-23,S037,ready_to_eat,C6269,discount,0.251,1
2024-12-10,S037,ready_to_eat,C7067,free_delivery,0.168,1
2024-12-20,S037,ready_to_eat,C1255,coupon,0.095,1
2024-12-23,S037,ready_to_eat,C7618,free_delivery,0.131,1
2024-12-24,S037,ready_to_eat,C8384,discount,0.168,0
2025-01-01,S037,ready_to_eat,C4375,coupon,0.173,0
2025-01-06,S037,ready_to_eat,C1654,discount,0.286,0
2025-01-12,S037,ready_to_eat,C8140,free_delivery,0.176,0
2025-01-19,S037,ready_to_eat,C1079,discount,0.207,0
2025-01-22,S037,ready_to_eat,C4841,bundle,0.302,0
2025-01-27,S037,ready_to_eat,C1278,coupon,0.098,0
2024-01-02,S037,personal_care,C4460,free_delivery,0.05,0
2024-01-11,S037,personal_care,C9032,discount,0.264,0
2024-01-15,S037,personal_care,C4961,discount,0.182,1
2024-01-21,S037,personal_care,C8915,discount,0.108,1
2024-02-10,S037,personal_care,C5334,bundle,0.377,1
2024-03-07,S037,personal_care,C8790,discount,0.17,1
2024-04-18,S037,personal_care,C7158,discount,0.191,1
2024-04-26,S037,personal_care,C2838,discount,0.099,1
2024-05-08,S037,personal_care,C4201,coupon,0.158,0
2024-05-18,S037,personal_care,C8401,discount,0.207,0
2024-05-23,S037,personal_care,C5353,free_delivery,0.05,0
2024-05-25,S037,personal_care,C8391,coupon,0.203,0
2024-05-27,S037,personal_care,C2299,bundle,0.134,1
2024-06-07,S037,personal_care,C8529,discount,0.299,1
2024-06-10,S037,personal_care,C2331,discount,0.205,1
2024-06-22,S037,personal_care,C3561,discount,0.135,0
2024-07-26,S037,personal_care,C3261,discount,0.215,0
2024-08-06,S037,personal_care,C7892,free_delivery,0.14,0
2024-08-08,S037,personal_care,C2844,discount,0.144,0
2024-09-03,S037,personal_care,C3498,discount,0.136,1
2024-09-05,S037,personal_care,C5715,bundle,0.106,1
2024-10-01,S037,personal_care,C6179,coupon,0.137,1
2024-10-04,S037,personal_care,C3792,discount,0.231,0
2024-10-14,S037,personal_care,C4544,coupon,0.226,0
2024-10-15,S037,personal_care,C1941,discount,0.336,0
2024-10-21,S037,personal_care,C5216,discount,0.196,1
2024-11-02,S037,personal_care,C2167,discount,0.213,1
2024-11-13,S037,personal_care,C7975,discount,0.219,0
2024-11-17,S037,personal_care,C8483,coupon,0.18,1
2024-11-22,S037,personal_care,C4313,discount,0.126,0
2024-12-09,S037,personal_care,C9636,coupon,0.2,0
2024-12-10,S037,personal_care,C5755,coupon,0.142,0
2024-12-26,S037,personal_care,C5685,discount,0.226,0
2025-01-01,S037,personal_care,C9411,coupon,0.374,1
2025-01-09,S037,personal_care,C6455,discount,0.197,1
2025-01-17,S037,personal_care,C5793,discount,0.099,1
2024-01-13,S038,beverages,C9365,coupon,0.112,0
2024-01-28,S038,beverages,C4195,discount,0.103,0
2024-02-01,S038,beverages,C1358,bundle,0.213,1
2024-02-02,S038,beverages,C5836,coupon,0.217,0
2024-02-03,S038,beverages,C7819,bundle,0.228,1
2024-02-04,S038,beverages,C8086,free_delivery,0.105,0
2024-02-07,S038,beverages,C7382,coupon,0.139,1
2024-02-12,S038,beverages,C9637,discount,0.163,0
2024-02-17,S038,beverages,C4326,coupon,0.169,1
2024-02-23,S038,beverages,C4966,discount,0.182,1
2024-03-05,S038,beverages,C3714,free_delivery,0.151,0
2024-03-09,S038,beverages,C8930,free_delivery,0.146,0
2024-03-16,S038,beverages,C6411,bundle,0.183,0
2024-03-17,S038,beverages,C3928,bundle,0.146,0
2024-03-20,S038,beverages,C4988,discount,0.098,0
2024-03-25,S038,beverages,C4576,coupon,0.18,0
2024-03-27,S038,beverages,C7454,bundle,0.205,0
2024-04-18,S038,beverages,C5101,free_delivery,0.223,1
2024-04-26,S038,beverages,C1207,discount,0.21,1
2024-04-28,S038,beverages,C7533,discount,0.189,0
2024-04-30,S038,beverages,C5147,coupon,0.204,1
2024-05-03,S038,beverages,C8079,discount,0.226,1
2024-05-04,S038,beverages,C6059,bundle,0.112,0
2024-05-19,S038,beverages,C8493,discount,0.219,0
2024-06-12,S038,beverages,C4046,discount,0.151,1
2024-07-07,S038,beverages,C7408,discount,0.117,0
2024-07-10,S038,beverages,C3398,free_delivery,0.217,0
2024-07-13,S038,beverages,C4552,coupon,0.15,1
2024-08-18,S038,beverages,C6126,free_delivery,0.243,0
2024-08-19,S038,beverages,C7991,bundle,0.209,0
2024-08-21,S038,beverages,C8179,free_delivery,0.28,0
2024-08-25,S038,beverages,C4477,coupon,0.188,1
2024-08-29,S038,beverages,C4672,discount,0.258,1
2024-08-31,S038,beverages,C3908,coupon,0.058,0
2024-09-02,S038,beverages,C1549,bundle,0.189,0
2024-09-13,S038,beverages,C2892,discount,0.05,0
2024-09-15,S038,beverages,C3487,discount,0.111,1
2024-09-22,S038,beverages,C4803,discount,0.214,0
2024-09-28,S038,beverages,C5376,discount,0.198,1
2024-10-03,S038,beverages,C5454,free_delivery,0.234,0
2024-10-17,S038,beverages,C1453,coupon,0.05,0
2024-10-18,S038,beverages,C1870,discount,0.243,1
2024-10-19,S038,beverages,C9361,discount,0.26,1
2024-10-21,S038,beverages,C1665,free_delivery,0.238,0
2024-10-27,S038,beverages,C6584,coupon,0.111,1
2024-10-31,S038,beverages,C9379,coupon,0.252,0
2024-11-05,S038,beverages,C8006,free_delivery,0.224,0
2024-12-01,S038,beverages,C7443,coupon,0.28,0
2024-12-03,S038,beverages,C7966,coupon,0.263,0
2024-12-10,S038,beverages,C3748,discount,0.177,0
2024-12-14,S038,beverages,C4554,bundle,0.154,0
2024-12-17,S038,beverages,C6675,discount,0.262,1
2024-12-18,S038,beverages,C5476,discount,0.124,0
2025-01-02,S038,beverages,C1349,discount,0.124,1
2025-01-04,S038,beverages,C6128,bundle,0.241,0
2025-01-14,S038,beverages,C5512,coupon,0.134,1
2025-01-18,S038,beverages,C6088,bundle,0.132,1
2025-01-19,S038,beverages,C7150,free_delivery,0.321,0
2025-01-22,S038,beverages,C8856,coupon,0.279,0
2024-01-03,S038,snacks,C5986,discount,0.247,0
2024-01-08,S038,snacks,C8920,discount,0.127,0
2024-01-10,S038,snacks,C1930,discount,0.06,1
2024-01-13,S038,snacks,C4404,discount,0.199,0
2024-01-14,S038,snacks,C2649,bundle,0.205,1
2024-01-29,S038,snacks,C4510,free_delivery,0.127,0
2024-02-07,S038,snacks,C9045,coupon,0.096,0
2024-02-09,S038,snacks,C5240,bundle,0.115,0
2024-02-11,S038,snacks,C8986,coupon,0.188,0
2024-02-23,S038,snacks,C3341,coupon,0.205,0
2024-02-24,S038,snacks,C2313,bundle,0.367,0
2024-03-05,S038,snacks,C1600,coupon,0.051,0
2024-03-07,S038,snacks,C8289,discount,0.299,0
2024-03-13,S038,snacks,C4680,coupon,0.115,1
2024-03-18,S038,snacks,C1472,bundle,0.149,1
2024-03-30,S038,snacks,C5954,coupon,0.05,0
2024-04-04,S038,snacks,C6270,bundle,0.231,0
2024-04-06,S038,snacks,C7596,discount,0.259,1
2024-04-16,S038,snacks,C9519,coupon,0.2,1
2024-04-19,S038,snacks,C7188,discount,0.217,0
2024-04-20,S038,snacks,C3282,discount,0.128,1
2024-04-30,S038,snacks,C4984,free_delivery,0.206,1
2024-05-02,S038,snacks,C3802,free_delivery,0.235,0
2024-05-06,S038,snacks,C8357,coupon,0.151,1
2024-05-09,S038,snacks,C6387,free_delivery,0.155,0
2024-05-19,S038,snacks,C6817,discount,0.075,0
2024-05-24,S038,snacks,C1479,bundle,0.151,0
2024-05-27,S038,snacks,C6821,free_delivery,0.292,0
2024-06-05,S038,snacks,C7727,coupon,0.151,0
2024-06-10,S038,snacks,C4020,discount,0.182,1
2024-06-18,S038,snacks,C6754,discount,0.123,0
2024-06-22,S038,snacks,C8806,bundle,0.188,0
2024-06-23,S038,snacks,C1653,discount,0.182,1
2024-06-26,S038,snacks,C1709,discount,0.092,0
2024-06-29,S038,snacks,C5649,bundle,0.293,1
2024-07-10,S038,snacks,C6702,free_delivery,0.16,0
2024-07-11,S038,snacks,C1897,discount,0.128,1
2024-07-13,S038,snacks,C8788,free_delivery,0.127,1
2024-07-21,S038,snacks,C4096,coupon,0.17,0
2024-07-24,S038,snacks,C3987,discount,0.231,0
2024-07-29,S038,snacks,C8298,coupon,0.104,0
2024-08-15,S038,snacks,C3644,free_delivery,0.193,1
2024-08-17,S038,snacks,C3274,discount,0.208,1
2024-08-18,S038,snacks,C6419,discount,0.11,0
2024-08-21,S038,snacks,C6377,discount,0.098,1
2024-08-26,S038,snacks,C5344,discount,0.204,0
2024-08-28,S038,snacks,C8579,discount,0.233,0
2024-09-02,S038,snacks,C3967,coupon,0.225,1
2024-09-03,S038,snacks,C4578,coupon,0.165,1
2024-09-16,S038,snacks,C6277,discount,0.05,0
2024-10-22,S038,snacks,C7051,free_delivery,0.197,1
2024-10-25,S038,snacks,C9257,discount,0.263,1
2024-11-05,S038,snacks,C6987,discount,0.254,1
2024-11-12,S038,snacks,C5409,coupon,0.161,1
2024-11-20,S038,snacks,C1550,coupon,0.18,1
2024-11-22,S038,snacks,C9526,discount,0.317,0
2024-11-30,S038,snacks,C8750,discount,0.196,1
2024-12-09,S038,snacks,C3358,coupon,0.125,0
2024-12-10,S038,snacks,C1994,discount,0.128,0
2024-12-15,S038,snacks,C4959,coupon,0.256,1
2024-12-18,S038,snacks,C8441,discount,0.175,1
2024-12-31,S038,snacks,C9717,free_delivery,0.137,0
2025-01-05,S038,snacks,C1059,discount,0.166,1
2025-01-08,S038,snacks,C6340,bundle,0.063,1
2025-01-12,S038,snacks,C6803,bundle,0.152,0
2025-01-20,S038,snacks,C8283,discount,0.169,0
2025-01-25,S038,snacks,C1078,bundle,0.143,1
2024-01-06,S038,fresh,C7382,bundle,0.189,0
2024-01-07,S038,fresh,C2422,bundle,0.155,0
2024-01-11,S038,fresh,C1688,discount,0.248,0
2024-01-20,S038,fresh,C7181,discount,0.165,0
2024-02-08,S038,fresh,C4810,free_delivery,0.273,0
2024-02-14,S038,fresh,C1961,coupon,0.35,1
2024-02-23,S038,fresh,C9387,discount,0.165,1
2024-03-05,S038,fresh,C4704,free_delivery,0.118,1
2024-03-21,S038,fresh,C4895,coupon,0.238,0
2024-04-08,S038,fresh,C2443,free_delivery,0.197,0
2024-04-12,S038,fresh,C5525,coupon,0.085,0
2024-04-27,S038,fresh,C2784,coupon,0.282,0
2024-05-07,S038,fresh,C9401,discount,0.273,1
2024-05-12,S038,fresh,C3050,bundle,0.079,1
2024-06-03,S038,fresh,C4735,bundle,0.171,1
2024-07-14,S038,fresh,C5938,bundle,0.05,0
2024-07-20,S038,fresh,C5106,discount,0.089,0
2024-08-05,S038,fresh,C4836,free_delivery,0.346,1
2024-08-10,S038,fresh,C5348,bundle,0.062,0
2024-09-26,S038,fresh,C4461,free_delivery,0.213,1
2024-09-28,S038,fresh,C2415,bundle,0.287,1
2024-10-05,S038,fresh,C9618,discount,0.144,0
2024-10-29,S038,fresh,C9409,free_delivery,0.143,1
2024-11-06,S038,fresh,C3751,free_delivery,0.231,0
2024-11-10,S038,fresh,C5148,free_delivery,0.094,1
2024-12-01,S038,fresh,C8836,discount,0.166,0
2024-12-14,S038,fresh,C7267,discount,0.236,0
2024-12-23,S038,fresh,C3680,discount,0.181,1
2024-12-29,S038,fresh,C9000,discount,0.302,0
2025-01-12,S038,fresh,C4309,coupon,0.106,1
2025-01-19,S038,fresh,C7833,free_delivery,0.166,0
2025-01-26,S038,fresh,C1537,coupon,0.208,0
2024-01-01,S038,household,C3111,discount,0.156,0
2024-01-14,S038,household,C4614,bundle,0.152,0
2024-02-10,S038,household,C2890,coupon,0.178,1
2024-02-18,S038,household,C1218,discount,0.234,0
2024-03-16,S038,household,C7707,free_delivery,0.3,0
2024-04-04,S038,household,C3149,coupon,0.235,0
2024-04-26,S038,household,C4862,bundle,0.172,0
2024-05-03,S038,household,C8666,discount,0.203,0
2024-06-04,S038,household,C6905,discount,0.179,0
2024-06-21,S038,household,C8557,discount,0.262,0
2024-06-28,S038,household,C6106,free_delivery,0.245,0
2024-06-29,S038,household,C9894,coupon,0.33,0
2024-07-04,S038,household,C2642,discount,0.081,0
2024-07-12,S038,household,C8102,coupon,0.146,1
2024-07-26,S038,household,C7850,bundle,0.161,1
2024-08-17,S038,household,C6977,discount,0.169,1
2024-10-04,S038,household,C6078,discount,0.071,0
2024-10-05,S038,household,C9680,free_delivery,0.197,1
2024-10-27,S038,household,C4822,coupon,0.211,1
2024-11-05,S038,household,C5528,coupon,0.203,0
2024-11-17,S038,household,C2117,bundle,0.277,1
2024-11-28,S038,household,C2317,coupon,0.122,0
2024-12-01,S038,household,C2322,coupon,0.111,0
2024-12-04,S038,household,C7823,discount,0.19,1
2024-12-11,S038,household,C7617,bundle,0.135,0
2025-01-05,S038,household,C2579,coupon,0.163,1
2025-01-24,S038,household,C1445,free_delivery,0.191,1
2024-01-11,S038,ready_to_eat,C1337,coupon,0.093,0
2024-01-16,S038,ready_to_eat,C7366,discount,0.274,0
2024-01-23,S038,ready_to_eat,C5759,discount,0.142,0
2024-02-14,S038,ready_to_eat,C1663,coupon,0.217,0
2024-02-25,S038,ready_to_eat,C3863,discount,0.232,0
2024-03-03,S038,ready_to_eat,C5870,discount,0.326,1
2024-03-09,S038,ready_to_eat,C6769,discount,0.222,0
2024-03-20,S038,ready_to_eat,C7587,discount,0.156,1
2024-03-31,S038,ready_to_eat,C8190,discount,0.092,0
2024-04-12,S038,ready_to_eat,C8604,coupon,0.154,0
2024-04-25,S038,ready_to_eat,C1629,discount,0.195,0
2024-05-01,S038,ready_to_eat,C8148,free_delivery,0.112,0
2024-05-10,S038,ready_to_eat,C4051,discount,0.165,0
2024-05-24,S038,ready_to_eat,C8850,free_delivery,0.053,1
2024-06-14,S038,ready_to_eat,C8858,discount,0.087,0
2024-06-23,S038,ready_to_eat,C1939,coupon,0.175,0
2024-06-25,S038,ready_to_eat,C7687,coupon,0.223,0
2024-06-26,S038,ready_to_eat,C7216,discount,0.275,0
2024-06-27,S038,ready_to_eat,C4831,bundle,0.276,1
2024-07-06,S038,ready_to_eat,C2700,discount,0.211,0
2024-07-12,S038,ready_to_eat,C8422,discount,0.265,0
2024-07-19,S038,ready_to_eat,C3718,discount,0.215,0
2024-08-01,S038,ready_to_eat,C4322,discount,0.081,1
2024-08-11,S038,ready_to_eat,C2513,free_delivery,0.199,0
2024-08-14,S038,ready_to_eat,C5577,discount,0.157,0
2024-08-21,S038,ready_to_eat,C7411,bundle,0.079,0
2024-08-28,S038,ready_to_eat,C8401,coupon,0.141,0
2024-09-02,S038,ready_to_eat,C8742,coupon,0.104,0
2024-09-23,S038,ready_to_eat,C4683,discount,0.263,1
2024-09-29,S038,ready_to_eat,C5060,discount,0.183,0
2024-10-06,S038,ready_to_eat,C9741,discount,0.223,0
2024-10-07,S038,ready_to_eat,C3021,bundle,0.122,0
2024-10-17,S038,ready_to_eat,C4245,discount,0.223,0
2024-10-19,S038,ready_to_eat,C6754,discount,0.204,0
2024-10-25,S038,ready_to_eat,C3805,free_delivery,0.197,0
2024-10-27,S038,ready_to_eat,C9173,free_delivery,0.107,0
2024-11-01,S038,ready_to_eat,C3366,discount,0.062,1
2024-11-02,S038,ready_to_eat,C1267,bundle,0.197,0
2024-11-17,S038,ready_to_eat,C2915,discount,0.306,1
2024-11-28,S038,ready_to_eat,C9041,coupon,0.164,0
2024-12-09,S038,ready_to_eat,C6973,discount,0.259,0
2024-12-15,S038,ready_to_eat,C4379,discount,0.226,1
2024-12-26,S038,ready_to_eat,C8389,discount,0.229,1
2024-12-29,S038,ready_to_eat,C1310,coupon,0.193,0
2025-01-09,S038,ready_to_eat,C9347,discount,0.243,0
2025-01-18,S038,ready_to_eat,C8270,bundle,0.32,1
2025-01-19,S038,ready_to_eat,C3465,bundle,0.135,0
2024-01-15,S038,personal_care,C8306,discount,0.219,1
2024-01-20,S038,personal_care,C4413,free_delivery,0.104,1
2024-02-07,S038,personal_care,C4878,discount,0.13,1
2024-02-09,S038,personal_care,C8595,discount,0.099,0
2024-02-11,S038,personal_care,C6639,discount,-0.1,1
2024-02-13,S038,personal_care,C8342,free_delivery,0.143,1
2024-02-18,S038,personal_care,C2099,discount,0.136,0
2024-02-26,S038,personal_care,C9192,coupon,0.13,1
2024-03-05,S038,personal_care,C9360,discount,0.086,0
2024-03-25,S038,personal_care,C9455,bundle,0.05,1
2024-04-07,S038,personal_care,C9578,discount,0.161,1
2024-04-15,S038,personal_care,C4219,coupon,0.152,1
2024-05-23,S038,personal_care,C2657,coupon,0.232,0
2024-06-04,S038,personal_care,C4237,discount,0.192,0
2024-06-05,S038,personal_care,C1977,coupon,0.24,1
2024-06-15,S038,personal_care,C9703,discount,0.137,1
2024-07-27,S038,personal_care,C1845,discount,0.163,0
2024-08-01,S038,personal_care,C5787,discount,0.113,1
2024-08-08,S038,personal_care,C1436,bundle,0.152,0
2024-08-12,S038,personal_care,C1253,discount,0.217,0
2024-08-26,S038,personal_care,C6479,coupon,0.234,1
2024-09-28,S038,personal_care,C2790,bundle,0.237,1
2024-09-30,S038,personal_care,C2985,discount,0.27,0
2024-10-14,S038,personal_care,C5374,coupon,0.225,0
2024-10-24,S038,personal_care,C9625,coupon,0.184,0
2024-10-25,S038,personal_care,C8959,coupon,0.243,0
2024-10-26,S038,personal_care,C2022,discount,0.223,1
2024-11-13,S038,personal_care,C1364,coupon,0.053,0
2024-11-21,S038,personal_care,C7227,discount,0.218,0
2024-11-24,S038,personal_care,C6265,coupon,0.11,0
2024-11-27,S038,personal_care,C4654,discount,0.129,0
2024-12-17,S038,personal_care,C9612,discount,0.05,0
2024-12-25,S038,personal_care,C8997,coupon,0.057,0
2024-12-31,S038,personal_care,C5612,coupon,0.183,0
2025-01-18,S038,personal_care,C4931,discount,0.186,1
2025-01-24,S038,personal_care,C4176,coupon,0.194,0
2024-02-03,S039,beverages,C5529,free_delivery,0.082,0
2024-02-19,S039,beverages,C1858,discount,0.184,0
2024-03-10,S039,beverages,C1969,discount,0.229,0
2024-04-13,S039,beverages,C4596,free_delivery,0.171,0
2024-04-27,S039,beverages,C3369,bundle,0.134,0
2024-05-01,S039,beverages,C3541,free_delivery,0.178,0
2024-05-03,S039,beverages,C5047,discount,0.132,0
2024-05-15,S039,beverages,C2462,discount,0.28,1
2024-05-26,S039,beverages,C4536,discount,0.189,0
2024-06-02,S039,beverages,C3711,discount,0.131,0
2024-06-06,S039,beverages,C4472,discount,0.124,0
2024-06-09,S039,beverages,C5458,discount,0.211,0
2024-06-18,S039,beverages,C6676,discount,0.213,1
2024-06-23,S039,beverages,C4870,bundle,0.278,0
2024-06-29,S039,beverages,C3270,free_delivery,0.224,0
2024-07-01,S039,beverages,C7654,discount,0.211,1
2024-07-27,S039,beverages,C6965,discount,0.197,0
2024-07-30,S039,beverages,C7606,discount,0.09,0
2024-08-03,S039,beverages,C3394,discount,0.299,0
2024-08-05,S039,beverages,C6457,free_delivery,0.061,1
2024-08-06,S039,beverages,C3132,discount,0.203,1
2024-08-10,S039,beverages,C4475,coupon,0.15,0
2024-08-12,S039,beverages,C9609,discount,0.131,0
2024-08-14,S039,beverages,C5448,discount,0.19,0
2024-08-15,S039,beverages,C8126,discount,0.084,0
2024-08-16,S039,beverages,C8695,discount,0.169,0
2024-08-22,S039,beverages,C3465,discount,0.268,1
2024-09-08,S039,beverages,C9083,coupon,0.257,0
2024-09-14,S039,beverages,C5119,free_delivery,0.05,1
2024-09-21,S039,beverages,C4149,free_delivery,0.327,1
2024-09-24,S039,beverages,C2932,discount,0.236,1
2024-10-08,S039,beverages,C9011,coupon,0.177,0
2024-10-14,S039,beverages,C8056,discount,0.058,0
2024-10-22,S039,beverages,C1970,coupon,0.245,0
2024-10-28,S039,beverages,C1022,coupon,0.169,1
2024-11-12,S039,beverages,C7728,bundle,0.217,0
2024-11-22,S039,beverages,C6184,bundle,0.247,0
2024-11-27,S039,beverages,C7057,coupon,0.362,1
2024-12-02,S039,beverages,C4778,discount,0.199,1
2024-12-07,S039,beverages,C2245,free_delivery,0.103,0
2024-12-17,S039,beverages,C5328,bundle,0.078,0
2024-12-19,S039,beverages,C8298,discount,0.248,0
2024-12-21,S039,beverages,C9536,free_delivery,0.067,0
2025-01-05,S039,beverages,C2508,bundle,0.312,1
2025-01-22,S039,beverages,C1597,discount,0.101,1
2025-01-26,S039,beverages,C1720,bundle,0.178,0
2024-01-05,S039,snacks,C1838,discount,0.133,1
2024-01-10,S039,snacks,C9469,discount,0.05,1
2024-01-15,S039,snacks,C8487,bundle,0.096,0
2024-02-02,S039,snacks,C1614,discount,0.187,0
2024-02-09,S039,snacks,C7071,discount,0.237,0
2024-02-13,S039,snacks,C9506,discount,0.107,0
2024-02-17,S039,snacks,C4416,coupon,0.142,1
2024-02-19,S039,snacks,C4954,discount,0.101,0
2024-03-01,S039,snacks,C9664,discount,0.125,1
2024-03-02,S039,snacks,C2626,bundle,0.261,0
2024-03-04,S039,snacks,C2007,coupon,0.227,1
2024-03-16,S039,snacks,C2879,discount,0.181,1
2024-03-20,S039,snacks,C7187,discount,0.178,0
2024-03-31,S039,snacks,C4353,coupon,0.05,0
2024-04-01,S039,snacks,C4851,coupon,0.115,0
2024-04-04,S039,snacks,C5949,coupon,0.185,0
2024-04-08,S039,snacks,C3238,coupon,0.05,0
2024-04-14,S039,snacks,C6818,discount,0.204,1
2024-05-02,S039,snacks,C4656,discount,0.299,0
2024-05-04,S039,snacks,C7356,coupon,0.076,0
2024-05-13,S039,snacks,C2291,bundle,0.152,0
2024-05-23,S039,snacks,C2332,discount,0.234,0
2024-06-02,S039,snacks,C9063,discount,0.117,0
2024-06-12,S039,snacks,C2935,coupon,0.194,1
2024-06-19,S039,snacks,C6173,coupon,0.208,0
2024-06-20,S039,snacks,C7923,discount,0.204,1
2024-06-23,S039,snacks,C3949,coupon,0.221,0
2024-06-26,S039,snacks,C8632,free_delivery,0.232,1
2024-06-28,S039,snacks,C8361,discount,0.109,0
2024-07-04,S039,snacks,C1709,discount,0.05,0
2024-07-13,S039,snacks,C9402,discount,0.073,0
2024-07-17,S039,snacks,C2483,bundle,0.134,0
2024-07-26,S039,snacks,C7262,discount,0.214,0
2024-08-02,S039,snacks,C3407,discount,0.146,0
2024-08-07,S039,snacks,C4106,bundle,0.241,0
2024-08-11,S039,snacks,C8681,free_delivery,0.244,1
2024-08-16,S039,snacks,C5378,free_delivery,0.197,0
2024-08-19,S039,snacks,C3170,coupon,0.156,0
2024-08-22,S039,snacks,C7212,discount,0.22,0
2024-09-18,S039,snacks,C8046,coupon,0.21,0
2024-09-19,S039,snacks,C4772,discount,0.215,0
2024-09-28,S039,snacks,C1364,coupon,0.186,1
2024-10-09,S039,snacks,C4191,coupon,0.171,0
2024-10-10,S039,snacks,C5394,coupon,0.3,0
2024-10-12,S039,snacks,C1369,discount,0.138,1
2024-10-18,S039,snacks,C6957,discount,0.143,0
2024-10-21,S039,snacks,C6800,discount,0.307,0
2024-10-27,S039,snacks,C4434,coupon,0.172,0
2024-11-03,S039,snacks,C1282,free_delivery,0.104,1
2024-11-14,S039,snacks,C5632,coupon,0.147,0
2024-11-16,S039,snacks,C5956,discount,0.14,1
2024-11-19,S039,snacks,C7421,free_delivery,0.05,1
2024-11-20,S039,snacks,C1722,discount,0.17,1
2024-12-12,S039,snacks,C8938,coupon,0.285,0
2024-12-13,S039,snacks,C4588,discount,0.078,1
2025-01-14,S039,snacks,C2351,free_delivery,0.172,1
2025-01-17,S039,snacks,C8647,discount,0.193,0
2025-01-19,S039,snacks,C1880,bundle,0.247,1
2025-01-22,S039,snacks,C3725,discount,0.233,1
2024-01-14,S039,fresh,C7902,coupon,0.301,0
2024-01-17,S039,fresh,C1905,discount,0.187,0
2024-02-03,S039,fresh,C4648,discount,0.191,0
2024-02-13,S039,fresh,C1347,discount,0.272,0
2024-02-19,S039,fresh,C5869,free_delivery,0.107,0
2024-02-20,S039,fresh,C2315,bundle,0.185,0
2024-02-21,S039,fresh,C5120,bundle,0.124,1
2024-03-15,S039,fresh,C2169,coupon,0.156,0
2024-03-16,S039,fresh,C2255,bundle,0.235,1
2024-04-16,S039,fresh,C3299,free_delivery,0.235,0
2024-05-03,S039,fresh,C3308,bundle,0.077,1
2024-05-08,S039,fresh,C1021,free_delivery,0.05,0
2024-05-16,S039,fresh,C6544,discount,0.193,1
2024-06-17,S039,fresh,C5521,discount,0.263,0
2024-06-28,S039,fresh,C5318,discount,0.158,0
2024-07-26,S039,fresh,C7960,discount,0.058,1
2024-08-04,S039,fresh,C1759,discount,0.267,1
2024-08-10,S039,fresh,C2328,coupon,0.117,0
2024-08-31,S039,fresh,C7134,discount,0.165,0
2024-09-25,S039,fresh,C6645,discount,0.256,1
2024-09-27,S039,fresh,C3565,discount,0.207,0
2024-10-03,S039,fresh,C7819,discount,0.248,0
2024-10-17,S039,fresh,C4200,coupon,0.214,0
2024-11-03,S039,fresh,C7451,coupon,0.132,0
2024-11-05,S039,fresh,C5034,coupon,0.344,1
2024-11-27,S039,fresh,C5286,bundle,0.105,0
2024-11-28,S039,fresh,C9171,discount,0.333,1
2024-12-28,S039,fresh,C4979,discount,0.095,0
2025-01-05,S039,fresh,C9886,bundle,0.128,0
2025-01-07,S039,fresh,C7518,bundle,0.26,0
2025-01-19,S039,fresh,C4919,discount,0.122,0
2025-01-21,S039,fresh,C3136,discount,0.222,0
2024-01-04,S039,household,C2749,free_delivery,0.078,0
2024-01-12,S039,household,C3790,discount,0.186,1
2024-01-29,S039,household,C3783,discount,0.232,0
2024-02-05,S039,household,C1858,coupon,0.221,0
2024-02-08,S039,household,C5957,discount,0.156,0
2024-02-17,S039,household,C6689,discount,0.304,1
2024-05-06,S039,household,C4387,bundle,0.151,1
2024-05-16,S039,household,C8705,discount,0.227,0
2024-06-19,S039,household,C2826,coupon,0.137,0
2024-07-15,S039,household,C2832,free_delivery,0.242,0
2024-07-28,S039,household,C5007,discount,0.05,1
2024-08-04,S039,household,C7708,free_delivery,0.241,0
2024-09-08,S039,household,C3306,discount,0.164,1
2024-09-12,S039,household,C7947,free_delivery,0.233,1
2024-09-15,S039,household,C1092,discount,0.373,0
2024-09-29,S039,household,C7901,coupon,0.106,1
2024-10-05,S039,household,C1128,discount,0.05,0
2024-10-22,S039,household,C4770,coupon,0.109,1
2024-11-21,S039,household,C1166,discount,0.187,1
2024-11-23,S039,household,C5453,discount,0.281,0
2024-12-21,S039,household,C6281,bundle,0.076,0
2025-01-02,S039,household,C5700,discount,0.121,0
2025-01-11,S039,household,C7534,free_delivery,0.151,0
2025-01-12,S039,household,C6858,coupon,0.088,0
2024-01-01,S039,ready_to_eat,C6328,coupon,0.265,0
2024-01-04,S039,ready_to_eat,C3350,coupon,0.225,1
2024-01-13,S039,ready_to_eat,C6470,coupon,0.236,0
2024-01-20,S039,ready_to_eat,C8704,coupon,0.186,0
2024-01-24,S039,ready_to_eat,C7826,bundle,0.192,0
2024-01-28,S039,ready_to_eat,C4282,coupon,0.118,1
2024-03-11,S039,ready_to_eat,C7495,discount,0.092,0
2024-03-16,S039,ready_to_eat,C6594,free_delivery,0.126,0
2024-04-04,S039,ready_to_eat,C8824,discount,0.282,0
2024-04-12,S039,ready_to_eat,C4524,coupon,0.214,0
2024-04-18,S039,ready_to_eat,C3244,discount,0.269,1
2024-05-01,S039,ready_to_eat,C6083,discount,0.154,1
2024-05-17,S039,ready_to_eat,C2774,discount,0.05,0
2024-05-28,S039,ready_to_eat,C1324,free_delivery,0.067,0
2024-05-30,S039,ready_to_eat,C6967,coupon,0.169,1
2024-06-02,S039,ready_to_eat,C6631,coupon,0.143,0
2024-06-16,S039,ready_to_eat,C7349,discount,0.199,0
2024-06-26,S039,ready_to_eat,C5101,free_delivery,0.329,0
2024-06-30,S039,ready_to_eat,C9107,coupon,0.107,1
2024-07-14,S039,ready_to_eat,C3077,discount,0.2,0
2024-07-18,S039,ready_to_eat,C6382,discount,0.282,0
2024-07-21,S039,ready_to_eat,C6726,discount,0.285,1
2024-08-04,S039,ready_to_eat,C6509,discount,0.171,0
2024-08-06,S039,ready_to_eat,C5183,coupon,0.197,0
2024-08-22,S039,ready_to_eat,C2041,coupon,0.197,0
2024-09-07,S039,ready_to_eat,C8162,coupon,0.172,0
2024-09-21,S039,ready_to_eat,C6724,free_delivery,0.332,1
2024-09-22,S039,ready_to_eat,C2506,bundle,0.103,1
2024-09-26,S039,ready_to_eat,C1522,free_delivery,0.282,0
2024-10-03,S039,ready_to_eat,C9616,bundle,0.197,0
2024-10-29,S039,ready_to_eat,C1312,discount,0.297,0
2024-11-12,S039,ready_to_eat,C6100,discount,0.091,0
2024-11-30,S039,ready_to_eat,C6597,discount,0.228,0
2024-12-09,S039,ready_to_eat,C2140,discount,0.116,1
2024-12-23,S039,ready_to_eat,C8215,discount,0.127,1
2025-01-22,S039,ready_to_eat,C9812,discount,0.164,0
2025-01-24,S039,ready_to_eat,C9710,free_delivery,0.163,1
2024-01-01,S039,personal_care,C2281,discount,0.193,0
2024-01-07,S039,personal_care,C8149,discount,0.226,0
2024-01-08,S039,personal_care,C9767,bundle,0.226,1
2024-01-24,S039,personal_care,C4303,discount,0.255,0
2024-02-04,S039,personal_care,C6752,discount,0.24,0
2024-02-11,S039,personal_care,C8468,discount,0.193,0
2024-02-13,S039,personal_care,C8588,discount,0.167,0
2024-02-14,S039,personal_care,C9164,discount,0.119,0
2024-03-03,S039,personal_care,C1648,free_delivery,0.157,0
2024-03-11,S039,personal_care,C7269,free_delivery,0.154,0
2024-03-14,S039,personal_care,C6003,free_delivery,0.229,0
2024-03-16,S039,personal_care,C8217,free_delivery,0.218,1
2024-03-24,S039,personal_care,C9104,bundle,0.146,1
2024-04-14,S039,personal_care,C1592,discount,0.247,1
2024-04-24,S039,personal_care,C2554,coupon,0.121,0
2024-05-01,S039,personal_care,C5742,discount,0.102,1
2024-05-03,S039,personal_care,C8195,discount,0.186,1
2024-05-05,S039,personal_care,C7511,coupon,0.266,1
2024-05-23,S039,personal_care,C2759,bundle,0.172,0
2024-05-24,S039,personal_care,C1002,coupon,0.169,1
2024-06-09,S039,personal_care,C2873,bundle,0.182,0
2024-06-10,S039,personal_care,C9200,free_delivery,0.186,1
2024-07-03,S039,personal_care,C7853,bundle,0.253,0
2024-07-18,S039,personal_care,C5441,coupon,0.103,0
2024-07-24,S039,personal_care,C5561,discount,0.175,0
2024-07-27,S039,personal_care,C6941,bundle,0.148,0
2024-07-31,S039,personal_care,C4522,discount,0.168,1
2024-08-03,S039,personal_care,C5576,discount,0.081,1
2024-08-11,S039,personal_care,C3483,free_delivery,0.254,1
2024-08-12,S039,personal_care,C1444,free_delivery,0.092,0
2024-08-24,S039,personal_care,C9365,free_delivery,0.103,0
2024-08-27,S039,personal_care,C2852,discount,0.17,1
2024-08-28,S039,personal_care,C1197,coupon,0.261,0
2024-08-30,S039,personal_care,C7070,coupon,0.203,0
2024-08-31,S039,personal_care,C4843,free_delivery,0.29,1
2024-09-02,S039,personal_care,C1629,discount,0.17,0
2024-09-28,S039,personal_care,C9261,discount,0.05,1
2024-10-02,S039,personal_care,C5143,discount,0.084,1
2024-10-04,S039,personal_care,C7127,discount,0.163,0
2024-10-05,S039,personal_care,C3703,bundle,0.118,1
2024-10-07,S039,personal_care,C2994,coupon,0.187,0
2024-10-17,S039,personal_care,C9281,discount,0.177,1
2024-10-20,S039,personal_care,C1163,discount,0.12,1
2024-10-27,S039,personal_care,C7834,free_delivery,0.132,0
2024-11-03,S039,personal_care,C5266,free_delivery,0.275,0
2024-11-10,S039,personal_care,C9257,coupon,0.196,1
2024-11-16,S039,personal_care,C9724,coupon,0.163,0
2024-11-30,S039,personal_care,C3970,discount,0.119,0
2024-12-01,S039,personal_care,C4204,discount,0.146,0
2024-12-21,S039,personal_care,C3969,coupon,0.146,0
2025-01-19,S039,personal_care,C8462,coupon,0.182,0
2024-01-24,S040,beverages,C3607,bundle,0.161,1
2024-01-26,S040,beverages,C6865,coupon,0.163,0
2024-01-31,S040,beverages,C6065,bundle,0.178,0
2024-02-02,S040,beverages,C7297,bundle,0.161,0
2024-02-13,S040,beverages,C2023,discount,0.343,1
2024-02-18,S040,beverages,C4817,bundle,0.088,0
2024-03-05,S040,beverages,C3024,coupon,0.096,0
2024-03-09,S040,beverages,C5267,bundle,0.165,1
2024-03-16,S040,beverages,C6649,coupon,0.118,1
2024-03-18,S040,beverages,C6408,free_delivery,0.202,0
2024-03-23,S040,beverages,C7698,discount,0.124,0
2024-04-04,S040,beverages,C6812,coupon,0.181,1
2024-04-08,S040,beverages,C6205,bundle,0.169,0
2024-04-09,S040,beverages,C5474,discount,0.189,0
2024-04-22,S040,beverages,C6220,discount,0.07,1
2024-05-02,S040,beverages,C4857,discount,0.263,1
2024-05-07,S040,beverages,C6401,discount,0.183,0
2024-05-09,S040,beverages,C2985,coupon,0.233,0
2024-05-17,S040,beverages,C4918,coupon,0.22,1
2024-05-24,S040,beverages,C9785,coupon,0.148,0
2024-05-27,S040,beverages,C6312,discount,0.181,0
2024-06-02,S040,beverages,C6670,coupon,0.149,0
2024-06-06,S040,beverages,C3935,discount,0.083,1
2024-06-09,S040,beverages,C3404,bundle,0.248,0
2024-06-10,S040,beverages,C7406,discount,0.065,1
2024-07-01,S040,beverages,C8400,discount,0.289,1
2024-07-06,S040,beverages,C2826,free_delivery,0.227,0
2024-07-12,S040,beverages,C2274,coupon,0.111,0
2024-07-31,S040,beverages,C4036,discount,0.102,0
2024-08-23,S040,beverages,C7327,discount,0.219,1
2024-08-30,S040,beverages,C7651,bundle,0.133,1
2024-09-03,S040,beverages,C2016,bundle,0.252,0
2024-09-04,S040,beverages,C9615,discount,0.215,0
2024-09-15,S040,beverages,C7467,discount,0.117,0
2024-09-18,S040,beverages,C8298,coupon,0.172,1
2024-10-07,S040,beverages,C8329,discount,0.218,0
2024-10-11,S040,beverages,C5219,discount,0.232,1
2024-10-12,S040,beverages,C8228,free_delivery,0.099,1
2024-10-13,S040,beverages,C4468,coupon,0.157,0
2024-10-27,S040,beverages,C9618,discount,0.215,0
2024-10-30,S040,beverages,C2691,discount,0.296,0
2024-11-01,S040,beverages,C2276,free_delivery,0.2,1
2024-12-22,S040,beverages,C5619,free_delivery,0.243,0
2024-12-24,S040,beverages,C9944,free_delivery,0.305,0
2025-01-18,S040,beverages,C2046,coupon,0.204,1
2025-01-25,S040,beverages,C5254,free_delivery,0.187,0
2025-01-27,S040,beverages,C5840,discount,0.322,0
2024-01-02,S040,snacks,C8389,free_delivery,0.191,0
2024-01-08,S040,snacks,C9348,discount,0.187,1
2024-01-10,S040,snacks,C7357,coupon,0.146,0
2024-01-15,S040,snacks,C9987,coupon,0.161,0
2024-01-21,S040,snacks,C2324,discount,0.198,1
2024-01-30,S040,snacks,C4855,bundle,0.248,0
2024-02-28,S040,snacks,C4230,coupon,0.187,1
2024-02-29,S040,snacks,C9575,discount,0.181,1
2024-03-01,S040,snacks,C8300,discount,0.175,0
2024-03-21,S040,snacks,C7628,discount,0.134,0
2024-03-22,S040,snacks,C5875,coupon,0.229,0
2024-03-24,S040,snacks,C5726,coupon,0.262,1
2024-03-28,S040,snacks,C2425,coupon,0.099,0
2024-03-31,S040,snacks,C3871,discount,0.227,1
2024-04-03,S040,snacks,C8926,discount,0.179,0
2024-04-07,S040,snacks,C2758,discount,0.164,0
2024-04-08,S040,snacks,C1180,discount,0.108,0
2024-04-13,S040,snacks,C3795,bundle,0.16,1
2024-04-15,S040,snacks,C1330,discount,0.234,1
2024-04-18,S040,snacks,C8491,discount,0.05,1
2024-04-21,S040,snacks,C4545,free_delivery,0.112,1
2024-04-27,S040,snacks,C3577,coupon,0.174,0
2024-04-30,S040,snacks,C8513,coupon,0.28,0
2024-05-07,S040,snacks,C3612,bundle,0.077,1
2024-05-08,S040,snacks,C1694,discount,0.137,0
2024-05-12,S040,snacks,C8349,discount,0.083,1
2024-06-03,S040,snacks,C1220,discount,0.105,0
2024-06-08,S040,snacks,C7118,bundle,0.107,0
2024-06-13,S040,snacks,C9168,discount,0.21,1
2024-06-14,S040,snacks,C8890,discount,0.227,1
2024-06-16,S040,snacks,C7743,discount,0.084,0
2024-06-29,S040,snacks,C2072,discount,0.221,1
2024-07-05,S040,snacks,C1567,free_delivery,0.17,0
2024-07-07,S040,snacks,C7882,bundle,0.189,0
2024-07-22,S040,snacks,C2043,discount,0.168,0
2024-07-23,S040,snacks,C3999,free_delivery,0.106,1
2024-07-30,S040,snacks,C8834,coupon,0.127,1
2024-08-06,S040,snacks,C7192,discount,0.147,0
2024-08-14,S040,snacks,C3742,free_delivery,0.321,0
2024-08-16,S040,snacks,C2758,bundle,0.271,0
2024-08-17,S040,snacks,C6755,coupon,0.235,1
2024-09-03,S040,snacks,C7657,free_delivery,0.344,1
2024-09-06,S040,snacks,C3064,discount,0.103,1
2024-09-16,S040,snacks,C9500,bundle,0.184,0
2024-09-21,S040,snacks,C6479,discount,0.052,1
2024-09-25,S040,snacks,C3476,discount,0.05,0
2024-10-05,S040,snacks,C8540,discount,0.254,0
2024-10-07,S040,snacks,C3327,discount,0.05,0
2024-10-12,S040,snacks,C3753,discount,0.213,1
2024-10-21,S040,snacks,C2560,free_delivery,0.15,1
2024-10-25,S040,snacks,C2071,discount,0.2,0
2024-11-03,S040,snacks,C3221,discount,0.214,0
2024-11-04,S040,snacks,C1106,free_delivery,0.198,1
2024-11-09,S040,snacks,C2795,discount,0.068,1
2024-11-14,S040,snacks,C8015,discount,0.193,1
2024-11-28,S040,snacks,C2580,discount,0.116,0
2024-12-14,S040,snacks,C4825,discount,0.264,0
2024-12-17,S040,snacks,C5135,discount,0.153,1
2024-12-28,S040,snacks,C4641,discount,0.107,0
2025-01-04,S040,snacks,C4855,discount,0.212,0
2025-01-12,S040,snacks,C1710,discount,0.122,1
2025-01-25,S040,snacks,C8399,discount,0.223,0
2025-01-26,S040,snacks,C6575,discount,0.303,0
2024-01-05,S040,fresh,C3036,discount,0.082,0
2024-01-11,S040,fresh,C9105,bundle,0.175,0
2024-01-15,S040,fresh,C7355,coupon,0.207,0
2024-01-23,S040,fresh,C1241,coupon,0.174,0
2024-02-13,S040,fresh,C2654,discount,0.133,0
2024-03-02,S040,fresh,C8369,discount,0.256,1
2024-03-20,S040,fresh,C1757,discount,0.101,0
2024-04-06,S040,fresh,C8462,bundle,0.073,0
2024-04-12,S040,fresh,C9742,coupon,0.317,1
2024-05-01,S040,fresh,C4497,discount,0.172,0
2024-05-02,S040,fresh,C6758,free_delivery,0.188,1
2024-07-09,S040,fresh,C5792,bundle,0.087,1
2024-07-27,S040,fresh,C8400,discount,0.24,1
2024-08-07,S040,fresh,C7686,discount,0.159,1
2024-08-18,S040,fresh,C3441,free_delivery,0.07,1
2024-09-15,S040,fresh,C2330,coupon,0.205,0
2024-09-22,S040,fresh,C2209,discount,0.207,1
2024-10-02,S040,fresh,C9956,coupon,0.267,1
2024-10-18,S040,fresh,C9673,coupon,0.116,0
2024-10-20,S040,fresh,C1536,discount,0.151,0
2024-10-27,S040,fresh,C3408,discount,0.228,1
2024-11-03,S040,fresh,C4493,coupon,0.185,1
2024-11-07,S040,fresh,C2158,discount,0.135,0
2024-12-03,S040,fresh,C8089,bundle,0.22,1
2024-12-15,S040,fresh,C1238,discount,0.218,0
2025-01-10,S040,fresh,C9249,discount,0.286,0
2025-01-13,S040,fresh,C3356,bundle,0.205,0
2025-01-26,S040,fresh,C3546,coupon,0.057,0
2024-02-10,S040,household,C5894,free_delivery,0.153,0
2024-02-11,S040,household,C5444,discount,0.113,1
2024-02-17,S040,household,C1371,discount,0.139,1
2024-03-24,S040,household,C3949,discount,0.05,0
2024-03-29,S040,household,C4272,discount,0.19,1
2024-04-02,S040,household,C8450,bundle,0.278,0
2024-04-03,S040,household,C4267,free_delivery,0.103,0
2024-04-05,S040,household,C3578,discount,0.107,0
2024-04-12,S040,household,C9137,free_delivery,0.075,0
2024-04-30,S040,household,C7032,discount,0.17,1
2024-05-03,S040,household,C2362,discount,0.271,1
2024-05-20,S040,household,C6854,discount,0.263,0
2024-06-01,S040,household,C3414,discount,0.158,0
2024-06-15,S040,household,C6360,discount,0.252,1
2024-06-30,S040,household,C4285,discount,0.141,1
2024-07-16,S040,household,C1510,discount,0.167,0
2024-08-01,S040,household,C9097,bundle,0.085,1
2024-08-02,S040,household,C4036,discount,0.146,1
2024-08-06,S040,household,C3779,coupon,0.175,1
2024-08-09,S040,household,C7499,free_delivery,0.11,1
2024-09-05,S040,household,C4847,bundle,0.164,0
2024-01-03,S040,ready_to_eat,C5554,discount,0.227,0
2024-01-20,S040,ready_to_eat,C2402,discount,0.124,0
2024-01-27,S040,ready_to_eat,C7360,discount,0.167,1
2024-01-29,S040,ready_to_eat,C4406,bundle,0.182,0
2024-02-09,S040,ready_to_eat,C5006,discount,0.193,1
2024-02-13,S040,ready_to_eat,C4449,bundle,0.249,1
2024-02-16,S040,ready_to_eat,C6103,bundle,0.167,0
2024-02-23,S040,ready_to_eat,C8244,coupon,0.181,0
2024-02-25,S040,ready_to_eat,C4914,discount,0.168,1
2024-03-16,S040,ready_to_eat,C5461,discount,0.086,0
2024-03-22,S040,ready_to_eat,C2106,discount,0.15,0
2024-03-23,S040,ready_to_eat,C4730,coupon,0.233,1
2024-03-27,S040,ready_to_eat,C9356,coupon,0.258,1
2024-04-16,S040,ready_to_eat,C6843,free_delivery,0.163,0
2024-04-19,S040,ready_to_eat,C2555,coupon,0.109,1
2024-05-14,S040,ready_to_eat,C3686,discount,0.141,1
2024-05-28,S040,ready_to_eat,C2609,bundle,0.287,0
2024-06-24,S040,ready_to_eat,C2672,coupon,0.257,1
2024-07-19,S040,ready_to_eat,C8708,bundle,0.183,0
2024-08-16,S040,ready_to_eat,C9790,discount,0.206,0
2024-08-25,S040,ready_to_eat,C8666,discount,0.258,0
2024-08-29,S040,ready_to_eat,C1599,coupon,0.295,0
2024-09-01,S040,ready_to_eat,C1124,discount,0.22,1
2024-09-03,S040,ready_to_eat,C2716,coupon,0.148,0
2024-09-04,S040,ready_to_eat,C6626,discount,0.253,1
2024-09-07,S040,ready_to_eat,C4975,free_delivery,0.106,0
2024-09-20,S040,ready_to_eat,C5016,bundle,0.097,0
2024-10-05,S040,ready_to_eat,C4224,discount,0.05,1
2024-10-07,S040,ready_to_eat,C6019,discount,0.213,1
2024-10-10,S040,ready_to_eat,C8877,discount,0.309,0
2024-10-21,S040,ready_to_eat,C1167,discount,0.099,1
2024-10-29,S040,ready_to_eat,C1567,discount,0.05,1
2024-11-17,S040,ready_to_eat,C2049,discount,0.232,0
2024-11-18,S040,ready_to_eat,C7021,free_delivery,0.195,0
2024-11-20,S040,ready_to_eat,C3626,discount,0.219,1
2024-12-17,S040,ready_to_eat,C4754,discount,0.085,0
2024-12-22,S040,ready_to_eat,C2240,discount,0.282,0
2024-12-23,S040,ready_to_eat,C1105,coupon,0.2,1
2025-01-07,S040,ready_to_eat,C4805,discount,0.135,0
2025-01-20,S040,ready_to_eat,C9762,discount,0.171,1
2025-01-24,S040,ready_to_eat,C8689,discount,0.184,1
2024-01-06,S040,personal_care,C4635,discount,0.224,0
2024-01-12,S040,personal_care,C1748,free_delivery,0.132,1
2024-02-10,S040,personal_care,C6790,free_delivery,0.232,1
2024-02-17,S040,personal_care,C1990,bundle,0.087,0
2024-02-21,S040,personal_care,C5171,discount,0.201,1
2024-02-22,S040,personal_care,C5401,coupon,0.16,0
2024-04-05,S040,personal_care,C5136,coupon,0.185,0
2024-04-23,S040,personal_care,C5131,free_delivery,0.19,0
2024-05-03,S040,personal_care,C9792,discount,0.2,0
2024-05-10,S040,personal_care,C3321,free_delivery,0.16,0
2024-05-12,S040,personal_care,C8718,bundle,0.337,1
2024-05-29,S040,personal_care,C5689,free_delivery,0.181,0
2024-06-10,S040,personal_care,C4182,discount,0.089,0
2024-06-21,S040,personal_care,C7848,discount,0.06,0
2024-06-30,S040,personal_care,C1869,discount,0.083,1
2024-07-06,S040,personal_care,C2987,discount,0.175,1
2024-07-13,S040,personal_care,C3750,coupon,0.232,1
2024-07-21,S040,personal_care,C5051,discount,0.122,1
2024-08-07,S040,personal_care,C3806,discount,0.219,1
2024-08-13,S040,personal_care,C6213,discount,0.097,1
2024-08-30,S040,personal_care,C1997,discount,0.156,0
2024-08-31,S040,personal_care,C1357,bundle,0.15,1
2024-09-01,S040,personal_care,C1793,discount,0.205,0
2024-09-07,S040,personal_care,C5186,coupon,0.137,0
2024-09-24,S040,personal_care,C5875,coupon,0.274,0
2024-10-11,S040,personal_care,C5651,discount,0.269,0
2024-10-24,S040,personal_care,C9294,coupon,0.384,0
2024-10-26,S040,personal_care,C3839,coupon,0.184,0
2024-10-28,S040,personal_care,C8030,coupon,0.178,0
2024-11-11,S040,personal_care,C9219,discount,0.167,1
2024-11-23,S040,personal_care,C7769,bundle,0.069,0
2024-12-01,S040,personal_care,C6171,discount,0.149,1
2025-01-01,S040,personal_care,C1612,coupon,0.183,1
2025-01-11,S040,personal_care,C5704,discount,0.36,0
2025-01-22,S040,personal_care,C1107,coupon,0.13,0
2024-01-09,S041,beverages,C5218,bundle,0.288,0
2024-01-17,S041,beverages,C5059,discount,0.157,1
2024-01-30,S041,beverages,C6983,discount,0.14,1
2024-02-04,S041,beverages,C4953,discount,0.227,0
2024-02-10,S041,beverages,C1369,free_delivery,0.296,0
2024-02-23,S041,beverages,C7474,free_delivery,0.193,1
2024-03-10,S041,beverages,C7999,discount,0.132,0
2024-03-16,S041,beverages,C8109,discount,0.116,0
2024-03-19,S041,beverages,C2611,free_delivery,0.05,0
2024-04-03,S041,beverages,C2025,discount,0.154,0
2024-04-25,S041,beverages,C4152,discount,0.199,1
2024-04-27,S041,beverages,C8850,discount,0.21,1
2024-05-03,S041,beverages,C9935,coupon,0.231,1
2024-05-27,S041,beverages,C7059,discount,0.083,0
2024-05-30,S041,beverages,C1023,coupon,0.168,0
2024-06-05,S041,beverages,C3390,bundle,0.182,0
2024-06-14,S041,beverages,C6540,free_delivery,0.092,1
2024-06-22,S041,beverages,C5200,discount,0.314,1
2024-06-30,S041,beverages,C6227,discount,0.058,1
2024-07-07,S041,beverages,C9649,discount,0.342,0
2024-07-09,S041,beverages,C4082,discount,0.275,1
2024-07-11,S041,beverages,C1752,discount,0.137,0
2024-07-14,S041,beverages,C5866,bundle,0.066,0
2024-07-21,S041,beverages,C4189,discount,0.108,0
2024-08-03,S041,beverages,C4678,discount,0.192,1
2024-08-04,S041,beverages,C4653,coupon,0.249,1
2024-08-06,S041,beverages,C4834,discount,0.191,0
2024-08-14,S041,beverages,C5848,discount,0.164,0
2024-08-21,S041,beverages,C5347,discount,0.202,1
2024-09-07,S041,beverages,C3669,discount,0.279,0
2024-09-16,S041,beverages,C8717,discount,0.194,0
2024-10-20,S041,beverages,C7196,discount,0.239,0
2024-10-21,S041,beverages,C1442,bundle,0.266,1
2024-10-31,S041,beverages,C9581,discount,0.172,1
2024-11-10,S041,beverages,C9793,bundle,0.245,1
2024-11-23,S041,beverages,C7916,coupon,0.164,1
2024-12-20,S041,beverages,C3035,free_delivery,0.232,0
2024-12-29,S041,beverages,C1747,coupon,0.05,0
2025-01-04,S041,beverages,C4355,free_delivery,0.067,1
2025-01-05,S041,beverages,C9753,bundle,0.205,0
2025-01-16,S041,beverages,C6932,bundle,0.344,0
2025-01-21,S041,beverages,C7513,discount,0.152,0
2025-01-23,S041,beverages,C3363,free_delivery,0.097,0
2025-01-24,S041,beverages,C1784,discount,0.177,0
2024-01-07,S041,snacks,C3068,discount,0.129,1
2024-01-17,S041,snacks,C9450,bundle,0.233,1
2024-01-19,S041,snacks,C9552,free_delivery,0.152,0
2024-01-22,S041,snacks,C9092,bundle,0.233,0
2024-01-23,S041,snacks,C3734,free_delivery,0.221,0
2024-01-26,S041,snacks,C3998,free_delivery,0.236,0
2024-01-30,S041,snacks,C4517,discount,0.212,1
2024-02-09,S041,snacks,C3283,free_delivery,0.155,1
2024-02-11,S041,snacks,C8052,discount,0.05,0
2024-02-13,S041,snacks,C3478,coupon,0.221,1
2024-02-15,S041,snacks,C7764,discount,0.278,0
2024-02-19,S041,snacks,C2953,coupon,0.153,0
2024-02-20,S041,snacks,C4832,coupon,0.05,0
2024-02-25,S041,snacks,C4167,free_delivery,0.295,0
2024-03-14,S041,snacks,C1039,coupon,0.214,1
2024-03-28,S041,snacks,C7812,coupon,0.123,1
2024-04-03,S041,snacks,C1590,bundle,0.068,1
2024-04-05,S041,snacks,C6302,free_delivery,0.312,1
2024-04-07,S041,snacks,C1298,discount,0.181,1
2024-04-11,S041,snacks,C4105,discount,0.135,0
2024-04-20,S041,snacks,C1799,coupon,0.261,0
2024-04-25,S041,snacks,C9616,discount,0.27,0
2024-04-27,S041,snacks,C3347,bundle,0.051,1
2024-04-30,S041,snacks,C6628,coupon,0.099,0
2024-05-05,S041,snacks,C6827,discount,0.068,1
2024-05-10,S041,snacks,C6258,coupon,0.308,0
2024-05-31,S041,snacks,C7591,coupon,0.088,1
2024-06-01,S041,snacks,C3621,discount,0.213,0
2024-06-12,S041,snacks,C3450,free_delivery,0.076,1
2024-06-14,S041,snacks,C8188,discount,0.294,0
2024-06-21,S041,snacks,C3000,bundle,0.22,0
2024-06-29,S041,snacks,C6542,discount,0.168,0
2024-07-17,S041,snacks,C5247,free_delivery,0.102,1
2024-07-18,S041,snacks,C6843,coupon,0.287,1
2024-07-20,S041,snacks,C1180,free_delivery,0.25,0
2024-07-21,S041,snacks,C9451,free_delivery,0.174,0
2024-07-22,S041,snacks,C7041,discount,0.264,0
2024-07-23,S041,snacks,C2336,discount,0.202,1
2024-07-31,S041,snacks,C2112,discount,0.262,0
2024-08-05,S041,snacks,C2147,discount,0.225,1
2024-08-12,S041,snacks,C8466,discount,0.194,0
2024-08-23,S041,snacks,C4345,discount,0.217,1
2024-08-25,S041,snacks,C3276,discount,0.212,0
2024-08-26,S041,snacks,C1938,coupon,0.188,0
2024-09-05,S041,snacks,C4421,discount,0.175,1
2024-09-15,S041,snacks,C4074,discount,0.05,0
2024-09-23,S041,snacks,C3677,free_delivery,0.186,0
2024-09-25,S041,snacks,C1643,discount,0.226,1
2024-09-30,S041,snacks,C2102,bundle,0.242,1
2024-10-02,S041,snacks,C6355,bundle,0.322,1
2024-10-07,S041,snacks,C2421,discount,0.269,1
2024-10-13,S041,snacks,C7662,coupon,0.05,0
2024-10-15,S041,snacks,C7589,bundle,0.201,1
2024-10-21,S041,snacks,C1827,bundle,0.05,0
2024-11-06,S041,snacks,C6129,discount,0.17,1
2024-11-08,S041,snacks,C5625,discount,0.123,1
2024-11-22,S041,snacks,C2308,free_delivery,0.219,0
2024-11-23,S041,snacks,C3784,coupon,0.229,0
2024-11-24,S041,snacks,C5204,discount,0.303,1
2024-11-27,S041,snacks,C8462,coupon,0.199,1
2024-11-30,S041,snacks,C3426,discount,0.223,0
2024-12-07,S041,snacks,C2567,free_delivery,0.052,0
2024-12-08,S041,snacks,C8621,discount,0.165,0
2024-12-15,S041,snacks,C1810,discount,0.098,1
2024-12-26,S041,snacks,C8201,bundle,0.217,1
2024-12-27,S041,snacks,C3753,bundle,0.293,0
2024-12-28,S041,snacks,C3037,discount,0.12,1
2025-01-01,S041,snacks,C5576,coupon,0.115,1
2025-01-02,S041,snacks,C9153,bundle,0.091,1
2025-01-11,S041,snacks,C3715,discount,0.118,0
2025-01-23,S041,snacks,C1046,free_delivery,0.264,0
2024-02-01,S041,fresh,C6146,discount,0.205,1
2024-02-03,S041,fresh,C4590,discount,0.127,1
2024-02-10,S041,fresh,C2200,coupon,0.209,1
2024-02-13,S041,fresh,C9970,coupon,0.165,0
2024-03-24,S041,fresh,C7678,bundle,0.207,0
2024-03-31,S041,fresh,C4329,discount,0.244,0
2024-04-12,S041,fresh,C5657,free_delivery,0.089,1
2024-04-20,S041,fresh,C6205,discount,0.134,1
2024-05-01,S041,fresh,C2858,discount,0.096,0
2024-05-11,S041,fresh,C9230,free_delivery,0.163,1
2024-05-19,S041,fresh,C9508,bundle,0.191,0
2024-05-25,S041,fresh,C8865,coupon,0.257,0
2024-06-08,S041,fresh,C7566,free_delivery,0.356,0
2024-06-22,S041,fresh,C4349,discount,0.326,1
2024-06-30,S041,fresh,C7743,discount,0.141,1
2024-07-24,S041,fresh,C2388,discount,0.3,0
2024-07-26,S041,fresh,C5675,discount,0.21,0
2024-08-20,S041,fresh,C2878,coupon,0.238,1
2024-09-15,S041,fresh,C7361,free_delivery,0.227,1
2024-09-16,S041,fresh,C1054,discount,0.241,1
2024-09-22,S041,fresh,C2982,free_delivery,0.117,1
2024-09-29,S041,fresh,C2692,free_delivery,0.224,0
2024-10-08,S041,fresh,C1590,bundle,0.17,0
2024-10-13,S041,fresh,C6508,discount,0.141,1
2024-11-18,S041,fresh,C3896,discount,0.112,1
2024-11-22,S041,fresh,C4121,bundle,0.178,0
2024-11-26,S041,fresh,C6255,free_delivery,0.327,1
2024-12-15,S041,fresh,C9460,coupon,0.237,0
2024-12-23,S041,fresh,C9457,free_delivery,0.152,0
2024-12-28,S041,fresh,C3849,discount,0.185,1
2025-01-16,S041,fresh,C3114,discount,0.18,0
2025-01-20,S041,fresh,C3512,bundle,0.143,1
2024-01-01,S041,household,C6147,coupon,0.164,1
2024-01-08,S041,household,C1775,discount,0.141,0
2024-01-12,S041,household,C6398,discount,0.304,1
2024-01-20,S041,household,C2639,free_delivery,0.276,0
2024-01-23,S041,household,C6686,coupon,0.256,0
2024-03-16,S041,household,C8672,discount,0.054,1
2024-04-17,S041,household,C7389,discount,0.25,0
2024-04-30,S041,household,C8083,coupon,0.146,1
2024-05-24,S041,household,C8424,discount,0.142,1
2024-06-19,S041,household,C6076,discount,0.169,1
2024-06-30,S041,household,C5883,bundle,0.05,1
2024-07-03,S041,household,C2437,discount,0.181,0
2024-07-15,S041,household,C8609,coupon,0.11,0
2024-07-20,S041,household,C5194,coupon,0.149,0
2024-07-24,S041,household,C1231,bundle,0.135,1
2024-09-29,S041,household,C2806,coupon,0.271,0
2024-10-05,S041,household,C8075,coupon,0.213,1
2024-10-20,S041,household,C2951,discount,0.244,0
2024-11-18,S041,household,C8273,bundle,0.256,1
2024-12-14,S041,household,C5749,coupon,0.179,1
2024-12-21,S041,household,C4160,discount,0.22,0
2025-01-04,S041,household,C2287,discount,0.127,0
2025-01-11,S041,household,C6552,discount,0.162,0
2024-01-29,S041,ready_to_eat,C6344,discount,0.129,0
2024-02-02,S041,ready_to_eat,C5319,free_delivery,0.183,1
2024-02-12,S041,ready_to_eat,C8193,free_delivery,0.183,1
2024-02-18,S041,ready_to_eat,C8454,discount,0.276,0
2024-02-20,S041,ready_to_eat,C8338,discount,0.123,1
2024-03-13,S041,ready_to_eat,C7718,coupon,0.229,0
2024-03-14,S041,ready_to_eat,C6098,free_delivery,0.126,1
2024-03-23,S041,ready_to_eat,C2499,discount,0.078,0
2024-04-01,S041,ready_to_eat,C8914,discount,0.17,0
2024-04-04,S041,ready_to_eat,C7582,coupon,0.208,0
2024-04-05,S041,ready_to_eat,C3864,free_delivery,0.217,1
2024-04-19,S041,ready_to_eat,C7813,discount,0.214,0
2024-04-25,S041,ready_to_eat,C3290,coupon,0.116,1
2024-05-09,S041,ready_to_eat,C5617,coupon,0.138,1
2024-05-13,S041,ready_to_eat,C5212,free_delivery,0.106,0
2024-05-16,S041,ready_to_eat,C1557,bundle,0.263,0
2024-05-18,S041,ready_to_eat,C7516,coupon,0.207,1
2024-05-25,S041,ready_to_eat,C1017,coupon,0.084,0
2024-06-01,S041,ready_to_eat,C1755,coupon,0.214,1
2024-06-10,S041,ready_to_eat,C8761,discount,0.251,0
2024-06-14,S041,ready_to_eat,C7054,discount,0.191,1
2024-06-15,S041,ready_to_eat,C3900,discount,0.187,0
2024-06-19,S041,ready_to_eat,C3342,discount,0.221,1
2024-06-22,S041,ready_to_eat,C8945,free_delivery,0.311,1
2024-06-30,S041,ready_to_eat,C9393,discount,0.101,0
2024-07-01,S041,ready_to_eat,C8673,discount,0.208,0
2024-08-10,S041,ready_to_eat,C9819,discount,0.217,0
2024-08-15,S041,ready_to_eat,C8250,bundle,0.245,1
2024-08-17,S041,ready_to_eat,C6501,discount,0.133,0
2024-08-22,S041,ready_to_eat,C1902,coupon,0.171,0
2024-08-29,S041,ready_to_eat,C2495,discount,0.199,0
2024-09-02,S041,ready_to_eat,C7555,discount,0.201,0
2024-09-12,S041,ready_to_eat,C2967,bundle,0.205,1
2024-09-19,S041,ready_to_eat,C3422,bundle,0.109,0
2024-09-24,S041,ready_to_eat,C5003,coupon,0.12,0
2024-09-26,S041,ready_to_eat,C3531,discount,0.139,0
2024-10-03,S041,ready_to_eat,C4849,discount,0.19,0
2024-10-09,S041,ready_to_eat,C3003,free_delivery,0.191,0
2024-10-12,S041,ready_to_eat,C3295,bundle,0.168,0
2024-10-18,S041,ready_to_eat,C1785,coupon,0.226,0
2024-11-05,S041,ready_to_eat,C5088,coupon,0.19,1
2024-11-09,S041,ready_to_eat,C8223,free_delivery,0.201,0
2024-11-28,S041,ready_to_eat,C3997,bundle,0.24,0
2024-11-29,S041,ready_to_eat,C2432,free_delivery,0.228,0
2024-12-06,S041,ready_to_eat,C8623,discount,0.248,0
2024-12-08,S041,ready_to_eat,C5504,coupon,0.262,1
2024-12-19,S041,ready_to_eat,C4885,discount,0.255,0
2024-12-20,S041,ready_to_eat,C9410,coupon,0.124,1
2024-12-23,S041,ready_to_eat,C3794,free_delivery,0.168,0
2024-12-31,S041,ready_to_eat,C4816,discount,0.131,0
2025-01-27,S041,ready_to_eat,C5372,coupon,0.05,0
2024-01-01,S041,personal_care,C1976,discount,0.093,0
2024-01-11,S041,personal_care,C4462,bundle,0.232,1
2024-01-22,S041,personal_care,C8368,discount,0.198,0
2024-01-27,S041,personal_care,C1645,bundle,0.228,0
2024-02-25,S041,personal_care,C9786,discount,0.28,1
2024-03-02,S041,personal_care,C2090,coupon,0.05,0
2024-04-17,S041,personal_care,C6269,discount,0.284,1
2024-04-20,S041,personal_care,C5845,discount,0.087,0
2024-04-27,S041,personal_care,C1855,free_delivery,0.176,1
2024-04-28,S041,personal_care,C7449,discount,0.09,1
2024-06-09,S041,personal_care,C5883,discount,0.211,0
2024-06-17,S041,personal_care,C6686,discount,0.133,0
2024-06-24,S041,personal_care,C7134,bundle,0.14,0
2024-08-12,S041,personal_care,C7087,coupon,0.115,0
2024-08-17,S041,personal_care,C7571,discount,0.302,0
2024-08-29,S041,personal_care,C9417,discount,0.106,0
2024-09-05,S041,personal_care,C1452,bundle,0.05,0
2024-09-15,S041,personal_care,C2413,discount,0.24,0
2024-09-16,S041,personal_care,C6805,discount,0.269,0
2024-09-17,S041,personal_care,C9676,discount,0.17,1
2024-10-03,S041,personal_care,C9448,discount,0.201,0
2024-10-12,S041,personal_care,C4294,bundle,0.159,1
2024-11-16,S041,personal_care,C6345,discount,0.144,1
2024-11-30,S041,personal_care,C3766,bundle,0.178,0
2024-12-16,S041,personal_care,C8310,discount,0.085,0
2024-12-28,S041,personal_care,C4984,coupon,0.094,1
2024-12-31,S041,personal_care,C7731,discount,0.189,0
2025-01-20,S041,personal_care,C9074,discount,0.18,0
2024-01-13,S042,beverages,C2921,discount,0.202,1
2024-01-16,S042,beverages,C6164,coupon,0.325,1
2024-02-04,S042,beverages,C1220,discount,0.257,0
2024-02-05,S042,beverages,C9577,coupon,0.191,0
2024-02-16,S042,beverages,C7839,discount,0.149,1
2024-02-21,S042,beverages,C8496,coupon,0.199,0
2024-03-04,S042,beverages,C9137,discount,-0.1,0
2024-03-09,S042,beverages,C5329,discount,0.179,0
2024-03-10,S042,beverages,C2680,free_delivery,0.305,0
2024-03-17,S042,beverages,C8813,coupon,0.134,0
2024-03-24,S042,beverages,C3752,discount,0.239,1
2024-03-25,S042,beverages,C1891,discount,0.153,1
2024-04-10,S042,beverages,C7898,discount,0.157,0
2024-04-20,S042,beverages,C4754,free_delivery,0.348,0
2024-04-21,S042,beverages,C5953,bundle,0.13,1
2024-04-22,S042,beverages,C5038,discount,0.05,1
2024-05-02,S042,beverages,C3547,bundle,0.209,1
2024-05-06,S042,beverages,C2571,coupon,0.166,1
2024-05-09,S042,beverages,C6840,free_delivery,0.244,1
2024-05-17,S042,beverages,C3328,free_delivery,0.295,1
2024-05-23,S042,beverages,C2215,bundle,0.126,0
2024-05-26,S042,beverages,C3085,discount,0.154,0
2024-06-02,S042,beverages,C3680,discount,0.05,0
2024-06-05,S042,beverages,C6507,coupon,0.137,0
2024-06-07,S042,beverages,C7875,coupon,0.214,0
2024-06-14,S042,beverages,C8104,discount,0.107,0
2024-06-15,S042,beverages,C9100,coupon,0.247,1
2024-06-20,S042,beverages,C8173,discount,0.05,0
2024-06-22,S042,beverages,C8928,bundle,0.13,0
2024-06-23,S042,beverages,C3522,free_delivery,0.233,0
2024-06-26,S042,beverages,C9878,discount,0.182,1
2024-06-27,S042,beverages,C3242,discount,0.263,0
2024-06-30,S042,beverages,C1566,discount,0.202,0
2024-07-05,S042,beverages,C3200,discount,0.218,0
2024-07-07,S042,beverages,C7516,free_delivery,0.246,0
2024-07-08,S042,beverages,C9060,coupon,0.177,0
2024-07-21,S042,beverages,C5219,discount,0.108,0
2024-07-27,S042,beverages,C8390,discount,0.218,1
2024-07-29,S042,beverages,C4124,discount,0.171,1
2024-08-31,S042,beverages,C3718,discount,0.118,0
2024-09-03,S042,beverages,C3919,coupon,0.118,0
2024-09-19,S042,beverages,C7572,discount,0.159,1
2024-09-24,S042,beverages,C4689,bundle,0.184,1
2024-10-05,S042,beverages,C2706,free_delivery,0.277,0
2024-11-16,S042,beverages,C3691,bundle,0.164,0
2024-11-20,S042,beverages,C7928,discount,0.17,1
2024-11-25,S042,beverages,C7811,discount,0.198,0
2024-11-28,S042,beverages,C7315,free_delivery,0.218,0
2024-12-02,S042,beverages,C3053,free_delivery,0.179,1
2024-12-15,S042,beverages,C7655,free_delivery,0.241,0
2024-12-28,S042,beverages,C4370,discount,0.246,1
2024-12-30,S042,beverages,C4361,discount,0.208,0
2025-01-01,S042,beverages,C6199,coupon,0.258,0
2025-01-05,S042,beverages,C5164,coupon,0.288,0
2025-01-10,S042,beverages,C8642,free_delivery,0.326,1
2025-01-12,S042,beverages,C7836,discount,0.258,0
2025-01-19,S042,beverages,C7947,free_delivery,0.125,0
2025-01-21,S042,beverages,C6718,discount,0.157,1
2025-01-26,S042,beverages,C2612,coupon,0.111,1
2024-01-06,S042,snacks,C8842,discount,0.36,1
2024-01-18,S042,snacks,C8505,coupon,0.209,0
2024-01-27,S042,snacks,C2677,bundle,0.217,1
2024-01-28,S042,snacks,C1848,free_delivery,0.072,1
2024-01-29,S042,snacks,C5880,coupon,0.184,1
2024-02-01,S042,snacks,C9527,discount,0.306,0
2024-02-05,S042,snacks,C8101,discount,0.083,0
2024-02-12,S042,snacks,C6575,discount,0.173,0
2024-02-13,S042,snacks,C5565,discount,0.154,0
2024-02-29,S042,snacks,C2402,free_delivery,0.17,1
2024-03-02,S042,snacks,C2804,coupon,0.056,0
2024-03-18,S042,snacks,C5263,bundle,0.128,0
2024-03-31,S042,snacks,C9963,bundle,0.05,0
2024-04-10,S042,snacks,C3159,discount,0.266,1
2024-04-16,S042,snacks,C6441,free_delivery,0.143,1
2024-04-22,S042,snacks,C8806,discount,0.179,1
2024-04-23,S042,snacks,C2952,coupon,0.241,1
2024-04-28,S042,snacks,C1168,bundle,0.129,0
2024-05-01,S042,snacks,C2254,free_delivery,0.14,1
2024-05-07,S042,snacks,C6201,discount,0.162,0
2024-05-10,S042,snacks,C4706,coupon,0.181,1
2024-05-18,S042,snacks,C3783,free_delivery,0.197,0
2024-05-19,S042,snacks,C7587,discount,0.237,1
2024-05-27,S042,snacks,C1052,coupon,0.238,0
2024-05-29,S042,snacks,C6352,coupon,0.158,0
2024-06-04,S042,snacks,C7097,coupon,0.277,0
2024-06-14,S042,snacks,C2700,discount,0.119,0
2024-06-16,S042,snacks,C7022,free_delivery,0.092,0
2024-06-22,S042,snacks,C9476,bundle,0.178,0
2024-07-14,S042,snacks,C6642,coupon,0.196,1
2024-07-25,S042,snacks,C2625,coupon,0.186,1
2024-07-27,S042,snacks,C1529,free_delivery,0.234,0
2024-07-28,S042,snacks,C9816,discount,0.098,1
2024-07-29,S042,snacks,C5966,discount,0.237,0
2024-08-04,S042,snacks,C1903,coupon,0.13,1
2024-08-13,S042,snacks,C4758,discount,0.121,0
2024-08-14,S042,snacks,C7990,bundle,0.196,0
2024-08-21,S042,snacks,C7842,coupon,0.293,0
2024-09-03,S042,snacks,C3472,bundle,0.05,0
2024-09-05,S042,snacks,C7437,bundle,0.15,0
2024-09-10,S042,snacks,C1693,discount,0.131,1
2024-09-19,S042,snacks,C5120,coupon,0.12,0
2024-10-02,S042,snacks,C3435,discount,0.105,0
2024-10-06,S042,snacks,C6331,discount,0.113,0
2024-10-09,S042,snacks,C3485,discount,0.061,1
2024-10-19,S042,snacks,C7915,coupon,0.199,1
2024-10-23,S042,snacks,C4139,coupon,0.061,0
2024-10-26,S042,snacks,C2676,discount,0.231,1
2024-11-02,S042,snacks,C5630,discount,0.172,1
2024-11-03,S042,snacks,C8730,coupon,0.147,1
2024-11-04,S042,snacks,C5705,coupon,0.247,1
2024-11-16,S042,snacks,C8975,discount,0.131,0
2024-11-25,S042,snacks,C6582,discount,0.188,0
2024-12-04,S042,snacks,C7895,discount,0.294,0
2024-12-09,S042,snacks,C6088,free_delivery,0.055,1
2024-12-13,S042,snacks,C3427,discount,0.142,0
2024-12-24,S042,snacks,C4073,free_delivery,0.155,0
2025-01-22,S042,snacks,C5147,discount,0.18,1
2024-01-21,S042,fresh,C2328,free_delivery,0.343,0
2024-01-24,S042,fresh,C9290,discount,0.199,0
2024-02-04,S042,fresh,C6288,bundle,0.177,0
2024-02-08,S042,fresh,C3520,free_delivery,0.169,0
2024-02-12,S042,fresh,C9943,discount,0.052,0
2024-02-22,S042,fresh,C3772,coupon,0.103,0
2024-02-23,S042,fresh,C7256,discount,0.235,1
2024-03-04,S042,fresh,C3024,discount,0.236,0
2024-04-14,S042,fresh,C6522,bundle,0.339,0
2024-04-27,S042,fresh,C6431,discount,0.247,0
2024-05-10,S042,fresh,C1173,discount,0.128,1
2024-05-22,S042,fresh,C1519,coupon,0.108,0
2024-06-01,S042,fresh,C8142,free_delivery,0.078,0
2024-06-11,S042,fresh,C4642,free_delivery,0.245,1
2024-07-08,S042,fresh,C8575,discount,0.156,0
2024-07-10,S042,fresh,C6515,coupon,0.136,1
2024-07-15,S042,fresh,C8412,coupon,0.185,0
2024-07-21,S042,fresh,C9090,free_delivery,0.228,1
2024-08-15,S042,fresh,C1694,discount,0.202,0
2024-09-04,S042,fresh,C9664,bundle,0.155,1
2024-09-06,S042,fresh,C9941,discount,0.139,0
2024-09-19,S042,fresh,C7546,discount,0.246,0
2024-09-22,S042,fresh,C3232,free_delivery,0.211,0
2024-10-01,S042,fresh,C6123,discount,0.38,0
2024-10-05,S042,fresh,C6588,bundle,0.205,0
2024-11-02,S042,fresh,C9957,coupon,0.254,1
2024-11-09,S042,fresh,C7404,bundle,0.056,0
2024-11-28,S042,fresh,C5761,discount,0.297,1
2025-01-06,S042,fresh,C8428,free_delivery,0.253,0
2024-01-15,S042,household,C8823,discount,0.232,1
2024-01-27,S042,household,C3306,discount,0.334,0
2024-02-11,S042,household,C5310,free_delivery,0.089,0
2024-02-14,S042,household,C9925,discount,0.186,1
2024-03-16,S042,household,C6472,discount,0.201,1
2024-04-18,S042,household,C6174,bundle,0.159,0
2024-04-22,S042,household,C3509,discount,0.169,0
2024-05-12,S042,household,C7029,free_delivery,0.185,0
2024-05-14,S042,household,C2325,discount,0.21,0
2024-06-09,S042,household,C2306,coupon,0.375,0
2024-07-23,S042,household,C1359,discount,0.092,0
2024-08-04,S042,household,C2250,coupon,0.287,0
2024-08-10,S042,household,C6470,coupon,0.081,1
2024-09-04,S042,household,C6985,bundle,0.162,0
2024-09-13,S042,household,C5232,discount,0.183,0
2024-09-14,S042,household,C9140,free_delivery,0.21,0
2024-09-17,S042,household,C6694,free_delivery,0.248,1
2024-10-27,S042,household,C2662,discount,0.221,1
2024-10-30,S042,household,C8594,discount,0.196,0
2024-11-03,S042,household,C5977,coupon,0.256,0
2024-11-19,S042,household,C1238,coupon,0.128,1
2024-12-22,S042,household,C3245,discount,0.193,0
2025-01-05,S042,household,C1886,bundle,0.1,1
2025-01-08,S042,household,C7018,discount,0.07,0
2025-01-22,S042,household,C7670,coupon,0.104,0
2024-01-07,S042,ready_to_eat,C6882,coupon,0.173,1
2024-01-13,S042,ready_to_eat,C4413,discount,0.113,1
2024-01-15,S042,ready_to_eat,C9409,discount,0.156,0
2024-01-31,S042,ready_to_eat,C8366,discount,0.05,1
2024-02-07,S042,ready_to_eat,C5335,coupon,0.316,1
2024-02-14,S042,ready_to_eat,C5921,coupon,0.166,0
2024-03-05,S042,ready_to_eat,C2282,discount,0.058,0
2024-03-16,S042,ready_to_eat,C8422,discount,0.141,1
2024-03-17,S042,ready_to_eat,C4593,free_delivery,0.205,1
2024-04-09,S042,ready_to_eat,C6682,discount,0.154,0
2024-04-19,S042,ready_to_eat,C9336,free_delivery,0.183,1
2024-04-27,S042,ready_to_eat,C1598,bundle,0.219,0
2024-05-19,S042,ready_to_eat,C6972,discount,0.249,1
2024-05-30,S042,ready_to_eat,C7468,coupon,0.165,0
2024-06-01,S042,ready_to_eat,C1168,coupon,0.131,1
2024-06-29,S042,ready_to_eat,C1751,discount,0.219,1
2024-07-06,S042,ready_to_eat,C4161,discount,0.237,0
2024-07-16,S042,ready_to_eat,C4800,discount,0.233,1
2024-07-18,S042,ready_to_eat,C4060,coupon,0.208,0
2024-07-29,S042,ready_to_eat,C3414,bundle,0.05,1
2024-08-01,S042,ready_to_eat,C7119,discount,0.131,1
2024-08-24,S042,ready_to_eat,C2894,discount,0.081,0
2024-08-25,S042,ready_to_eat,C3068,discount,0.083,1
2024-09-02,S042,ready_to_eat,C1394,coupon,0.202,0
2024-09-11,S042,ready_to_eat,C5640,discount,0.153,0
2024-09-12,S042,ready_to_eat,C3440,discount,0.059,0
2024-09-16,S042,ready_to_eat,C1545,coupon,0.092,0
2024-09-21,S042,ready_to_eat,C7353,discount,0.263,0
2024-09-22,S042,ready_to_eat,C6349,coupon,0.218,1
2024-09-29,S042,ready_to_eat,C2063,bundle,0.168,0
2024-10-01,S042,ready_to_eat,C5177,discount,0.244,1
2024-10-12,S042,ready_to_eat,C7415,discount,0.17,0
2024-10-19,S042,ready_to_eat,C7173,bundle,0.174,0
2024-10-22,S042,ready_to_eat,C9826,discount,0.089,0
2024-10-24,S042,ready_to_eat,C3514,discount,0.093,0
2024-10-30,S042,ready_to_eat,C4971,coupon,0.237,0
2024-11-10,S042,ready_to_eat,C4704,discount,0.2,0
2024-11-24,S042,ready_to_eat,C7813,discount,0.087,1
2024-11-30,S042,ready_to_eat,C8719,free_delivery,0.126,0
2024-12-06,S042,ready_to_eat,C1890,bundle,0.084,0
2024-12-08,S042,ready_to_eat,C4529,discount,0.283,1
2024-12-10,S042,ready_to_eat,C3059,discount,0.135,1
2024-12-11,S042,ready_to_eat,C5734,free_delivery,0.285,0
2024-12-20,S042,ready_to_eat,C3261,coupon,0.178,0
2024-12-23,S042,ready_to_eat,C1822,discount,0.308,1
2024-12-24,S042,ready_to_eat,C9538,bundle,0.239,0
2025-01-05,S042,ready_to_eat,C2778,discount,0.118,0
2025-01-06,S042,ready_to_eat,C8906,coupon,0.188,0
2025-01-09,S042,ready_to_eat,C4332,bundle,0.189,0
2025-01-19,S042,ready_to_eat,C5871,discount,0.072,0
2024-01-10,S042,personal_care,C2373,coupon,0.133,1
2024-02-07,S042,personal_care,C1095,free_delivery,0.195,0
2024-02-17,S042,personal_care,C8512,discount,0.307,0
2024-03-02,S042,personal_care,C7250,discount,0.198,1
2024-03-11,S042,personal_care,C1360,coupon,0.05,1
2024-03-15,S042,personal_care,C1368,free_delivery,0.212,1
2024-03-28,S042,personal_care,C7004,bundle,0.24,0
2024-04-05,S042,personal_care,C6211,free_delivery,0.131,0
2024-04-16,S042,personal_care,C9610,discount,0.212,0
2024-04-18,S042,personal_care,C8565,discount,0.167,0
2024-04-20,S042,personal_care,C1259,free_delivery,0.086,0
2024-05-06,S042,personal_care,C9730,bundle,0.233,0
2024-05-09,S042,personal_care,C3336,bundle,0.279,0
2024-05-25,S042,personal_care,C7619,bundle,0.159,0
2024-05-30,S042,personal_care,C5829,bundle,0.254,1
2024-06-07,S042,personal_care,C4783,discount,0.185,0
2024-06-09,S042,personal_care,C7062,free_delivery,0.245,1
2024-06-15,S042,personal_care,C9507,coupon,0.107,0
2024-06-24,S042,personal_care,C5340,coupon,0.254,0
2024-07-23,S042,personal_care,C6118,discount,0.148,1
2024-07-28,S042,personal_care,C2300,coupon,0.054,1
2024-08-09,S042,personal_care,C6300,discount,0.098,0
2024-08-28,S042,personal_care,C4797,discount,0.05,1
2024-09-14,S042,personal_care,C3719,discount,0.264,1
2024-09-21,S042,personal_care,C2755,free_delivery,0.05,0
2024-09-24,S042,personal_care,C7997,discount,0.155,0
2024-10-06,S042,personal_care,C6680,coupon,0.186,0
2024-10-09,S042,personal_care,C2590,discount,0.249,1
2024-10-25,S042,personal_care,C6158,discount,0.176,0
2024-10-27,S042,personal_care,C3821,bundle,0.178,0
2024-11-10,S042,personal_care,C2290,coupon,0.165,1
2024-11-13,S042,personal_care,C7860,coupon,0.17,1
2024-11-17,S042,personal_care,C2483,coupon,0.241,1
2024-11-25,S042,personal_care,C1056,bundle,0.229,0
2024-12-11,S042,personal_care,C9945,discount,0.05,0
2024-12-28,S042,personal_care,C6436,bundle,0.178,0
2025-01-12,S042,personal_care,C7688,coupon,0.086,0
2025-01-15,S042,personal_care,C5433,discount,0.217,1
2024-01-07,S043,beverages,C3290,discount,0.126,0
2024-01-15,S043,beverages,C3651,bundle,0.259,0
2024-01-19,S043,beverages,C6578,discount,0.274,0
2024-01-28,S043,beverages,C1037,discount,0.051,0
2024-02-08,S043,beverages,C6915,coupon,0.137,0
2024-02-23,S043,beverages,C4820,discount,0.136,1
2024-02-26,S043,beverages,C9898,coupon,0.183,0
2024-03-18,S043,beverages,C8985,free_delivery,0.263,0
2024-03-26,S043,beverages,C3335,coupon,0.115,1
2024-03-30,S043,beverages,C1413,discount,0.051,0
2024-04-03,S043,beverages,C4505,bundle,0.169,1
2024-04-07,S043,beverages,C2740,bundle,0.259,1
2024-04-14,S043,beverages,C2951,coupon,0.191,1
2024-04-15,S043,beverages,C5957,free_delivery,0.146,0
2024-05-11,S043,beverages,C3393,discount,0.252,1
2024-05-13,S043,beverages,C9992,discount,0.182,1
2024-05-18,S043,beverages,C6817,free_delivery,0.192,1
2024-05-26,S043,beverages,C6035,free_delivery,0.15,0
2024-06-11,S043,beverages,C6725,coupon,0.174,0
2024-06-17,S043,beverages,C3926,coupon,0.129,0
2024-06-25,S043,beverages,C8597,discount,0.235,0
2024-06-29,S043,beverages,C4956,coupon,0.214,0
2024-06-30,S043,beverages,C8496,discount,0.291,0
2024-07-07,S043,beverages,C9812,discount,0.212,0
2024-07-10,S043,beverages,C1674,bundle,0.294,1
2024-07-13,S043,beverages,C1301,bundle,0.195,1
2024-08-04,S043,beverages,C5352,free_delivery,0.063,0
2024-08-05,S043,beverages,C8882,discount,0.156,1
2024-08-06,S043,beverages,C8099,discount,0.14,1
2024-08-09,S043,beverages,C6266,coupon,0.05,1
2024-08-13,S043,beverages,C6203,coupon,0.235,0
2024-08-30,S043,beverages,C2600,free_delivery,0.177,0
2024-09-06,S043,beverages,C4686,discount,0.118,0
2024-09-07,S043,beverages,C1688,discount,0.255,0
2024-09-08,S043,beverages,C2733,free_delivery,0.2,0
2024-09-12,S043,beverages,C3742,coupon,0.175,0
2024-09-21,S043,beverages,C8144,discount,0.081,0
2024-09-25,S043,beverages,C1839,coupon,0.127,1
2024-10-11,S043,beverages,C7544,discount,0.12,0
2024-10-21,S043,beverages,C1062,bundle,0.209,1
2024-10-29,S043,beverages,C6561,bundle,0.225,0
2024-11-04,S043,beverages,C8213,coupon,0.269,0
2024-11-07,S043,beverages,C8499,bundle,0.176,0
2024-11-11,S043,beverages,C6063,discount,0.183,1
2024-11-12,S043,beverages,C8046,bundle,0.088,0
2024-11-14,S043,beverages,C9900,coupon,0.244,0
2024-12-02,S043,beverages,C9771,discount,0.102,0
2024-12-06,S043,beverages,C5713,coupon,0.207,0
2025-01-22,S043,beverages,C3204,coupon,0.279,0
2025-01-24,S043,beverages,C9781,discount,0.2,0
2024-01-02,S043,snacks,C8134,coupon,0.11,1
2024-01-03,S043,snacks,C2818,bundle,0.112,1
2024-01-16,S043,snacks,C5908,discount,0.181,0
2024-01-18,S043,snacks,C2982,discount,0.173,0
2024-01-19,S043,snacks,C2248,coupon,0.064,0
2024-01-23,S043,snacks,C4000,free_delivery,0.269,0
2024-01-26,S043,snacks,C3887,bundle,0.219,1
2024-01-28,S043,snacks,C5943,discount,0.106,0
2024-01-30,S043,snacks,C2485,discount,0.252,1
2024-02-15,S043,snacks,C8244,coupon,0.158,1
2024-02-27,S043,snacks,C3347,discount,0.163,1
2024-03-02,S043,snacks,C1797,coupon,0.098,0
2024-03-23,S043,snacks,C5354,coupon,0.05,1
2024-04-14,S043,snacks,C5580,coupon,0.114,1
2024-04-15,S043,snacks,C5872,free_delivery,0.195,0
2024-04-19,S043,snacks,C4237,discount,0.154,0
2024-04-24,S043,snacks,C8212,bundle,0.082,1
2024-04-27,S043,snacks,C2923,discount,0.286,0
2024-04-29,S043,snacks,C6057,discount,0.223,1
2024-05-11,S043,snacks,C6866,coupon,0.142,0
2024-05-20,S043,snacks,C7174,discount,0.286,0
2024-05-22,S043,snacks,C3480,bundle,0.13,0
2024-05-23,S043,snacks,C7970,free_delivery,0.323,1
2024-05-24,S043,snacks,C1506,coupon,0.147,0
2024-06-02,S043,snacks,C8441,discount,0.2,0
2024-06-04,S043,snacks,C1563,coupon,0.146,0
2024-06-10,S043,snacks,C5333,bundle,0.114,0
2024-06-18,S043,snacks,C9293,discount,0.268,1
2024-06-26,S043,snacks,C7924,free_delivery,0.134,0
2024-06-28,S043,snacks,C1755,discount,0.124,1
2024-07-04,S043,snacks,C2258,free_delivery,0.142,0
2024-07-05,S043,snacks,C2679,discount,0.19,1
2024-07-06,S043,snacks,C5138,bundle,0.293,1
2024-07-14,S043,snacks,C9112,free_delivery,0.149,0
2024-07-19,S043,snacks,C3761,coupon,0.189,0
2024-07-24,S043,snacks,C2925,coupon,0.19,1
2024-07-26,S043,snacks,C4051,bundle,0.176,0
2024-08-06,S043,snacks,C3019,discount,0.143,0
2024-08-09,S043,snacks,C8545,coupon,0.05,0
2024-09-05,S043,snacks,C6564,discount,0.218,1
2024-09-12,S043,snacks,C2254,discount,0.075,1
2024-09-18,S043,snacks,C4097,discount,0.239,0
2024-09-27,S043,snacks,C4423,discount,0.211,0
2024-10-03,S043,snacks,C3594,coupon,0.147,0
2024-10-04,S043,snacks,C1896,coupon,0.174,0
2024-10-14,S043,snacks,C2235,discount,0.316,1
2024-10-25,S043,snacks,C7673,coupon,0.151,0
2024-10-26,S043,snacks,C5786,discount,0.191,0
2024-10-28,S043,snacks,C2866,discount,0.143,1
2024-11-10,S043,snacks,C1033,coupon,0.211,0
2024-11-13,S043,snacks,C2746,discount,0.161,0
2024-11-19,S043,snacks,C5074,discount,0.177,1
2024-11-25,S043,snacks,C3256,discount,0.16,1
2024-11-26,S043,snacks,C8317,coupon,0.183,0
2024-12-06,S043,snacks,C1693,free_delivery,0.263,0
2024-12-19,S043,snacks,C9223,free_delivery,0.07,0
2025-01-18,S043,snacks,C8172,coupon,0.097,1
2024-01-07,S043,fresh,C9758,discount,0.212,0
2024-01-27,S043,fresh,C4194,discount,0.264,0
2024-02-21,S043,fresh,C4088,coupon,0.215,0
2024-03-19,S043,fresh,C2733,coupon,0.127,0
2024-04-05,S043,fresh,C8360,discount,0.152,0
2024-05-02,S043,fresh,C9326,discount,0.168,0
2024-06-10,S043,fresh,C9180,bundle,0.165,0
2024-06-18,S043,fresh,C4800,discount,0.131,0
2024-06-21,S043,fresh,C3947,free_delivery,0.324,0
2024-06-30,S043,fresh,C7019,bundle,0.32,1
2024-07-05,S043,fresh,C8667,coupon,0.107,0
2024-07-12,S043,fresh,C8588,discount,0.268,0
2024-07-15,S043,fresh,C6519,free_delivery,0.246,0
2024-08-13,S043,fresh,C5468,discount,0.132,1
2024-08-18,S043,fresh,C4654,bundle,0.153,0
2024-08-25,S043,fresh,C1956,coupon,0.126,1
2024-09-17,S043,fresh,C7337,discount,0.195,0
2024-09-27,S043,fresh,C9530,discount,0.141,0
2024-09-29,S043,fresh,C1513,discount,0.109,0
2024-10-23,S043,fresh,C8296,bundle,0.428,0
2024-11-29,S043,fresh,C3091,discount,0.168,0
2024-12-02,S043,fresh,C6110,discount,0.05,1
2024-12-07,S043,fresh,C8887,discount,0.093,1
2024-12-09,S043,fresh,C7885,discount,0.235,1
2025-01-24,S043,fresh,C6895,discount,0.214,1
2025-01-27,S043,fresh,C1431,discount,0.162,0
2024-03-11,S043,household,C1608,discount,0.05,0
2024-03-16,S043,household,C7515,coupon,0.053,1
2024-03-27,S043,household,C8423,discount,0.135,1
2024-04-01,S043,household,C8205,coupon,0.143,1
2024-04-02,S043,household,C2935,discount,0.28,1
2024-04-03,S043,household,C8183,bundle,0.087,1
2024-04-23,S043,household,C2027,discount,0.202,0
2024-04-24,S043,household,C2233,discount,0.25,1
2024-04-29,S043,household,C7884,bundle,0.195,1
2024-05-26,S043,household,C2323,coupon,0.225,1
2024-06-05,S043,household,C2741,discount,0.243,0
2024-06-26,S043,household,C6771,bundle,0.22,0
2024-07-29,S043,household,C9608,discount,0.237,0
2024-07-31,S043,household,C9469,coupon,0.243,0
2024-08-22,S043,household,C8191,free_delivery,0.184,0
2024-09-21,S043,household,C3461,discount,0.163,1
2024-09-23,S043,household,C9794,bundle,0.297,1
2024-10-01,S043,household,C1744,discount,0.196,0
2024-10-06,S043,household,C4538,discount,0.222,1
2024-10-14,S043,household,C2672,coupon,0.118,0
2024-10-23,S043,household,C2080,free_delivery,0.28,0
2024-10-28,S043,household,C6052,coupon,0.05,0
2024-11-11,S043,household,C8113,discount,0.209,0
2024-11-18,S043,household,C5828,free_delivery,0.075,0
2024-11-22,S043,household,C7086,discount,0.239,0
2024-11-23,S043,household,C8234,discount,0.18,1
2024-12-28,S043,household,C7088,coupon,0.235,0
2025-01-03,S043,household,C5553,discount,0.05,0
2025-01-06,S043,household,C5581,free_delivery,0.128,0
2024-01-06,S043,ready_to_eat,C3594,coupon,0.252,0
2024-01-08,S043,ready_to_eat,C9186,coupon,0.183,0
2024-01-13,S043,ready_to_eat,C5204,discount,0.291,1
2024-02-06,S043,ready_to_eat,C7677,coupon,0.246,0
2024-02-14,S043,ready_to_eat,C1756,free_delivery,0.134,1
2024-02-18,S043,ready_to_eat,C8832,discount,0.222,0
2024-03-03,S043,ready_to_eat,C9997,free_delivery,0.253,0
2024-03-14,S043,ready_to_eat,C9795,discount,0.285,1
2024-03-23,S043,ready_to_eat,C8809,coupon,0.26,1
2024-03-27,S043,ready_to_eat,C3850,coupon,0.225,1
2024-03-30,S043,ready_to_eat,C5833,discount,0.147,1
2024-03-31,S043,ready_to_eat,C5155,discount,0.256,0
2024-04-21,S043,ready_to_eat,C4603,discount,0.272,1
2024-04-26,S043,ready_to_eat,C8950,discount,0.141,0
2024-05-02,S043,ready_to_eat,C1913,free_delivery,0.162,1
2024-05-12,S043,ready_to_eat,C6857,free_delivery,0.055,1
2024-05-16,S043,ready_to_eat,C1207,discount,0.077,0
2024-05-19,S043,ready_to_eat,C3275,coupon,0.106,1
2024-05-23,S043,ready_to_eat,C4664,discount,0.254,0
2024-05-25,S043,ready_to_eat,C3811,discount,0.242,1
2024-06-11,S043,ready_to_eat,C5028,coupon,0.328,1
2024-06-15,S043,ready_to_eat,C3396,discount,0.268,0
2024-07-09,S043,ready_to_eat,C5615,discount,0.178,0
2024-07-11,S043,ready_to_eat,C9606,free_delivery,0.248,1
2024-07-20,S043,ready_to_eat,C5113,coupon,0.203,0
2024-08-09,S043,ready_to_eat,C2769,free_delivery,0.162,1
2024-08-20,S043,ready_to_eat,C7998,free_delivery,0.139,0
2024-08-22,S043,ready_to_eat,C1626,bundle,0.058,0
2024-09-22,S043,ready_to_eat,C6821,free_delivery,0.077,1
2024-09-25,S043,ready_to_eat,C8416,coupon,0.124,0
2024-10-07,S043,ready_to_eat,C6385,discount,0.174,0
2024-10-16,S043,ready_to_eat,C2520,discount,0.117,1
2024-10-21,S043,ready_to_eat,C2315,discount,0.163,0
2024-10-25,S043,ready_to_eat,C7043,free_delivery,0.193,1
2024-10-27,S043,ready_to_eat,C9880,bundle,0.138,0
2024-11-03,S043,ready_to_eat,C9546,discount,0.142,0
2024-11-10,S043,ready_to_eat,C1917,bundle,0.207,1
2024-12-03,S043,ready_to_eat,C6534,discount,0.215,0
2024-12-08,S043,ready_to_eat,C9749,bundle,0.248,1
2024-12-09,S043,ready_to_eat,C9395,bundle,0.161,0
2024-12-10,S043,ready_to_eat,C1158,bundle,0.244,0
2024-12-12,S043,ready_to_eat,C7796,discount,0.163,0
2024-12-23,S043,ready_to_eat,C2085,bundle,0.187,0
2024-12-24,S043,ready_to_eat,C4375,coupon,0.254,1
2025-01-18,S043,ready_to_eat,C5952,discount,0.223,0
2025-01-22,S043,ready_to_eat,C7270,discount,0.15,1
2025-01-23,S043,ready_to_eat,C7904,bundle,0.143,0
2025-01-26,S043,ready_to_eat,C5493,discount,0.257,0
2024-01-13,S043,personal_care,C1948,bundle,0.126,0
2024-01-18,S043,personal_care,C9952,discount,0.283,1
2024-02-12,S043,personal_care,C9368,free_delivery,0.182,1
2024-02-20,S043,personal_care,C9921,discount,0.05,0
2024-03-01,S043,personal_care,C6226,discount,0.153,0
2024-03-14,S043,personal_care,C7384,coupon,0.258,1
2024-03-19,S043,personal_care,C8715,coupon,0.067,1
2024-03-20,S043,personal_care,C5993,discount,0.089,0
2024-04-02,S043,personal_care,C7587,bundle,0.16,1
2024-04-03,S043,personal_care,C7912,discount,0.182,0
2024-04-07,S043,personal_care,C6920,coupon,0.14,0
2024-04-15,S043,personal_care,C8912,discount,0.28,1
2024-04-25,S043,personal_care,C5353,bundle,0.236,0
2024-05-25,S043,personal_care,C6092,coupon,0.209,0
2024-05-31,S043,personal_care,C7856,coupon,0.153,0
2024-06-15,S043,personal_care,C1320,discount,0.189,0
2024-06-19,S043,personal_care,C8515,bundle,0.208,0
2024-06-21,S043,personal_care,C2811,discount,0.089,1
2024-06-29,S043,personal_care,C5943,coupon,0.223,0
2024-07-19,S043,personal_care,C8017,coupon,0.144,0
2024-07-21,S043,personal_care,C9503,discount,0.314,0
2024-07-23,S043,personal_care,C4765,free_delivery,0.245,0
2024-07-24,S043,personal_care,C9095,discount,0.228,1
2024-07-27,S043,personal_care,C1541,discount,0.13,0
2024-08-03,S043,personal_care,C4241,discount,0.086,1
2024-08-30,S043,personal_care,C2493,bundle,0.226,1
2024-09-06,S043,personal_care,C2272,discount,0.1,1
2024-09-12,S043,personal_care,C3281,free_delivery,0.311,1
2024-10-03,S043,personal_care,C4414,coupon,0.177,0
2024-10-06,S043,personal_care,C5895,bundle,0.219,0
2024-10-11,S043,personal_care,C9859,discount,0.05,0
2024-10-29,S043,personal_care,C7206,coupon,0.152,0
2024-11-02,S043,personal_care,C2882,bundle,0.096,0
2024-11-17,S043,personal_care,C8726,discount,0.219,0
2024-11-18,S043,personal_care,C6852,coupon,0.188,0
2024-11-22,S043,personal_care,C2249,free_delivery,0.158,0
2024-11-27,S043,personal_care,C6657,bundle,0.076,1
2024-12-19,S043,personal_care,C1263,discount,0.201,1
2024-12-26,S043,personal_care,C5479,coupon,0.238,0
2025-01-25,S043,personal_care,C2831,discount,0.199,0
2024-01-04,S044,beverages,C3081,free_delivery,0.221,1
2024-01-11,S044,beverages,C4240,free_delivery,0.144,0
2024-01-19,S044,beverages,C9579,discount,0.182,0
2024-01-23,S044,beverages,C3777,coupon,0.168,0
2024-01-28,S044,beverages,C5274,discount,0.247,1
2024-01-29,S044,beverages,C8005,coupon,0.232,1
2024-02-04,S044,beverages,C2597,coupon,0.297,0
2024-02-12,S044,beverages,C3871,bundle,0.318,1
2024-02-13,S044,beverages,C1145,free_delivery,0.226,0
2024-02-23,S044,beverages,C4156,discount,0.143,0
2024-02-26,S044,beverages,C1197,free_delivery,0.152,1
2024-02-27,S044,beverages,C7458,discount,0.253,1
2024-02-28,S044,beverages,C7700,discount,0.248,1
2024-03-08,S044,beverages,C4564,coupon,0.071,0
2024-03-16,S044,beverages,C1928,discount,0.22,0
2024-04-05,S044,beverages,C8405,discount,0.209,0
2024-04-09,S044,beverages,C6472,free_delivery,0.247,1
2024-05-09,S044,beverages,C3652,coupon,0.096,0
2024-05-14,S044,beverages,C7702,coupon,0.142,0
2024-05-30,S044,beverages,C4043,coupon,0.135,0
2024-06-08,S044,beverages,C6062,discount,0.142,0
2024-06-16,S044,beverages,C9839,coupon,0.292,0
2024-06-20,S044,beverages,C5047,coupon,0.142,1
2024-06-25,S044,beverages,C4366,discount,0.212,0
2024-06-29,S044,beverages,C4188,discount,0.211,1
2024-06-30,S044,beverages,C4975,discount,0.233,1
2024-07-07,S044,beverages,C4797,coupon,0.15,0
2024-07-19,S044,beverages,C7472,bundle,0.21,0
2024-07-20,S044,beverages,C6091,discount,0.339,0
2024-08-26,S044,beverages,C2473,free_delivery,0.208,0
2024-08-30,S044,beverages,C4008,free_delivery,0.165,1
2024-09-06,S044,beverages,C5497,coupon,0.155,0
2024-09-08,S044,beverages,C3435,discount,0.209,0
2024-09-24,S044,beverages,C5365,discount,0.135,0
2024-09-25,S044,beverages,C3311,coupon,0.161,0
2024-09-27,S044,beverages,C5188,bundle,0.059,0
2024-10-02,S044,beverages,C6830,free_delivery,0.289,0
2024-10-13,S044,beverages,C5107,bundle,0.11,0
2024-10-16,S044,beverages,C3594,coupon,0.163,1
2024-10-17,S044,beverages,C5647,discount,0.101,0
2024-11-16,S044,beverages,C2489,free_delivery,0.104,0
2024-11-22,S044,beverages,C8221,discount,0.15,1
2024-12-01,S044,beverages,C3688,free_delivery,0.186,0
2024-12-15,S044,beverages,C6519,coupon,0.142,0
2024-12-29,S044,beverages,C9517,free_delivery,0.212,0
2025-01-04,S044,beverages,C7574,discount,0.265,0
2025-01-20,S044,beverages,C4603,coupon,0.297,1
2025-01-21,S044,beverages,C1973,discount,0.298,1
2025-01-27,S044,beverages,C7448,discount,0.222,1
2024-01-01,S044,snacks,C3667,discount,0.207,0
2024-01-02,S044,snacks,C5826,free_delivery,0.19,1
2024-01-04,S044,snacks,C4434,free_delivery,0.118,0
2024-01-06,S044,snacks,C7193,bundle,0.189,1
2024-01-09,S044,snacks,C6791,coupon,0.125,0
2024-01-10,S044,snacks,C8292,discount,0.171,0
2024-02-10,S044,snacks,C6325,bundle,0.174,0
2024-02-14,S044,snacks,C9391,coupon,0.249,0
2024-02-15,S044,snacks,C2286,discount,0.203,0
2024-03-03,S044,snacks,C6397,discount,0.174,1
2024-03-06,S044,snacks,C1890,coupon,0.067,0
2024-03-20,S044,snacks,C4235,bundle,0.306,1
2024-04-01,S044,snacks,C1116,bundle,0.258,0
2024-04-12,S044,snacks,C1004,discount,0.167,0
2024-04-17,S044,snacks,C4869,discount,0.214,0
2024-04-21,S044,snacks,C7966,discount,0.12,0
2024-04-27,S044,snacks,C1101,coupon,0.057,1
2024-04-30,S044,snacks,C9884,bundle,0.079,0
2024-05-15,S044,snacks,C6584,free_delivery,0.297,1
2024-05-23,S044,snacks,C1247,discount,0.131,0
2024-05-24,S044,snacks,C9139,bundle,0.275,1
2024-05-26,S044,snacks,C7387,free_delivery,0.188,1
2024-05-30,S044,snacks,C4384,bundle,0.132,0
2024-06-02,S044,snacks,C6513,discount,0.181,0
2024-06-05,S044,snacks,C4718,bundle,0.181,0
2024-06-10,S044,snacks,C9002,free_delivery,0.071,0
2024-06-29,S044,snacks,C4147,discount,0.236,0
2024-07-08,S044,snacks,C4564,discount,0.206,1
2024-07-09,S044,snacks,C4746,discount,0.193,1
2024-07-21,S044,snacks,C7033,free_delivery,0.128,0
2024-07-27,S044,snacks,C5578,free_delivery,0.227,0
2024-07-31,S044,snacks,C1893,coupon,0.235,1
2024-08-01,S044,snacks,C7802,bundle,0.193,0
2024-08-06,S044,snacks,C4402,free_delivery,0.325,1
2024-08-08,S044,snacks,C7073,discount,0.225,1
2024-08-12,S044,snacks,C8655,discount,0.122,1
2024-08-22,S044,snacks,C8122,discount,0.203,0
2024-08-25,S044,snacks,C2976,bundle,0.148,0
2024-08-28,S044,snacks,C8224,bundle,0.214,1
2024-09-03,S044,snacks,C2260,discount,0.098,0
2024-09-05,S044,snacks,C5758,bundle,0.224,1
2024-09-09,S044,snacks,C3971,bundle,0.104,1
2024-09-17,S044,snacks,C9489,coupon,0.186,0
2024-09-18,S044,snacks,C1287,free_delivery,0.124,0
2024-09-26,S044,snacks,C1643,bundle,0.305,0
2024-09-29,S044,snacks,C5748,discount,0.191,0
2024-10-06,S044,snacks,C8195,discount,0.05,0
2024-10-09,S044,snacks,C8397,discount,0.237,0
2024-10-11,S044,snacks,C8886,discount,0.25,1
2024-10-12,S044,snacks,C1142,discount,0.189,1
2024-10-15,S044,snacks,C3706,coupon,0.077,1
2024-10-17,S044,snacks,C3424,coupon,0.157,0
2024-10-20,S044,snacks,C2306,discount,0.137,0
2024-11-12,S044,snacks,C4675,discount,0.179,1
2024-11-27,S044,snacks,C2163,discount,0.082,0
2024-11-29,S044,snacks,C2339,free_delivery,0.11,0
2024-12-01,S044,snacks,C7165,bundle,0.232,0
2024-12-04,S044,snacks,C8508,coupon,0.1,0
2024-12-11,S044,snacks,C6713,free_delivery,0.133,0
2024-12-12,S044,snacks,C3835,discount,0.148,0
2024-12-14,S044,snacks,C5077,bundle,0.187,0
2024-12-15,S044,snacks,C5534,bundle,0.168,1
2024-12-21,S044,snacks,C4093,discount,0.05,1
2025-01-02,S044,snacks,C1340,coupon,0.233,0
2025-01-09,S044,snacks,C3161,coupon,0.17,1
2025-01-12,S044,snacks,C7509,discount,0.055,0
2024-02-03,S044,fresh,C9613,discount,0.2,0
2024-02-16,S044,fresh,C4636,free_delivery,0.147,1
2024-03-05,S044,fresh,C4588,coupon,0.117,0
2024-04-05,S044,fresh,C4825,coupon,0.234,0
2024-04-09,S044,fresh,C2623,discount,0.103,0
2024-05-01,S044,fresh,C5239,discount,0.158,0
2024-05-10,S044,fresh,C7776,coupon,0.115,1
2024-05-14,S044,fresh,C6399,coupon,0.208,0
2024-05-29,S044,fresh,C6997,discount,0.263,0
2024-06-02,S044,fresh,C3985,coupon,0.173,0
2024-06-08,S044,fresh,C1873,coupon,0.131,0
2024-06-29,S044,fresh,C4875,bundle,0.177,0
2024-07-03,S044,fresh,C5306,discount,0.305,0
2024-07-08,S044,fresh,C1628,coupon,0.103,1
2024-07-14,S044,fresh,C9104,free_delivery,0.163,1
2024-07-15,S044,fresh,C1227,discount,0.144,1
2024-07-23,S044,fresh,C8515,discount,0.123,0
2024-08-09,S044,fresh,C6986,discount,0.244,0
2024-09-14,S044,fresh,C4895,discount,0.259,0
2024-09-15,S044,fresh,C9091,coupon,0.078,1
2024-10-02,S044,fresh,C3850,free_delivery,0.272,0
2024-10-21,S044,fresh,C8310,coupon,0.181,0
2024-10-29,S044,fresh,C6675,bundle,0.05,1
2024-11-01,S044,fresh,C3267,bundle,0.174,0
2024-11-18,S044,fresh,C7081,free_delivery,0.05,0
2024-11-23,S044,fresh,C4362,bundle,0.099,0
2024-12-01,S044,fresh,C2113,discount,0.207,1
2024-12-04,S044,fresh,C3220,coupon,0.104,0
2024-12-27,S044,fresh,C7474,discount,0.102,0
2025-01-04,S044,fresh,C4278,free_delivery,0.18,1
2025-01-05,S044,fresh,C3989,discount,0.111,1
2025-01-21,S044,fresh,C9668,discount,0.149,1
2024-02-04,S044,household,C7320,discount,0.117,0
2024-02-11,S044,household,C3413,coupon,0.117,0
2024-02-13,S044,household,C7599,free_delivery,0.288,0
2024-03-15,S044,household,C4874,discount,0.151,0
2024-03-25,S044,household,C1822,bundle,0.193,0
2024-04-24,S044,household,C7900,bundle,0.185,1
2024-04-28,S044,household,C9123,discount,0.152,0
2024-05-19,S044,household,C6788,free_delivery,0.115,0
2024-06-06,S044,household,C8853,discount,0.198,1
2024-07-04,S044,household,C7766,discount,0.207,0
2024-07-13,S044,household,C6524,discount,0.192,1
2024-07-17,S044,household,C2624,discount,0.112,0
2024-07-22,S044,household,C8414,discount,0.211,0
2024-10-13,S044,household,C6335,bundle,0.169,0
2024-10-17,S044,household,C3629,bundle,0.211,0
2024-10-19,S044,household,C5417,discount,0.137,1
2024-10-21,S044,household,C6626,discount,0.233,0
2024-11-11,S044,household,C5901,coupon,0.18,1
2024-11-19,S044,household,C2329,bundle,0.314,1
2024-12-07,S044,household,C7104,coupon,0.086,1
2024-12-13,S044,household,C3701,coupon,0.202,1
2024-12-27,S044,household,C7383,discount,0.19,0
2025-01-08,S044,household,C2234,free_delivery,0.107,0
2024-01-05,S044,ready_to_eat,C2997,bundle,0.052,0
2024-01-06,S044,ready_to_eat,C9535,coupon,0.276,0
2024-01-16,S044,ready_to_eat,C5866,discount,0.213,0
2024-01-17,S044,ready_to_eat,C4348,discount,0.211,0
2024-01-21,S044,ready_to_eat,C7095,coupon,0.204,0
2024-01-22,S044,ready_to_eat,C6787,discount,0.246,0
2024-01-27,S044,ready_to_eat,C6662,coupon,0.106,0
2024-02-07,S044,ready_to_eat,C8963,bundle,0.221,1
2024-03-05,S044,ready_to_eat,C3977,discount,0.238,0
2024-03-14,S044,ready_to_eat,C7080,discount,0.215,0
2024-03-17,S044,ready_to_eat,C4176,coupon,0.136,1
2024-03-30,S044,ready_to_eat,C8476,coupon,0.194,0
2024-03-31,S044,ready_to_eat,C6498,discount,0.188,0
2024-04-16,S044,ready_to_eat,C6193,discount,0.155,1
2024-04-17,S044,ready_to_eat,C8266,bundle,0.228,1
2024-04-20,S044,ready_to_eat,C3061,discount,0.189,0
2024-05-01,S044,ready_to_eat,C5620,free_delivery,0.244,0
2024-05-03,S044,ready_to_eat,C4868,free_delivery,0.126,1
2024-05-05,S044,ready_to_eat,C6165,coupon,0.215,1
2024-05-11,S044,ready_to_eat,C8208,free_delivery,0.06,0
2024-05-13,S044,ready_to_eat,C2550,discount,0.145,0
2024-05-17,S044,ready_to_eat,C6039,free_delivery,0.101,1
2024-06-06,S044,ready_to_eat,C2685,free_delivery,0.15,1
2024-06-08,S044,ready_to_eat,C7565,bundle,0.169,0
2024-06-15,S044,ready_to_eat,C9862,discount,0.224,0
2024-06-18,S044,ready_to_eat,C8962,discount,0.194,0
2024-06-21,S044,ready_to_eat,C4082,coupon,0.167,0
2024-07-03,S044,ready_to_eat,C9776,discount,0.269,0
2024-07-08,S044,ready_to_eat,C8184,discount,0.144,0
2024-07-16,S044,ready_to_eat,C4990,discount,0.288,1
2024-07-21,S044,ready_to_eat,C9248,free_delivery,0.092,1
2024-07-27,S044,ready_to_eat,C3853,discount,0.206,1
2024-08-09,S044,ready_to_eat,C1314,free_delivery,0.187,1
2024-08-10,S044,ready_to_eat,C7585,discount,0.126,1
2024-08-16,S044,ready_to_eat,C5585,coupon,0.05,0
2024-09-12,S044,ready_to_eat,C6402,discount,0.352,1
2024-09-19,S044,ready_to_eat,C4762,discount,0.232,0
2024-10-11,S044,ready_to_eat,C9998,discount,0.195,0
2024-10-31,S044,ready_to_eat,C1990,coupon,0.304,0
2024-11-05,S044,ready_to_eat,C1649,coupon,0.152,1
2024-12-17,S044,ready_to_eat,C7773,bundle,0.141,1
2024-12-18,S044,ready_to_eat,C8498,discount,0.05,0
2024-12-30,S044,ready_to_eat,C3705,free_delivery,0.219,1
2024-12-31,S044,ready_to_eat,C8530,discount,0.304,0
2025-01-10,S044,ready_to_eat,C1322,free_delivery,0.24,0
2025-01-11,S044,ready_to_eat,C4107,discount,0.139,0
2025-01-21,S044,ready_to_eat,C3791,coupon,0.211,0
2025-01-25,S044,ready_to_eat,C7607,coupon,0.183,1
2024-01-08,S044,personal_care,C6579,discount,0.129,0
2024-01-15,S044,personal_care,C3581,bundle,0.209,0
2024-01-17,S044,personal_care,C6779,coupon,0.147,0
2024-01-27,S044,personal_care,C5003,free_delivery,0.247,1
2024-02-03,S044,personal_care,C1535,bundle,0.154,1
2024-02-07,S044,personal_care,C7492,coupon,0.196,1
2024-02-14,S044,personal_care,C2952,bundle,0.151,0
2024-03-05,S044,personal_care,C2177,discount,0.125,0
2024-03-09,S044,personal_care,C4720,discount,0.05,1
2024-03-21,S044,personal_care,C8598,discount,0.271,0
2024-03-26,S044,personal_care,C1139,coupon,0.161,1
2024-03-28,S044,personal_care,C5081,coupon,0.151,0
2024-04-15,S044,personal_care,C2367,discount,0.235,1
2024-04-16,S044,personal_care,C9937,free_delivery,0.228,0
2024-05-12,S044,personal_care,C4639,discount,0.12,0
2024-05-15,S044,personal_care,C5894,discount,0.092,1
2024-05-24,S044,personal_care,C9294,bundle,0.141,1
2024-05-27,S044,personal_care,C3794,bundle,0.138,0
2024-06-12,S044,personal_care,C1428,discount,0.18,0
2024-06-13,S044,personal_care,C6943,coupon,0.305,0
2024-06-22,S044,personal_care,C4088,coupon,0.269,0
2024-06-28,S044,personal_care,C6392,discount,0.192,0
2024-07-04,S044,personal_care,C1943,bundle,0.321,1
2024-07-13,S044,personal_care,C1559,discount,0.111,0
2024-07-18,S044,personal_care,C5237,coupon,0.174,1
2024-07-29,S044,personal_care,C3425,discount,0.109,0
2024-08-01,S044,personal_care,C9401,free_delivery,0.175,1
2024-08-06,S044,personal_care,C4477,coupon,0.19,0
2024-08-18,S044,personal_care,C4749,bundle,0.162,1
2024-09-12,S044,personal_care,C6130,free_delivery,0.124,0
2024-09-15,S044,personal_care,C8196,coupon,0.252,1
2024-09-22,S044,personal_care,C8913,discount,0.162,1
2024-10-05,S044,personal_care,C4394,discount,0.169,0
2024-11-05,S044,personal_care,C9386,discount,0.205,0
2024-12-14,S044,personal_care,C8049,discount,0.279,0
2024-12-25,S044,personal_care,C4113,discount,0.139,0
2024-12-30,S044,personal_care,C6463,discount,0.137,0
2025-01-01,S044,personal_care,C3852,coupon,0.243,0
2025-01-24,S044,personal_care,C4672,coupon,0.05,1
2025-01-25,S044,personal_care,C5674,discount,0.192,0
2024-01-21,S045,beverages,C3620,free_delivery,0.151,0
2024-01-23,S045,beverages,C4522,coupon,0.224,0
2024-02-11,S045,beverages,C6240,coupon,0.148,0
2024-02-12,S045,beverages,C6504,bundle,0.262,0
2024-02-18,S045,beverages,C6236,discount,0.083,0
2024-02-23,S045,beverages,C6875,discount,0.171,1
2024-02-29,S045,beverages,C9757,discount,0.169,0
2024-03-03,S045,beverages,C9066,coupon,0.166,1
2024-03-07,S045,beverages,C2134,free_delivery,0.132,0
2024-03-12,S045,beverages,C7922,bundle,0.255,0
2024-03-21,S045,beverages,C3116,coupon,0.241,0
2024-03-30,S045,beverages,C2676,discount,0.191,1
2024-03-31,S045,beverages,C9602,discount,0.272,0
2024-04-03,S045,beverages,C2818,coupon,0.139,1
2024-04-23,S045,beverages,C3618,free_delivery,0.107,1
2024-04-28,S045,beverages,C4086,bundle,0.137,1
2024-06-23,S045,beverages,C1747,bundle,0.05,0
2024-06-27,S045,beverages,C8310,coupon,0.241,1
2024-06-28,S045,beverages,C4666,free_delivery,0.255,1
2024-06-29,S045,beverages,C1491,free_delivery,0.172,1
2024-07-07,S045,beverages,C3441,coupon,0.127,1
2024-07-10,S045,beverages,C1020,discount,0.138,1
2024-08-05,S045,beverages,C5703,coupon,0.064,1
2024-08-07,S045,beverages,C7280,discount,0.136,1
2024-08-18,S045,beverages,C1734,bundle,0.313,1
2024-08-21,S045,beverages,C9573,discount,0.24,0
2024-08-22,S045,beverages,C3573,coupon,0.207,0
2024-08-25,S045,beverages,C6942,coupon,0.266,1
2024-09-11,S045,beverages,C6640,discount,0.183,1
2024-09-19,S045,beverages,C6190,discount,0.14,1
2024-09-28,S045,beverages,C9905,discount,0.255,0
2024-10-02,S045,beverages,C1046,discount,0.205,1
2024-10-13,S045,beverages,C7850,bundle,0.265,1
2024-10-22,S045,beverages,C5740,discount,0.202,0
2024-10-27,S045,beverages,C3508,bundle,0.181,1
2024-10-31,S045,beverages,C7122,discount,0.05,0
2024-11-03,S045,beverages,C3703,discount,0.285,1
2024-11-05,S045,beverages,C1729,discount,0.196,1
2024-11-09,S045,beverages,C2546,discount,0.28,0
2024-11-16,S045,beverages,C9701,coupon,0.194,1
2024-11-17,S045,beverages,C2065,discount,0.145,1
2024-11-20,S045,beverages,C7399,coupon,0.079,1
2024-12-14,S045,beverages,C7756,discount,0.222,0
2024-12-15,S045,beverages,C5001,discount,0.278,1
2024-12-17,S045,beverages,C4586,discount,0.275,1
2024-12-29,S045,beverages,C5566,discount,0.136,0
2024-12-31,S045,beverages,C9143,coupon,0.123,0
2025-01-07,S045,beverages,C7980,discount,0.244,0
2025-01-16,S045,beverages,C8082,free_delivery,0.285,0
2025-01-24,S045,beverages,C4640,coupon,0.209,0
2024-01-02,S045,snacks,C7675,discount,0.24,0
2024-01-09,S045,snacks,C8216,coupon,0.241,1
2024-01-16,S045,snacks,C5836,discount,0.233,1
2024-01-19,S045,snacks,C5398,coupon,0.163,1
2024-01-22,S045,snacks,C5117,discount,0.191,1
2024-01-25,S045,snacks,C6384,coupon,0.058,0
2024-02-03,S045,snacks,C5711,coupon,0.162,1
2024-02-12,S045,snacks,C5933,bundle,0.131,0
2024-02-21,S045,snacks,C5720,discount,0.061,0
2024-02-23,S045,snacks,C4360,coupon,0.065,0
2024-02-26,S045,snacks,C8845,coupon,0.186,0
2024-02-29,S045,snacks,C1880,bundle,0.157,0
2024-03-07,S045,snacks,C3143,discount,0.245,1
2024-03-10,S045,snacks,C6097,discount,0.233,0
2024-03-15,S045,snacks,C3051,discount,0.148,0
2024-03-30,S045,snacks,C7987,discount,0.13,0
2024-04-06,S045,snacks,C1079,discount,0.13,0
2024-04-09,S045,snacks,C3618,coupon,0.095,0
2024-04-10,S045,snacks,C8993,discount,0.155,0
2024-04-19,S045,snacks,C4253,coupon,0.121,0
2024-04-28,S045,snacks,C2573,discount,0.42,0
2024-05-05,S045,snacks,C2326,bundle,0.05,1
2024-05-06,S045,snacks,C5569,discount,0.064,0
2024-05-12,S045,snacks,C6300,bundle,0.159,1
2024-05-29,S045,snacks,C4601,discount,0.183,0
2024-06-03,S045,snacks,C5431,discount,0.29,0
2024-06-04,S045,snacks,C9344,discount,0.28,0
2024-06-22,S045,snacks,C7123,free_delivery,0.338,1
2024-07-11,S045,snacks,C3983,discount,0.195,1
2024-07-29,S045,snacks,C8293,coupon,0.207,0
2024-07-30,S045,snacks,C6888,free_delivery,0.091,1
2024-07-31,S045,snacks,C9743,discount,0.132,1
2024-08-12,S045,snacks,C8877,bundle,0.367,0
2024-08-19,S045,snacks,C7290,bundle,0.273,1
2024-08-27,S045,snacks,C4391,discount,0.095,0
2024-08-30,S045,snacks,C1808,discount,0.215,0
2024-09-09,S045,snacks,C7116,discount,0.157,1
2024-09-11,S045,snacks,C8023,free_delivery,0.26,1
2024-09-13,S045,snacks,C9775,free_delivery,0.263,1
2024-09-15,S045,snacks,C1627,discount,0.162,0
2024-09-21,S045,snacks,C7333,coupon,0.211,0
2024-09-22,S045,snacks,C7999,discount,0.092,1
2024-09-24,S045,snacks,C2023,free_delivery,0.37,1
2024-09-28,S045,snacks,C8448,bundle,0.187,1
2024-10-08,S045,snacks,C2801,coupon,0.313,1
2024-10-13,S045,snacks,C5650,discount,0.086,1
2024-10-22,S045,snacks,C1758,bundle,0.204,1
2024-11-07,S045,snacks,C3933,coupon,0.262,0
2024-11-12,S045,snacks,C4344,discount,0.23,1
2024-11-16,S045,snacks,C1818,free_delivery,0.159,0
2024-11-17,S045,snacks,C3013,discount,0.237,1
2024-11-20,S045,snacks,C2475,bundle,0.227,0
2024-11-30,S045,snacks,C5095,bundle,0.186,0
2024-12-11,S045,snacks,C7883,discount,0.264,1
2024-12-18,S045,snacks,C8566,free_delivery,0.228,0
2024-12-23,S045,snacks,C7258,coupon,0.19,1
2024-12-25,S045,snacks,C7255,discount,0.178,0
2025-01-02,S045,snacks,C7281,coupon,0.087,1
2025-01-07,S045,snacks,C3285,free_delivery,0.246,0
2024-01-24,S045,fresh,C4979,discount,0.244,0
2024-01-26,S045,fresh,C2228,free_delivery,0.123,1
2024-01-29,S045,fresh,C6314,discount,0.05,1
2024-02-19,S045,fresh,C1997,discount,0.195,0
2024-03-02,S045,fresh,C4964,discount,0.233,0
2024-03-15,S045,fresh,C7565,discount,0.194,1
2024-03-17,S045,fresh,C6573,discount,0.262,0
2024-03-19,S045,fresh,C8757,discount,0.199,0
2024-04-16,S045,fresh,C5802,coupon,0.156,1
2024-04-26,S045,fresh,C2466,discount,0.144,0
2024-04-30,S045,fresh,C5615,free_delivery,0.178,0
2024-05-05,S045,fresh,C8352,discount,0.193,1
2024-07-01,S045,fresh,C4626,coupon,0.103,0
2024-07-07,S045,fresh,C9595,bundle,0.115,0
2024-07-12,S045,fresh,C7669,coupon,0.177,0
2024-07-13,S045,fresh,C9762,free_delivery,0.212,0
2024-07-17,S045,fresh,C4861,discount,0.21,0
2024-07-31,S045,fresh,C9259,coupon,0.192,0
2024-08-09,S045,fresh,C5814,free_delivery,0.221,0
2024-08-19,S045,fresh,C3661,bundle,0.066,0
2024-08-21,S045,fresh,C9720,discount,0.215,0
2024-08-25,S045,fresh,C9725,discount,0.181,0
2024-08-29,S045,fresh,C5333,discount,0.169,1
2024-08-31,S045,fresh,C4678,discount,0.27,0
2024-09-09,S045,fresh,C9266,discount,0.283,0
2024-09-20,S045,fresh,C3867,discount,0.148,0
2024-09-21,S045,fresh,C1987,coupon,0.099,1
2024-10-06,S045,fresh,C2544,coupon,0.21,0
2024-10-09,S045,fresh,C2403,discount,0.178,0
2024-10-16,S045,fresh,C3480,coupon,0.09,0
2024-10-25,S045,fresh,C2901,coupon,0.167,1
2024-11-02,S045,fresh,C4122,free_delivery,0.274,0
2024-11-03,S045,fresh,C8545,free_delivery,0.121,0
2024-12-14,S045,fresh,C4558,discount,0.246,0
2024-12-21,S045,fresh,C7207,free_delivery,0.28,1
2024-12-22,S045,fresh,C3171,discount,0.147,0
2025-01-04,S045,fresh,C5303,bundle,0.063,0
2024-01-14,S045,household,C1757,free_delivery,0.293,0
2024-02-10,S045,household,C3599,coupon,0.297,0
2024-02-17,S045,household,C4341,discount,0.145,1
2024-03-24,S045,household,C3837,bundle,0.05,0
2024-04-15,S045,household,C4325,discount,0.071,0
2024-06-11,S045,household,C2956,discount,0.203,0
2024-06-26,S045,household,C6152,discount,0.177,0
2024-06-28,S045,household,C9304,discount,0.171,1
2024-07-06,S045,household,C4164,discount,0.103,1
2024-07-07,S045,household,C2337,coupon,0.089,0
2024-08-19,S045,household,C5787,discount,0.1,0
2024-08-27,S045,household,C8476,discount,0.288,1
2024-09-20,S045,household,C6318,coupon,0.278,0
2024-10-11,S045,household,C5521,free_delivery,0.342,0
2024-10-20,S045,household,C3323,coupon,0.194,1
2024-11-10,S045,household,C3216,free_delivery,0.206,1
2024-11-14,S045,household,C9565,coupon,0.124,1
2024-11-18,S045,household,C2507,discount,0.21,0
2024-12-03,S045,household,C9366,free_delivery,0.128,0
2024-12-14,S045,household,C8262,discount,0.225,0
2025-01-01,S045,household,C6560,discount,0.234,1
2025-01-05,S045,household,C7946,discount,0.209,0
2025-01-08,S045,household,C6718,free_delivery,0.227,0
2025-01-10,S045,household,C1403,discount,0.178,1
2025-01-12,S045,household,C8650,coupon,0.08,0
2025-01-23,S045,household,C9752,discount,0.321,0
2024-02-04,S045,ready_to_eat,C9430,discount,0.182,1
2024-02-06,S045,ready_to_eat,C2839,discount,0.193,0
2024-02-14,S045,ready_to_eat,C6517,discount,0.205,0
2024-02-18,S045,ready_to_eat,C7893,bundle,0.197,0
2024-02-20,S045,ready_to_eat,C6765,bundle,0.12,0
2024-03-29,S045,ready_to_eat,C2931,bundle,0.182,0
2024-03-31,S045,ready_to_eat,C5934,coupon,0.112,1
2024-04-04,S045,ready_to_eat,C5466,discount,0.108,0
2024-04-28,S045,ready_to_eat,C3865,coupon,0.165,0
2024-05-03,S045,ready_to_eat,C3791,coupon,0.161,1
2024-05-05,S045,ready_to_eat,C7352,discount,0.246,0
2024-05-08,S045,ready_to_eat,C8248,free_delivery,0.162,0
2024-05-15,S045,ready_to_eat,C5656,discount,0.317,1
2024-05-22,S045,ready_to_eat,C4493,bundle,0.249,0
2024-05-23,S045,ready_to_eat,C3644,discount,0.173,1
2024-06-01,S045,ready_to_eat,C7417,discount,0.139,0
2024-06-19,S045,ready_to_eat,C5127,discount,0.086,0
2024-06-23,S045,ready_to_eat,C4969,discount,0.05,1
2024-06-26,S045,ready_to_eat,C2036,free_delivery,0.15,1
2024-07-05,S045,ready_to_eat,C8389,coupon,0.111,1
2024-07-07,S045,ready_to_eat,C8316,discount,0.15,0
2024-07-29,S045,ready_to_eat,C4209,bundle,0.177,0
2024-08-14,S045,ready_to_eat,C5832,discount,0.095,0
2024-08-21,S045,ready_to_eat,C3561,coupon,0.255,0
2024-08-28,S045,ready_to_eat,C5809,discount,0.124,0
2024-09-01,S045,ready_to_eat,C6379,coupon,0.05,1
2024-09-04,S045,ready_to_eat,C8481,free_delivery,0.291,0
2024-09-08,S045,ready_to_eat,C6197,free_delivery,0.266,0
2024-09-22,S045,ready_to_eat,C9648,coupon,0.166,0
2024-09-28,S045,ready_to_eat,C8086,coupon,0.161,1
2024-10-04,S045,ready_to_eat,C4655,discount,0.05,0
2024-10-09,S045,ready_to_eat,C4105,discount,0.245,0
2024-10-20,S045,ready_to_eat,C4451,discount,0.339,0
2024-10-26,S045,ready_to_eat,C4010,bundle,0.256,0
2024-11-25,S045,ready_to_eat,C5897,discount,0.186,1
2024-12-07,S045,ready_to_eat,C7823,discount,0.147,0
2024-12-11,S045,ready_to_eat,C6892,discount,0.139,0
2024-12-22,S045,ready_to_eat,C4417,free_delivery,0.07,0
2024-12-26,S045,ready_to_eat,C9038,coupon,0.354,1
2025-01-01,S045,ready_to_eat,C7226,discount,0.201,0
2025-01-10,S045,ready_to_eat,C9656,discount,0.221,0
2025-01-13,S045,ready_to_eat,C3067,coupon,0.124,0
2024-01-04,S045,personal_care,C4915,discount,0.149,0
2024-01-12,S045,personal_care,C5810,discount,0.124,1
2024-02-07,S045,personal_care,C2190,coupon,0.147,1
2024-02-23,S045,personal_care,C8989,discount,0.133,1
2024-03-10,S045,personal_care,C7181,discount,0.225,0
2024-03-22,S045,personal_care,C9251,discount,0.162,1
2024-03-26,S045,personal_care,C3486,coupon,0.199,0
2024-04-04,S045,personal_care,C3343,coupon,0.239,0
2024-04-21,S045,personal_care,C3714,discount,0.05,0
2024-04-23,S045,personal_care,C3258,discount,0.284,1
2024-05-04,S045,personal_care,C9239,coupon,0.183,1
2024-05-10,S045,personal_care,C5406,bundle,0.267,0
2024-05-24,S045,personal_care,C1530,bundle,0.282,1
2024-05-31,S045,personal_care,C4699,free_delivery,0.066,1
2024-06-13,S045,personal_care,C5689,coupon,0.14,0
2024-06-28,S045,personal_care,C8233,coupon,0.05,1
2024-07-24,S045,personal_care,C8724,bundle,0.143,1
2024-08-03,S045,personal_care,C8082,bundle,0.215,1
2024-08-04,S045,personal_care,C3863,bundle,0.254,0
2024-08-11,S045,personal_care,C1442,coupon,0.202,1
2024-08-13,S045,personal_care,C8498,bundle,0.088,1
2024-08-22,S045,personal_care,C9012,discount,0.287,0
2024-08-23,S045,personal_care,C1779,bundle,0.222,1
2024-08-25,S045,personal_care,C6528,discount,0.178,0
2024-08-27,S045,personal_care,C4069,coupon,0.148,0
2024-08-31,S045,personal_care,C9548,discount,0.243,0
2024-09-04,S045,personal_care,C3560,discount,0.21,1
2024-09-08,S045,personal_care,C6366,free_delivery,0.165,0
2024-09-14,S045,personal_care,C7619,discount,0.223,0
2024-10-16,S045,personal_care,C3395,discount,0.051,1
2024-10-30,S045,personal_care,C5381,discount,0.056,1
2024-11-07,S045,personal_care,C7923,coupon,0.21,1
2024-11-08,S045,personal_care,C8183,coupon,0.178,0
2024-11-16,S045,personal_care,C2164,discount,0.165,1
2024-11-25,S045,personal_care,C9927,discount,0.187,1
2024-12-23,S045,personal_care,C3891,coupon,0.161,0
2024-12-24,S045,personal_care,C4082,bundle,0.083,1
2024-12-28,S045,personal_care,C9804,discount,0.279,1
2025-01-27,S045,personal_care,C4033,discount,0.237,0
2024-01-02,S046,beverages,C1976,coupon,0.128,1
2024-01-06,S046,beverages,C7254,coupon,0.13,0
2024-01-11,S046,beverages,C3672,coupon,0.224,0
2024-01-19,S046,beverages,C6907,free_delivery,0.05,1
2024-01-24,S046,beverages,C8712,discount,0.15,0
2024-02-01,S046,beverages,C2439,bundle,0.178,1
2024-02-09,S046,beverages,C6361,coupon,0.196,1
2024-02-11,S046,beverages,C6518,coupon,0.13,1
2024-02-12,S046,beverages,C7197,bundle,0.212,0
2024-02-13,S046,beverages,C6052,discount,0.114,1
2024-03-08,S046,beverages,C8772,discount,0.144,1
2024-03-18,S046,beverages,C7500,discount,0.225,1
2024-03-25,S046,beverages,C5477,discount,0.263,0
2024-04-04,S046,beverages,C8375,bundle,0.193,1
2024-04-09,S046,beverages,C8111,coupon,0.068,0
2024-04-19,S046,beverages,C1119,discount,0.137,0
2024-05-01,S046,beverages,C8960,free_delivery,0.165,1
2024-05-26,S046,beverages,C5072,coupon,0.265,0
2024-05-30,S046,beverages,C8108,free_delivery,0.169,0
2024-06-02,S046,beverages,C9823,free_delivery,0.081,0
2024-06-26,S046,beverages,C7772,bundle,0.197,1
2024-06-30,S046,beverages,C9091,discount,0.189,0
2024-07-03,S046,beverages,C6499,coupon,0.087,1
2024-07-11,S046,beverages,C9639,discount,0.151,0
2024-07-19,S046,beverages,C6475,coupon,0.265,0
2024-07-20,S046,beverages,C5317,discount,0.183,1
2024-07-28,S046,beverages,C9765,bundle,0.291,1
2024-08-01,S046,beverages,C3259,bundle,0.201,1
2024-08-11,S046,beverages,C4784,coupon,0.152,1
2024-08-24,S046,beverages,C5014,discount,0.172,0
2024-08-26,S046,beverages,C5936,bundle,0.17,0
2024-09-01,S046,beverages,C3858,discount,0.151,0
2024-09-29,S046,beverages,C4266,free_delivery,0.253,0
2024-10-01,S046,beverages,C5668,discount,0.05,1
2024-10-04,S046,beverages,C3433,free_delivery,0.2,1
2024-10-05,S046,beverages,C4588,discount,0.15,0
2024-10-26,S046,beverages,C1100,discount,0.184,0
2024-11-01,S046,beverages,C2890,discount,0.149,0
2024-11-09,S046,beverages,C3310,free_delivery,0.257,1
2024-11-10,S046,beverages,C6495,discount,0.207,0
2024-11-11,S046,beverages,C5195,discount,0.172,0
2024-11-13,S046,beverages,C4785,discount,0.181,1
2024-11-16,S046,beverages,C7340,bundle,0.192,0
2024-11-18,S046,beverages,C8894,coupon,0.123,0
2024-12-12,S046,beverages,C2372,coupon,0.19,0
2024-12-20,S046,beverages,C8516,bundle,0.169,0
2024-12-23,S046,beverages,C8444,bundle,0.219,0
2025-01-06,S046,beverages,C2162,bundle,0.195,0
2025-01-14,S046,beverages,C9504,free_delivery,0.181,1
2025-01-16,S046,beverages,C5967,discount,0.291,1
2024-01-25,S046,snacks,C4358,discount,0.088,0
2024-02-02,S046,snacks,C4759,coupon,0.225,0
2024-02-03,S046,snacks,C3657,free_delivery,0.258,0
2024-02-07,S046,snacks,C1138,coupon,0.268,1
2024-03-14,S046,snacks,C2989,free_delivery,0.092,0
2024-03-25,S046,snacks,C6594,discount,0.234,1
2024-03-29,S046,snacks,C2244,discount,0.093,0
2024-04-05,S046,snacks,C9425,discount,0.062,0
2024-04-08,S046,snacks,C4612,free_delivery,0.231,1
2024-04-13,S046,snacks,C9685,coupon,0.254,0
2024-04-14,S046,snacks,C2933,free_delivery,0.08,0
2024-04-30,S046,snacks,C3128,discount,0.06,1
2024-05-13,S046,snacks,C4737,free_delivery,0.198,1
2024-05-16,S046,snacks,C2814,bundle,0.192,0
2024-05-23,S046,snacks,C3475,bundle,0.114,0
2024-05-28,S046,snacks,C1860,coupon,0.182,1
2024-06-07,S046,snacks,C4380,coupon,0.225,0
2024-06-12,S046,snacks,C4239,free_delivery,0.157,1
2024-06-16,S046,snacks,C3468,coupon,0.181,1
2024-06-17,S046,snacks,C1951,free_delivery,0.073,1
2024-06-21,S046,snacks,C4178,discount,0.156,1
2024-06-22,S046,snacks,C1923,discount,0.142,0
2024-06-24,S046,snacks,C3303,free_delivery,0.231,1
2024-06-30,S046,snacks,C8574,free_delivery,0.205,0
2024-07-01,S046,snacks,C5801,discount,0.142,0
2024-07-08,S046,snacks,C1873,coupon,0.268,1
2024-07-20,S046,snacks,C6166,coupon,0.14,1
2024-07-26,S046,snacks,C7093,bundle,0.167,1
2024-08-11,S046,snacks,C7901,coupon,0.216,1
2024-09-02,S046,snacks,C6363,discount,0.104,0
2024-09-20,S046,snacks,C2438,coupon,0.178,0
2024-10-03,S046,snacks,C9463,discount,0.186,0
2024-10-18,S046,snacks,C7270,bundle,0.34,1
2024-10-22,S046,snacks,C1997,coupon,0.177,1
2024-10-28,S046,snacks,C1190,discount,0.163,1
2024-10-31,S046,snacks,C6781,discount,0.05,0
2024-11-16,S046,snacks,C2118,bundle,0.196,1
2024-11-17,S046,snacks,C1359,discount,0.155,0
2024-11-24,S046,snacks,C8476,bundle,0.154,0
2024-11-26,S046,snacks,C9905,free_delivery,0.193,0
2024-11-27,S046,snacks,C3563,coupon,0.161,1
2024-11-29,S046,snacks,C9422,free_delivery,0.223,1
2024-12-07,S046,snacks,C5661,discount,0.172,0
2024-12-10,S046,snacks,C3512,discount,0.258,1
2024-12-15,S046,snacks,C1332,free_delivery,0.14,0
2024-12-16,S046,snacks,C9491,bundle,0.184,0
2024-12-17,S046,snacks,C5191,free_delivery,0.123,1
2024-12-20,S046,snacks,C2588,coupon,0.157,0
2024-12-21,S046,snacks,C7500,coupon,0.127,1
2024-12-22,S046,snacks,C6928,coupon,0.192,1
2024-12-25,S046,snacks,C1284,coupon,0.158,1
2024-12-31,S046,snacks,C9904,coupon,0.05,0
2025-01-10,S046,snacks,C7343,discount,0.358,1
2025-01-12,S046,snacks,C6982,discount,0.178,0
2025-01-15,S046,snacks,C2374,discount,0.102,1
2024-01-01,S046,fresh,C1757,discount,0.124,0
2024-01-06,S046,fresh,C7231,discount,0.205,0
2024-01-11,S046,fresh,C8105,discount,0.224,1
2024-01-26,S046,fresh,C8967,bundle,0.22,1
2024-02-09,S046,fresh,C9559,discount,0.252,0
2024-02-11,S046,fresh,C8331,coupon,0.218,0
2024-02-17,S046,fresh,C5896,discount,0.301,1
2024-05-07,S046,fresh,C4301,coupon,0.194,0
2024-05-12,S046,fresh,C7368,coupon,0.184,0
2024-06-07,S046,fresh,C3154,bundle,0.305,1
2024-06-08,S046,fresh,C2977,coupon,0.291,1
2024-06-10,S046,fresh,C4746,discount,0.126,1
2024-06-21,S046,fresh,C4263,coupon,0.222,0
2024-06-22,S046,fresh,C5434,discount,0.127,1
2024-07-16,S046,fresh,C6695,coupon,0.238,1
2024-08-07,S046,fresh,C2179,bundle,0.13,0
2024-09-03,S046,fresh,C4538,free_delivery,0.273,0
2024-09-21,S046,fresh,C6146,coupon,0.196,1
2024-09-29,S046,fresh,C7233,bundle,0.227,1
2024-10-02,S046,fresh,C5888,bundle,0.09,0
2024-10-04,S046,fresh,C3060,discount,0.236,0
2024-10-15,S046,fresh,C6728,bundle,0.05,0
2024-10-17,S046,fresh,C8625,coupon,0.248,1
2024-10-25,S046,fresh,C8994,discount,0.075,1
2024-11-06,S046,fresh,C8876,discount,0.198,0
2024-11-12,S046,fresh,C5226,discount,0.215,1
2024-12-01,S046,fresh,C6463,discount,0.094,0
2024-12-04,S046,fresh,C9813,discount,0.057,0
2024-12-10,S046,fresh,C1062,coupon,0.286,0
2024-12-20,S046,fresh,C1462,discount,0.201,1
2024-12-21,S046,fresh,C9067,discount,0.223,1
2024-12-27,S046,fresh,C4357,coupon,0.208,1
2024-12-29,S046,fresh,C7703,coupon,0.273,0
2024-12-31,S046,fresh,C8702,coupon,0.171,1
2024-01-05,S046,household,C3731,discount,0.21,0
2024-01-18,S046,household,C3999,discount,0.144,1
2024-01-28,S046,household,C5568,bundle,0.067,0
2024-01-31,S046,household,C2607,coupon,0.064,0
2024-02-10,S046,household,C7334,coupon,0.241,1
2024-02-13,S046,household,C5528,coupon,0.224,0
2024-02-16,S046,household,C8117,discount,0.179,0
2024-03-03,S046,household,C5350,free_delivery,0.17,0
2024-03-21,S046,household,C8535,coupon,0.23,0
2024-03-30,S046,household,C4192,discount,0.113,0
2024-04-15,S046,household,C3826,discount,0.31,0
2024-05-17,S046,household,C7155,discount,0.122,0
2024-05-24,S046,household,C8101,discount,0.227,0
2024-06-02,S046,household,C4813,free_delivery,0.168,0
2024-06-11,S046,household,C8630,free_delivery,0.232,0
2024-07-07,S046,household,C3134,coupon,0.1,0
2024-07-18,S046,household,C6823,free_delivery,0.174,0
2024-07-25,S046,household,C9008,discount,0.219,1
2024-08-04,S046,household,C6493,discount,0.151,0
2024-09-19,S046,household,C7199,coupon,0.252,0
2024-10-03,S046,household,C6900,bundle,0.253,0
2024-10-04,S046,household,C6858,discount,0.22,0
2024-10-06,S046,household,C3962,discount,0.194,0
2024-10-13,S046,household,C5081,coupon,0.256,0
2024-10-24,S046,household,C2076,coupon,0.157,1
2024-10-28,S046,household,C5691,discount,0.138,0
2024-11-13,S046,household,C7044,bundle,0.235,0
2025-01-13,S046,household,C2945,free_delivery,0.166,1
2025-01-18,S046,household,C6205,bundle,0.194,0
2025-01-22,S046,household,C8358,bundle,0.165,0
2024-01-03,S046,ready_to_eat,C9753,free_delivery,0.206,0
2024-01-05,S046,ready_to_eat,C4524,bundle,0.14,0
2024-01-10,S046,ready_to_eat,C4708,discount,0.105,0
2024-01-12,S046,ready_to_eat,C7285,coupon,0.176,0
2024-01-13,S046,ready_to_eat,C6073,discount,0.249,0
2024-01-18,S046,ready_to_eat,C5175,free_delivery,0.314,0
2024-01-27,S046,ready_to_eat,C3672,free_delivery,0.115,0
2024-02-07,S046,ready_to_eat,C7790,discount,0.17,0
2024-02-08,S046,ready_to_eat,C9277,discount,0.213,1
2024-02-27,S046,ready_to_eat,C3440,discount,0.138,1
2024-03-04,S046,ready_to_eat,C7365,coupon,0.16,0
2024-03-06,S046,ready_to_eat,C4791,discount,0.148,1
2024-03-15,S046,ready_to_eat,C7576,coupon,0.211,1
2024-03-16,S046,ready_to_eat,C1161,bundle,0.149,0
2024-03-18,S046,ready_to_eat,C6094,bundle,0.281,1
2024-03-30,S046,ready_to_eat,C3644,discount,0.292,0
2024-04-06,S046,ready_to_eat,C3210,discount,0.15,0
2024-04-21,S046,ready_to_eat,C6244,free_delivery,0.229,1
2024-04-22,S046,ready_to_eat,C3742,coupon,0.05,1
2024-04-27,S046,ready_to_eat,C6682,free_delivery,0.138,0
2024-05-03,S046,ready_to_eat,C8737,free_delivery,0.133,1
2024-05-10,S046,ready_to_eat,C1973,coupon,0.181,1
2024-05-12,S046,ready_to_eat,C6497,discount,0.084,0
2024-05-14,S046,ready_to_eat,C6940,coupon,0.237,1
2024-06-08,S046,ready_to_eat,C5501,discount,0.18,0
2024-06-24,S046,ready_to_eat,C2285,discount,0.232,1
2024-06-29,S046,ready_to_eat,C3036,free_delivery,0.063,1
2024-06-30,S046,ready_to_eat,C9326,free_delivery,0.257,1
2024-07-17,S046,ready_to_eat,C2317,bundle,0.193,0
2024-08-09,S046,ready_to_eat,C6253,free_delivery,0.149,1
2024-08-30,S046,ready_to_eat,C4057,bundle,0.05,0
2024-09-07,S046,ready_to_eat,C6651,discount,0.069,1
2024-09-16,S046,ready_to_eat,C2181,coupon,0.248,1
2024-09-19,S046,ready_to_eat,C7872,bundle,0.094,0
2024-10-08,S046,ready_to_eat,C6212,coupon,0.141,0
2024-10-15,S046,ready_to_eat,C5942,discount,0.096,0
2024-10-19,S046,ready_to_eat,C7115,coupon,0.082,0
2024-10-21,S046,ready_to_eat,C2581,coupon,0.159,1
2024-10-23,S046,ready_to_eat,C6905,discount,0.186,1
2024-10-26,S046,ready_to_eat,C1254,coupon,0.276,1
2024-10-29,S046,ready_to_eat,C2919,coupon,0.171,0
2024-11-01,S046,ready_to_eat,C7107,discount,0.107,0
2024-11-07,S046,ready_to_eat,C3649,coupon,0.182,0
2024-11-09,S046,ready_to_eat,C5369,free_delivery,0.198,0
2024-11-11,S046,ready_to_eat,C5099,discount,0.213,1
2024-11-28,S046,ready_to_eat,C1440,coupon,0.274,0
2024-12-03,S046,ready_to_eat,C1328,discount,0.073,0
2024-12-06,S046,ready_to_eat,C8777,discount,0.188,0
2024-12-15,S046,ready_to_eat,C8738,discount,0.113,0
2024-12-17,S046,ready_to_eat,C1444,free_delivery,0.211,0
2024-12-24,S046,ready_to_eat,C9726,discount,0.213,0
2024-12-25,S046,ready_to_eat,C2826,discount,0.103,0
2024-12-27,S046,ready_to_eat,C2129,bundle,0.095,0
2025-01-18,S046,ready_to_eat,C6072,coupon,0.22,1
2024-01-05,S046,personal_care,C4692,free_delivery,0.161,1
2024-01-07,S046,personal_care,C4022,discount,0.245,0
2024-01-13,S046,personal_care,C7098,discount,0.214,1
2024-01-22,S046,personal_care,C3485,coupon,0.158,0
2024-02-08,S046,personal_care,C2397,coupon,0.215,0
2024-02-10,S046,personal_care,C9109,coupon,0.193,0
2024-02-11,S046,personal_care,C1563,coupon,0.05,0
2024-02-14,S046,personal_care,C6593,free_delivery,0.292,0
2024-02-18,S046,personal_care,C5652,bundle,0.196,0
2024-03-09,S046,personal_care,C9880,coupon,0.169,1
2024-03-24,S046,personal_care,C1500,coupon,0.168,1
2024-04-21,S046,personal_care,C7701,bundle,0.166,0
2024-04-22,S046,personal_care,C7957,discount,0.175,0
2024-04-24,S046,personal_care,C2637,bundle,0.257,1
2024-05-19,S046,personal_care,C9021,free_delivery,0.125,1
2024-05-29,S046,personal_care,C7446,discount,0.191,0
2024-06-24,S046,personal_care,C8605,free_delivery,0.206,0
2024-07-07,S046,personal_care,C9623,bundle,0.15,1
2024-07-12,S046,personal_care,C7762,bundle,0.248,0
2024-08-13,S046,personal_care,C6124,coupon,0.121,1
2024-08-24,S046,personal_care,C5346,discount,0.147,0
2024-09-06,S046,personal_care,C7414,bundle,0.1,0
2024-09-22,S046,personal_care,C5922,coupon,0.244,1
2024-09-29,S046,personal_care,C5378,discount,0.142,0
2024-10-02,S046,personal_care,C9415,bundle,0.12,1
2024-10-12,S046,personal_care,C5542,free_delivery,0.152,1
2024-10-15,S046,personal_care,C2718,discount,0.115,0
2024-12-31,S046,personal_care,C3386,discount,0.262,0
2025-01-02,S046,personal_care,C8922,discount,0.274,0
2025-01-06,S046,personal_care,C7391,coupon,0.262,0
2025-01-17,S046,personal_care,C9983,discount,0.138,0
2025-01-18,S046,personal_care,C5663,bundle,0.1,0
2024-01-14,S047,beverages,C1802,discount,0.207,0
2024-01-26,S047,beverages,C6614,discount,0.161,1
2024-01-28,S047,beverages,C3035,coupon,0.105,1
2024-01-29,S047,beverages,C4065,coupon,0.296,0
2024-02-28,S047,beverages,C8834,bundle,0.247,1
2024-03-11,S047,beverages,C1830,bundle,0.207,0
2024-03-24,S047,beverages,C7973,discount,0.258,0
2024-04-10,S047,beverages,C1508,bundle,0.22,0
2024-04-11,S047,beverages,C9275,discount,0.198,0
2024-04-17,S047,beverages,C6168,free_delivery,0.109,0
2024-04-20,S047,beverages,C2029,discount,0.053,0
2024-04-21,S047,beverages,C7010,discount,0.05,0
2024-04-22,S047,beverages,C1756,bundle,0.172,0
2024-04-30,S047,beverages,C4639,discount,0.284,1
2024-05-06,S047,beverages,C2249,free_delivery,0.19,1
2024-05-08,S047,beverages,C2035,coupon,0.114,0
2024-05-11,S047,beverages,C6186,coupon,0.25,1
2024-05-27,S047,beverages,C9541,discount,0.175,1
2024-05-29,S047,beverages,C9589,discount,0.196,1
2024-06-07,S047,beverages,C3747,coupon,0.12,0
2024-06-11,S047,beverages,C2490,bundle,0.278,1
2024-06-12,S047,beverages,C3691,free_delivery,0.345,0
2024-06-21,S047,beverages,C9497,discount,0.17,0
2024-06-28,S047,beverages,C9371,discount,0.163,0
2024-07-16,S047,beverages,C2819,coupon,0.13,1
2024-08-09,S047,beverages,C5406,discount,0.102,0
2024-08-20,S047,beverages,C3137,bundle,0.163,1
2024-08-23,S047,beverages,C3906,bundle,0.163,1
2024-08-28,S047,beverages,C8322,discount,0.104,0
2024-10-01,S047,beverages,C3443,discount,0.157,1
2024-10-07,S047,beverages,C7920,discount,-0.1,0
2024-10-09,S047,beverages,C9264,discount,0.163,1
2024-10-19,S047,beverages,C3894,discount,0.19,0
2024-10-27,S047,beverages,C6496,discount,0.135,0
2024-10-28,S047,beverages,C8046,discount,0.091,0
2024-11-02,S047,beverages,C6466,discount,0.131,1
2024-11-06,S047,beverages,C7509,discount,0.204,0
2024-11-15,S047,beverages,C7765,discount,0.295,1
2024-11-18,S047,beverages,C6849,free_delivery,0.252,0
2024-11-24,S047,beverages,C7165,discount,0.109,0
2024-12-01,S047,beverages,C8870,bundle,0.333,0
2024-12-12,S047,beverages,C4415,free_delivery,0.05,0
2024-12-22,S047,beverages,C1197,discount,0.263,0
2024-12-29,S047,beverages,C3040,coupon,0.191,0
2024-12-30,S047,beverages,C1188,coupon,0.229,0
2025-01-12,S047,beverages,C5987,discount,0.192,0
2025-01-23,S047,beverages,C5351,discount,0.24,1
2024-01-04,S047,snacks,C2432,coupon,0.323,0
2024-01-12,S047,snacks,C3647,discount,0.139,1
2024-01-13,S047,snacks,C2269,free_delivery,0.257,1
2024-01-29,S047,snacks,C3054,discount,0.11,0
2024-02-06,S047,snacks,C5112,coupon,0.184,0
2024-02-12,S047,snacks,C2838,discount,0.232,0
2024-02-13,S047,snacks,C6801,coupon,0.177,1
2024-02-27,S047,snacks,C1586,bundle,0.175,0
2024-03-08,S047,snacks,C5770,discount,0.214,0
2024-03-21,S047,snacks,C1906,coupon,0.101,0
2024-03-30,S047,snacks,C8033,bundle,0.223,0
2024-04-06,S047,snacks,C4565,discount,0.102,0
2024-04-07,S047,snacks,C2249,coupon,0.22,1
2024-04-14,S047,snacks,C9011,coupon,0.265,1
2024-04-20,S047,snacks,C7245,coupon,0.151,0
2024-04-21,S047,snacks,C9671,coupon,0.184,1
2024-05-01,S047,snacks,C7145,coupon,0.107,0
2024-05-09,S047,snacks,C5331,free_delivery,0.163,0
2024-05-29,S047,snacks,C5786,bundle,0.058,0
2024-06-14,S047,snacks,C2637,discount,0.172,0
2024-06-17,S047,snacks,C4732,coupon,0.182,0
2024-06-18,S047,snacks,C1829,bundle,0.063,0
2024-06-20,S047,snacks,C2214,bundle,0.218,0
2024-06-22,S047,snacks,C7095,discount,0.147,1
2024-06-26,S047,snacks,C8727,free_delivery,0.318,0
2024-07-01,S047,snacks,C7853,free_delivery,0.156,0
2024-07-18,S047,snacks,C1803,discount,0.2,1
2024-07-20,S047,snacks,C1494,discount,0.219,0
2024-08-03,S047,snacks,C2083,discount,0.125,0
2024-09-10,S047,snacks,C2604,coupon,0.183,1
2024-09-12,S047,snacks,C1297,free_delivery,0.215,0
2024-09-16,S047,snacks,C5207,bundle,0.323,0
2024-09-21,S047,snacks,C7795,free_delivery,0.138,1
2024-10-03,S047,snacks,C6334,bundle,0.163,1
2024-10-05,S047,snacks,C3935,coupon,0.205,0
2024-10-07,S047,snacks,C3492,discount,0.266,0
2024-10-18,S047,snacks,C1520,discount,0.17,1
2024-10-26,S047,snacks,C2682,coupon,0.145,1
2024-11-10,S047,snacks,C8151,coupon,0.168,1
2024-11-11,S047,snacks,C5009,bundle,0.298,0
2024-11-17,S047,snacks,C1577,discount,0.2,0
2024-11-27,S047,snacks,C3097,free_delivery,0.117,0
2024-12-01,S047,snacks,C5769,coupon,0.101,0
2024-12-15,S047,snacks,C4285,discount,0.115,1
2024-12-18,S047,snacks,C4063,coupon,0.215,1
2024-12-24,S047,snacks,C8717,discount,0.187,0
2024-12-29,S047,snacks,C4405,discount,0.323,0
2025-01-11,S047,snacks,C8660,discount,0.05,1
2025-01-19,S047,snacks,C8632,discount,0.134,1
2024-02-09,S047,fresh,C2751,discount,0.197,0
2024-03-06,S047,fresh,C7499,coupon,0.172,1
2024-03-16,S047,fresh,C7665,discount,0.222,0
2024-04-17,S047,fresh,C8489,discount,0.245,0
2024-04-28,S047,fresh,C2328,coupon,0.194,0
2024-05-02,S047,fresh,C8983,discount,0.2,0
2024-05-06,S047,fresh,C4445,discount,0.299,0
2024-05-17,S047,fresh,C2405,discount,0.184,0
2024-06-07,S047,fresh,C9321,discount,0.053,0
2024-07-02,S047,fresh,C2333,coupon,0.197,0
2024-07-07,S047,fresh,C6256,discount,0.177,1
2024-08-03,S047,fresh,C4147,discount,0.257,0
2024-09-02,S047,fresh,C7760,discount,0.273,1
2024-09-29,S047,fresh,C7273,discount,0.212,1
2024-10-04,S047,fresh,C2433,discount,0.334,1
2024-10-18,S047,fresh,C8538,bundle,0.155,0
2024-11-13,S047,fresh,C1171,bundle,0.274,0
2024-12-11,S047,fresh,C4057,coupon,0.142,0
2024-12-12,S047,fresh,C4665,bundle,0.208,0
2024-12-15,S047,fresh,C6016,discount,0.093,0
2024-12-21,S047,fresh,C3539,discount,0.183,0
2024-12-31,S047,fresh,C4495,bundle,0.234,1
2025-01-07,S047,fresh,C5161,coupon,0.088,1
2024-01-06,S047,household,C6397,free_delivery,0.109,1
2024-01-20,S047,household,C3887,bundle,0.118,0
2024-02-13,S047,household,C7750,coupon,0.066,0
2024-03-01,S047,household,C4214,coupon,0.094,1
2024-03-19,S047,household,C1664,coupon,0.111,1
2024-04-07,S047,household,C2666,discount,0.168,0
2024-04-24,S047,household,C2648,free_delivery,0.173,0
2024-04-25,S047,household,C3808,bundle,0.195,0
2024-05-01,S047,household,C3930,coupon,0.27,0
2024-05-02,S047,household,C8185,free_delivery,0.156,0
2024-05-15,S047,household,C9821,coupon,0.122,1
2024-05-23,S047,household,C3177,bundle,0.263,1
2024-06-07,S047,household,C4019,bundle,0.195,0
2024-06-20,S047,household,C4513,coupon,0.188,0
2024-06-23,S047,household,C2414,free_delivery,0.07,1
2024-06-25,S047,household,C3011,bundle,0.078,0
2024-07-08,S047,household,C1828,discount,0.308,0
2024-07-20,S047,household,C2435,coupon,0.082,0
2024-07-26,S047,household,C4949,discount,0.238,0
2024-08-02,S047,household,C6819,bundle,0.204,1
2024-08-05,S047,household,C3115,discount,0.242,1
2024-08-09,S047,household,C5741,discount,0.124,0
2024-08-31,S047,household,C9655,discount,0.134,0
2024-09-29,S047,household,C5339,bundle,0.169,0
2024-10-20,S047,household,C7178,bundle,0.139,1
2024-10-24,S047,household,C2320,discount,0.185,1
2024-12-03,S047,household,C4033,discount,0.061,0
2024-12-05,S047,household,C9964,coupon,0.249,0
2025-01-01,S047,household,C9444,bundle,0.17,0
2025-01-03,S047,household,C9766,coupon,0.201,1
2024-01-09,S047,ready_to_eat,C1547,coupon,0.142,1
2024-01-22,S047,ready_to_eat,C8178,free_delivery,0.169,1
2024-01-23,S047,ready_to_eat,C9239,coupon,0.163,1
2024-02-14,S047,ready_to_eat,C7533,discount,0.211,1
2024-03-10,S047,ready_to_eat,C5894,discount,0.16,1
2024-04-06,S047,ready_to_eat,C6398,coupon,0.177,0
2024-04-07,S047,ready_to_eat,C1302,discount,0.209,0
2024-04-12,S047,ready_to_eat,C7409,coupon,0.067,1
2024-04-28,S047,ready_to_eat,C1951,discount,0.085,0
2024-05-05,S047,ready_to_eat,C4981,bundle,0.127,0
2024-05-07,S047,ready_to_eat,C2139,coupon,0.164,0
2024-05-10,S047,ready_to_eat,C7405,discount,0.145,1
2024-05-17,S047,ready_to_eat,C6072,free_delivery,0.265,1
2024-05-20,S047,ready_to_eat,C1959,discount,0.157,1
2024-05-24,S047,ready_to_eat,C8583,free_delivery,0.258,1
2024-05-25,S047,ready_to_eat,C5070,coupon,0.236,0
2024-06-06,S047,ready_to_eat,C9834,discount,0.178,0
2024-06-15,S047,ready_to_eat,C9113,coupon,0.063,0
2024-06-27,S047,ready_to_eat,C7474,discount,0.297,1
2024-07-03,S047,ready_to_eat,C9387,discount,0.202,1
2024-07-09,S047,ready_to_eat,C7578,bundle,0.183,1
2024-07-10,S047,ready_to_eat,C6338,coupon,0.293,1
2024-07-19,S047,ready_to_eat,C2031,free_delivery,0.28,1
2024-07-25,S047,ready_to_eat,C5009,coupon,0.131,0
2024-07-28,S047,ready_to_eat,C5804,discount,0.219,0
2024-08-06,S047,ready_to_eat,C3139,discount,0.234,1
2024-08-12,S047,ready_to_eat,C5503,bundle,0.222,1
2024-08-17,S047,ready_to_eat,C3735,discount,0.217,1
2024-08-25,S047,ready_to_eat,C5166,coupon,0.23,0
2024-08-26,S047,ready_to_eat,C2449,free_delivery,0.255,0
2024-09-02,S047,ready_to_eat,C9159,discount,0.304,0
2024-09-18,S047,ready_to_eat,C3272,discount,0.074,1
2024-10-02,S047,ready_to_eat,C9165,coupon,0.158,0
2024-10-06,S047,ready_to_eat,C2780,bundle,0.189,0
2024-10-15,S047,ready_to_eat,C8022,discount,0.185,1
2024-10-17,S047,ready_to_eat,C1556,coupon,0.143,0
2024-10-19,S047,ready_to_eat,C8095,discount,0.143,0
2024-11-07,S047,ready_to_eat,C8810,discount,0.268,0
2024-12-05,S047,ready_to_eat,C4001,discount,0.211,1
2024-12-10,S047,ready_to_eat,C9097,discount,0.209,1
2024-12-16,S047,ready_to_eat,C2588,coupon,0.089,0
2024-12-24,S047,ready_to_eat,C5768,discount,0.05,0
2024-12-27,S047,ready_to_eat,C5982,coupon,0.21,0
2025-01-01,S047,ready_to_eat,C8284,free_delivery,0.179,0
2025-01-04,S047,ready_to_eat,C5982,discount,0.206,0
2025-01-05,S047,ready_to_eat,C2243,discount,0.363,1
2025-01-10,S047,ready_to_eat,C7424,free_delivery,0.153,0
2025-01-12,S047,ready_to_eat,C3670,discount,0.187,0
2024-01-07,S047,personal_care,C4583,discount,0.147,0
2024-01-19,S047,personal_care,C1976,discount,0.09,0
2024-01-24,S047,personal_care,C3968,discount,0.209,1
2024-01-25,S047,personal_care,C4041,discount,0.251,0
2024-01-27,S047,personal_care,C6471,coupon,0.226,1
2024-02-10,S047,personal_care,C4602,free_delivery,0.279,1
2024-02-25,S047,personal_care,C1612,discount,0.158,0
2024-02-26,S047,personal_care,C1019,discount,0.105,1
2024-03-16,S047,personal_care,C1051,discount,0.28,0
2024-03-28,S047,personal_care,C6524,coupon,0.136,0
2024-04-07,S047,personal_care,C4903,coupon,0.327,0
2024-04-12,S047,personal_care,C4668,discount,0.067,0
2024-05-02,S047,personal_care,C2628,coupon,0.278,1
2024-05-03,S047,personal_care,C6380,free_delivery,0.266,1
2024-05-05,S047,personal_care,C7653,bundle,0.166,1
2024-05-13,S047,personal_care,C7800,bundle,0.286,0
2024-05-16,S047,personal_care,C5009,free_delivery,0.159,0
2024-05-19,S047,personal_care,C1461,discount,0.071,1
2024-05-26,S047,personal_care,C8703,discount,0.169,1
2024-06-01,S047,personal_care,C7794,free_delivery,0.211,1
2024-06-05,S047,personal_care,C1965,discount,0.235,0
2024-06-06,S047,personal_care,C4180,coupon,0.228,1
2024-06-09,S047,personal_care,C2024,discount,0.202,0
2024-06-11,S047,personal_care,C3581,discount,0.225,0
2024-06-27,S047,personal_care,C1022,discount,0.087,0
2024-06-29,S047,personal_care,C1938,coupon,0.155,0
2024-07-07,S047,personal_care,C3383,free_delivery,0.249,0
2024-07-21,S047,personal_care,C2943,discount,0.119,1
2024-08-15,S047,personal_care,C2328,coupon,0.206,1
2024-08-18,S047,personal_care,C9579,discount,0.188,0
2024-09-07,S047,personal_care,C9432,bundle,0.211,0
2024-09-21,S047,personal_care,C2034,free_delivery,0.247,1
2024-10-01,S047,personal_care,C1644,discount,0.138,1
2024-10-04,S047,personal_care,C5365,discount,0.24,1
2024-10-05,S047,personal_care,C3522,discount,0.075,1
2024-10-06,S047,personal_care,C7731,coupon,0.233,1
2024-10-11,S047,personal_care,C8633,discount,0.188,1
2024-10-24,S047,personal_care,C5772,free_delivery,0.182,0
2024-10-26,S047,personal_care,C6494,coupon,0.186,0
2024-11-19,S047,personal_care,C3641,discount,0.266,0
2024-12-02,S047,personal_care,C7335,free_delivery,0.199,1
2024-12-15,S047,personal_care,C1182,bundle,0.201,0
2024-12-25,S047,personal_care,C3103,coupon,0.203,0
2025-01-22,S047,personal_care,C8331,discount,0.28,1
2024-01-09,S048,beverages,C4686,discount,0.151,0
2024-01-11,S048,beverages,C8953,free_delivery,0.05,1
2024-01-17,S048,beverages,C4273,free_delivery,0.149,0
2024-01-23,S048,beverages,C6483,discount,0.308,0
2024-01-24,S048,beverages,C6124,discount,0.134,1
2024-02-01,S048,beverages,C3261,discount,0.158,1
2024-02-04,S048,beverages,C8299,bundle,0.077,0
2024-02-13,S048,beverages,C9693,bundle,0.178,0
2024-02-15,S048,beverages,C8085,coupon,0.115,0
2024-02-24,S048,beverages,C2617,coupon,0.05,1
2024-03-01,S048,beverages,C3753,discount,0.219,0
2024-03-02,S048,beverages,C4543,free_delivery,0.221,1
2024-03-03,S048,beverages,C3262,bundle,0.192,1
2024-03-06,S048,beverages,C2224,bundle,0.109,0
2024-03-16,S048,beverages,C3712,free_delivery,0.138,0
2024-04-02,S048,beverages,C6437,discount,0.201,1
2024-04-05,S048,beverages,C1591,coupon,0.256,1
2024-04-08,S048,beverages,C5371,coupon,0.219,0
2024-04-20,S048,beverages,C4219,bundle,0.224,0
2024-04-24,S048,beverages,C7123,discount,0.16,0
2024-05-07,S048,beverages,C6820,coupon,0.087,1
2024-05-17,S048,beverages,C1829,coupon,0.212,1
2024-05-18,S048,beverages,C7572,coupon,0.103,1
2024-05-22,S048,beverages,C5595,coupon,0.112,1
2024-05-24,S048,beverages,C9817,bundle,0.207,1
2024-05-26,S048,beverages,C8460,bundle,0.201,1
2024-05-31,S048,beverages,C2801,discount,0.154,0
2024-06-02,S048,beverages,C8284,free_delivery,0.197,0
2024-06-11,S048,beverages,C4720,discount,0.294,0
2024-06-27,S048,beverages,C9061,discount,0.129,1
2024-06-29,S048,beverages,C2997,discount,0.106,0
2024-07-08,S048,beverages,C1083,free_delivery,0.203,0
2024-07-10,S048,beverages,C5156,discount,0.222,0
2024-07-28,S048,beverages,C9455,discount,0.12,0
2024-08-06,S048,beverages,C5653,free_delivery,0.122,0
2024-08-16,S048,beverages,C8592,discount,0.299,0
2024-08-20,S048,beverages,C9647,coupon,0.22,1
2024-08-30,S048,beverages,C5319,discount,0.183,0
2024-08-31,S048,beverages,C3739,coupon,0.149,0
2024-09-02,S048,beverages,C6161,discount,0.301,0
2024-09-19,S048,beverages,C8280,discount,0.152,0
2024-10-09,S048,beverages,C2208,discount,0.195,1
2024-10-23,S048,beverages,C5227,bundle,0.118,1
2024-10-27,S048,beverages,C4255,bundle,0.102,1
2024-11-02,S048,beverages,C5621,free_delivery,0.16,1
2024-11-30,S048,beverages,C1481,discount,0.191,0
2024-12-04,S048,beverages,C9421,discount,0.225,0
2024-12-22,S048,beverages,C4108,discount,0.183,0
2024-12-24,S048,beverages,C4161,coupon,0.142,0
2025-01-07,S048,beverages,C7881,bundle,0.156,0
2025-01-16,S048,beverages,C5342,discount,0.05,0
2024-01-09,S048,snacks,C3704,discount,0.161,1
2024-01-12,S048,snacks,C1414,discount,0.174,1
2024-01-15,S048,snacks,C6106,coupon,0.135,0
2024-01-29,S048,snacks,C5808,discount,0.255,1
2024-02-03,S048,snacks,C3345,free_delivery,0.147,0
2024-02-17,S048,snacks,C6471,bundle,0.105,1
2024-03-01,S048,snacks,C3488,free_delivery,0.211,0
2024-03-03,S048,snacks,C8877,coupon,0.083,1
2024-03-06,S048,snacks,C7022,free_delivery,0.256,0
2024-03-15,S048,snacks,C5247,bundle,-0.1,0
2024-03-21,S048,snacks,C1946,discount,0.078,0
2024-03-27,S048,snacks,C2829,bundle,0.155,0
2024-04-05,S048,snacks,C2333,free_delivery,0.183,0
2024-04-07,S048,snacks,C9483,free_delivery,0.208,1
2024-04-14,S048,snacks,C5396,discount,0.181,0
2024-04-17,S048,snacks,C6683,free_delivery,0.248,0
2024-04-21,S048,snacks,C7596,coupon,0.228,0
2024-04-22,S048,snacks,C4521,coupon,0.133,0
2024-04-23,S048,snacks,C5541,bundle,0.09,0
2024-04-27,S048,snacks,C2912,discount,0.098,0
2024-05-02,S048,snacks,C9743,discount,0.063,1
2024-05-06,S048,snacks,C3938,bundle,0.26,1
2024-05-08,S048,snacks,C1358,coupon,0.05,0
2024-05-12,S048,snacks,C3860,bundle,0.189,0
2024-05-17,S048,snacks,C9637,discount,0.298,0
2024-05-21,S048,snacks,C2908,bundle,0.222,0
2024-06-11,S048,snacks,C5915,discount,0.125,0
2024-06-12,S048,snacks,C4872,discount,0.286,0
2024-06-15,S048,snacks,C9421,discount,0.176,1
2024-06-29,S048,snacks,C5302,free_delivery,0.102,0
2024-07-25,S048,snacks,C4995,discount,0.074,0
2024-07-27,S048,snacks,C4308,coupon,0.181,1
2024-08-01,S048,snacks,C4408,free_delivery,0.216,1
2024-08-03,S048,snacks,C9144,coupon,0.219,0
2024-08-07,S048,snacks,C2791,discount,0.23,1
2024-08-16,S048,snacks,C4823,discount,0.19,0
2024-08-21,S048,snacks,C5414,bundle,0.138,1
2024-09-04,S048,snacks,C6956,coupon,0.19,0
2024-09-06,S048,snacks,C8969,bundle,0.323,0
2024-09-09,S048,snacks,C3526,discount,0.093,1
2024-09-10,S048,snacks,C4659,coupon,0.231,1
2024-10-05,S048,snacks,C2176,discount,0.155,1
2024-10-12,S048,snacks,C7554,coupon,0.191,0
2024-10-14,S048,snacks,C3584,coupon,0.146,1
2024-12-17,S048,snacks,C5686,discount,0.1,1
2024-12-22,S048,snacks,C4147,free_delivery,0.129,1
2024-12-31,S048,snacks,C8908,discount,0.159,0
2025-01-05,S048,snacks,C6414,bundle,0.198,0
2025-01-11,S048,snacks,C2469,discount,0.163,0
2025-01-13,S048,snacks,C1701,discount,0.122,1
2025-01-16,S048,snacks,C6180,discount,0.254,0
2025-01-22,S048,snacks,C3288,coupon,0.221,0
2025-01-25,S048,snacks,C9523,free_delivery,0.259,1
2025-01-26,S048,snacks,C7350,coupon,0.153,0
2024-01-10,S048,fresh,C5646,free_delivery,0.137,0
2024-01-25,S048,fresh,C4421,free_delivery,0.239,1
2024-02-02,S048,fresh,C1338,bundle,0.11,1
2024-02-04,S048,fresh,C5967,discount,0.096,0
2024-02-05,S048,fresh,C7242,discount,0.326,1
2024-02-22,S048,fresh,C4744,coupon,0.242,1
2024-02-28,S048,fresh,C5891,bundle,0.161,0
2024-03-07,S048,fresh,C1404,discount,0.137,0
2024-03-13,S048,fresh,C2619,coupon,0.208,1
2024-04-10,S048,fresh,C8820,free_delivery,0.191,0
2024-04-19,S048,fresh,C5007,bundle,0.081,0
2024-04-27,S048,fresh,C6657,coupon,0.2,1
2024-04-28,S048,fresh,C2468,discount,0.222,1
2024-05-26,S048,fresh,C5964,discount,0.125,1
2024-06-10,S048,fresh,C7885,discount,0.159,1
2024-07-10,S048,fresh,C1499,discount,0.192,1
2024-07-21,S048,fresh,C3009,discount,0.237,0
2024-07-28,S048,fresh,C5882,coupon,0.124,0
2024-08-26,S048,fresh,C7381,discount,0.221,0
2024-08-30,S048,fresh,C7665,coupon,0.204,0
2024-08-31,S048,fresh,C6034,free_delivery,0.205,0
2024-09-30,S048,fresh,C9810,free_delivery,0.238,0
2024-11-15,S048,fresh,C3579,free_delivery,0.098,0
2024-11-19,S048,fresh,C2772,coupon,0.346,0
2024-12-01,S048,fresh,C8312,discount,0.073,1
2024-12-18,S048,fresh,C6433,discount,0.208,0
2024-12-19,S048,fresh,C8719,discount,0.145,1
2024-12-29,S048,fresh,C3793,discount,0.21,1
2025-01-07,S048,fresh,C7011,discount,0.08,1
2025-01-23,S048,fresh,C7798,bundle,0.232,1
2024-01-11,S048,household,C4259,coupon,0.133,1
2024-02-14,S048,household,C6436,discount,0.107,1
2024-02-25,S048,household,C4784,free_delivery,0.285,0
2024-03-10,S048,household,C2129,free_delivery,0.324,0
2024-03-15,S048,household,C2928,free_delivery,0.125,0
2024-03-21,S048,household,C6437,free_delivery,0.095,0
2024-03-31,S048,household,C5395,bundle,0.149,1
2024-04-14,S048,household,C2599,discount,0.151,1
2024-04-30,S048,household,C5453,free_delivery,0.211,0
2024-05-16,S048,household,C3189,coupon,0.189,1
2024-05-29,S048,household,C1170,discount,0.101,1
2024-06-11,S048,household,C5077,discount,0.245,1
2024-07-07,S048,household,C6505,discount,0.285,0
2024-07-13,S048,household,C6820,coupon,0.198,0
2024-07-28,S048,household,C7280,discount,0.286,1
2024-08-02,S048,household,C1476,coupon,0.186,1
2024-08-25,S048,household,C4154,coupon,0.259,1
2024-09-01,S048,household,C3453,coupon,0.125,1
2024-09-04,S048,household,C2823,coupon,0.338,0
2024-09-21,S048,household,C4909,discount,0.132,1
2024-10-04,S048,household,C4330,coupon,0.171,0
2024-10-20,S048,household,C1531,free_delivery,0.188,1
2024-10-24,S048,household,C3531,discount,0.226,0
2024-11-08,S048,household,C8064,discount,0.174,0
2024-11-18,S048,household,C7620,coupon,0.188,0
2024-11-24,S048,household,C1222,discount,0.076,0
2024-12-02,S048,household,C4342,bundle,0.133,0
2024-12-15,S048,household,C6385,discount,0.166,0
2025-01-02,S048,household,C9519,free_delivery,0.172,1
2025-01-08,S048,household,C4177,coupon,0.206,0
2024-01-01,S048,ready_to_eat,C1914,free_delivery,0.153,1
2024-01-02,S048,ready_to_eat,C4619,discount,0.091,1
2024-01-19,S048,ready_to_eat,C7927,bundle,0.098,1
2024-01-23,S048,ready_to_eat,C5529,discount,0.202,0
2024-01-31,S048,ready_to_eat,C8473,discount,0.445,1
2024-02-03,S048,ready_to_eat,C9108,bundle,0.165,0
2024-02-04,S048,ready_to_eat,C5784,discount,0.292,0
2024-02-22,S048,ready_to_eat,C9678,bundle,0.16,0
2024-02-24,S048,ready_to_eat,C7709,discount,0.195,0
2024-02-28,S048,ready_to_eat,C4167,discount,0.077,1
2024-03-05,S048,ready_to_eat,C2760,coupon,0.171,1
2024-03-06,S048,ready_to_eat,C2523,discount,0.248,0
2024-03-22,S048,ready_to_eat,C1607,coupon,0.258,0
2024-03-24,S048,ready_to_eat,C7320,discount,0.232,0
2024-04-02,S048,ready_to_eat,C9627,coupon,0.121,0
2024-04-14,S048,ready_to_eat,C1863,coupon,0.232,0
2024-04-22,S048,ready_to_eat,C8649,discount,0.242,0
2024-05-06,S048,ready_to_eat,C9328,discount,0.201,1
2024-05-18,S048,ready_to_eat,C2865,discount,0.166,0
2024-05-19,S048,ready_to_eat,C7369,free_delivery,0.234,0
2024-05-24,S048,ready_to_eat,C1636,bundle,0.138,0
2024-05-26,S048,ready_to_eat,C2814,discount,0.248,1
2024-05-29,S048,ready_to_eat,C6484,free_delivery,0.176,1
2024-05-31,S048,ready_to_eat,C9476,bundle,0.095,1
2024-06-09,S048,ready_to_eat,C9992,coupon,0.214,1
2024-06-16,S048,ready_to_eat,C7924,coupon,0.098,0
2024-06-20,S048,ready_to_eat,C6845,bundle,0.139,1
2024-06-22,S048,ready_to_eat,C2331,free_delivery,0.299,0
2024-07-04,S048,ready_to_eat,C6735,discount,0.144,1
2024-07-08,S048,ready_to_eat,C7406,discount,0.168,0
2024-07-14,S048,ready_to_eat,C9369,free_delivery,0.223,0
2024-07-17,S048,ready_to_eat,C9513,discount,0.356,1
2024-07-27,S048,ready_to_eat,C8187,discount,0.247,0
2024-08-06,S048,ready_to_eat,C9729,free_delivery,0.213,1
2024-08-19,S048,ready_to_eat,C1858,discount,0.223,1
2024-09-11,S048,ready_to_eat,C7747,discount,0.13,1
2024-09-16,S048,ready_to_eat,C4913,discount,0.115,0
2024-10-01,S048,ready_to_eat,C1248,coupon,0.235,0
2024-10-10,S048,ready_to_eat,C9618,discount,0.189,0
2024-10-25,S048,ready_to_eat,C1589,bundle,0.084,1
2024-11-02,S048,ready_to_eat,C9365,discount,0.071,1
2024-11-05,S048,ready_to_eat,C6240,discount,0.204,1
2024-11-22,S048,ready_to_eat,C1993,bundle,0.216,0
2024-11-23,S048,ready_to_eat,C4972,free_delivery,0.134,1
2024-12-05,S048,ready_to_eat,C8017,coupon,0.264,1
2024-12-12,S048,ready_to_eat,C9424,coupon,0.183,1
2024-12-24,S048,ready_to_eat,C7035,free_delivery,0.207,0
2024-12-25,S048,ready_to_eat,C1414,bundle,0.153,1
2025-01-10,S048,ready_to_eat,C9067,discount,0.221,0
2025-01-12,S048,ready_to_eat,C3708,free_delivery,0.216,0
2025-01-21,S048,ready_to_eat,C8819,discount,0.2,0
2025-01-24,S048,ready_to_eat,C9758,discount,0.165,0
2025-01-26,S048,ready_to_eat,C6365,discount,0.293,1
2024-01-06,S048,personal_care,C5211,coupon,0.307,0
2024-01-17,S048,personal_care,C4579,discount,0.239,0
2024-01-24,S048,personal_care,C7559,coupon,0.12,1
2024-02-04,S048,personal_care,C4846,coupon,0.178,1
2024-02-12,S048,personal_care,C1620,coupon,0.29,0
2024-02-22,S048,personal_care,C6944,coupon,0.139,0
2024-03-06,S048,personal_care,C3328,discount,0.152,0
2024-03-08,S048,personal_care,C5186,discount,0.199,0
2024-03-14,S048,personal_care,C8520,discount,0.213,1
2024-03-18,S048,personal_care,C8866,discount,0.064,0
2024-03-26,S048,personal_care,C7962,coupon,0.135,1
2024-04-13,S048,personal_care,C9471,discount,0.288,0
2024-04-15,S048,personal_care,C1424,coupon,0.131,1
2024-05-31,S048,personal_care,C1861,discount,0.258,1
2024-06-06,S048,personal_care,C8832,discount,0.257,0
2024-06-15,S048,personal_care,C1898,discount,0.12,1
2024-06-27,S048,personal_care,C6980,discount,0.388,0
2024-07-08,S048,personal_care,C2457,coupon,0.171,1
2024-07-09,S048,personal_care,C2384,discount,0.118,0
2024-07-14,S048,personal_care,C6981,coupon,0.114,0
2024-07-27,S048,personal_care,C4370,discount,0.234,0
2024-07-31,S048,personal_care,C4847,discount,0.135,0
2024-08-03,S048,personal_care,C1593,free_delivery,0.239,0
2024-08-31,S048,personal_care,C8517,coupon,0.261,0
2024-10-02,S048,personal_care,C3049,discount,0.26,1
2024-10-08,S048,personal_care,C6473,free_delivery,0.221,1
2024-10-09,S048,personal_care,C2811,coupon,0.127,1
2024-10-13,S048,personal_care,C5297,bundle,0.111,1
2024-10-19,S048,personal_care,C9354,coupon,0.064,1
2024-10-28,S048,personal_care,C3775,discount,0.308,0
2024-11-02,S048,personal_care,C7498,free_delivery,0.23,0
2024-11-13,S048,personal_care,C8432,bundle,0.336,1
2024-11-25,S048,personal_care,C2762,free_delivery,0.294,0
2024-11-26,S048,personal_care,C4246,discount,0.05,0
2024-12-13,S048,personal_care,C2681,discount,0.138,1
2024-12-15,S048,personal_care,C2217,discount,0.118,0
2024-12-29,S048,personal_care,C6387,coupon,0.05,1
2025-01-05,S048,personal_care,C6220,discount,0.095,1
2025-01-08,S048,personal_care,C6382,coupon,0.309,1
2025-01-11,S048,personal_care,C6777,coupon,0.291,0
2025-01-15,S048,personal_care,C3372,discount,0.235,1
